Time (h),Fg,RPM,Fs,Fa,Fb,Fc,Fh,Fw,pressure,Fremoved,S,DO2,P,V,Wt,pH,T,Q,CO2outgas,Fpaa,PAA_offline,Foil,NH3_offline,OUR,O2,P_offline,X_offline,CER,NH3_shots,Viscosity_offline,Fault_ref,Control_ref,PAT_ref,Batch_ref,Batch_ref
0.2,30,100,8,0,0,0.0001,148.6797524971053,0,0.6,-0,0.9973220910301337,14.69797532879131,0.001,58526.64180854838,61586.86628821651,6.551072685139181,297.7611405769778,135.8401506462279,0.08853401417678794,5,NaN,22,NaN,0.01307863392976235,0.204764615064669,NaN,NaN,0.03258299306340549,0,NaN,0,0,0,0,1
0.4,30,100,8,0,0,0.0001,47.77198460444677,0,0.6,-0,1.043976469703636,14.66994093629474,0.000999538375022758,58523.96383826893,61588.66639403921,6.529709032276056,297.9075862050459,175.2673155618413,0.1002587000432747,5,NaN,22,NaN,-0.04744162074087264,0.2058674755696439,NaN,NaN,0.0369036339903153,0,NaN,0,0,0,0,1
0.6000000000000001,30,100,8,0,0,0.0001,0.0001,0,0.6,-0,1.089079650114917,14.65125243996208,0.0009990733733569455,58521.26794057534,61590.45147752371,6.50923293302984,297.8887466274458,170.1953524039096,0.1042338170594185,5,NaN,22,NaN,-0.05553232643303239,0.2060096849233734,NaN,NaN,0.0383687957654519,0,NaN,0,0,0,0,1
0.8,30,100,8,0,0,0.0001,64.51405480792712,0,0.6,-0,1.132517078227927,14.63305704181792,0.0009986039884478449,58518.54499926962,61592.21709217175,6.489538772493217,298.0978595012338,226.4905484825339,0.1066620013394642,5,NaN,22,NaN,-0.05162027064695787,0.2059319636870846,NaN,NaN,0.03926385852207036,0,NaN,0,0,0,0,1
1,30,100,8,0,4.703564331685262,68.11333681809697,6.451405480792713,0,0.6,-0,1.174079410496119,14.61007461299599,0.0009981153570641358,58516.74414091789,61594.90211702255,6.476673224467739,298.020851604267,205.7597882774486,0.108849684537171,5,1417.057240941284,22,1712.300996415055,-0.04288343497192823,0.2057650168090128,0.001,0.5153349816956208,0.0400703176412515,0,4.082377130981452,0,0,0,0,1
1.2,30,100,8,0,14.53345222839587,43.64699710739214,0.6451405480792713,0,0.6,-0,1.21399893335628,14.58882973129941,0.0009975951175324128,58516.92971583431,61599.5788777977,6.476495148847418,297.9555656291586,188.1845867953675,0.1110691935762921,5,NaN,22,NaN,-0.03369453223207705,0.2055895349927764,NaN,NaN,0.04088855583555772,0,NaN,0,0,0,0,1
1.4,30,100,8,0,24.41480702378186,22.48283008227799,0.06451405480792714,0,0.6,-0,1.2516183011106,14.57157521451633,0.0009970435225999563,58519.105805781,61606.23674256844,6.48789767425248,297.9204896073847,178.7416694449374,0.1133769313669752,5,NaN,22,NaN,-0.02631994438716138,0.2054475707873444,NaN,NaN,0.04173937032021433,0,NaN,0,0,0,0,1
1.6,30,100,8,0,29.73776719747628,6.744849024683395,32.58622136043397,0,0.6,-0,1.287581563311761,14.55429921020064,0.0009964742170957069,58522.33691366346,61613.95408489801,6.50308948406077,298.0205459246998,205.6798196561386,0.1157823111993874,5,NaN,22,NaN,-0.01947010606087874,0.2053151331572161,NaN,NaN,0.04262623776375304,0,NaN,0,0,0,0,1
1.8,30,100,8,0,29.00863251829319,38.54570893861638,3.258622136043397,0,0.6,-0,1.32194196759692,14.54311807871796,0.0009959079925478036,58525.41275483996,61621.52329201217,6.518495815941169,297.9846649099239,196.0189000637143,0.118289090635144,5,NaN,22,NaN,-0.01581112572065621,0.2052418638179249,NaN,NaN,0.04355055048478041,0,NaN,0,0,0,0,1
2,30,100,8,0,22.12838716464423,26.18680863731075,0.3258622136043397,0,0.6,-0,1.354225413149065,14.52275140695325,0.0009953674033085984,58527.12157740111,61627.716579887,6.525584771465295,297.9559610910565,188.2899778933402,0.1209051701207394,5,NaN,22,NaN,-0.009239432115660886,0.2051141215651537,NaN,NaN,0.04451522919335921,0,NaN,0,0,0,0,1
2.2,30,100,8,0,12.44052706642418,15.97803286103261,0.03258622136043397,0,0.6,-0,1.384525379374096,14.49576076976766,0.0009948606913339007,58526.89875522456,61631.9796219858,6.518578130085959,297.942776753539,184.7397912061875,0.1236328718694746,5,NaN,22,NaN,0.0008607269868581609,0.2049203839134663,NaN,NaN,0.04552113853403567,0,NaN,0,0,0,0,1
2.4,30,100,8,0,5.574941473442148,4.793409858309783,24.20202869163166,0,0.6,-0,1.412403652142792,14.45614090264401,0.0009943754913150915,58525.29240613794,61634.86513202894,6.502257889873503,298.0291504234859,207.9979873604693,0.1264833760836639,5,NaN,22,NaN,0.01700793090870313,0.2046135841843758,NaN,NaN,0.04657241071660224,0,NaN,0,0,0,0,1
2.6,30,100,8,0,5.2228946595239,32.54533677906812,2.420202869163166,0,0.6,-0,1.437477996402615,14.44060750659118,0.0009938892512313558,58523.60538467282,61637.6586068554,6.485938357921483,298.0156443553271,204.3611803296643,0.1294650686988339,5,NaN,22,NaN,0.02385666824757501,0.2044797637759037,NaN,NaN,0.04767214893567977,0,NaN,0,0,0,0,1
2.8,30,100,8,0,11.36885478705361,28.33108162040438,0.2420202869163166,0,0.6,-0,1.46009122536381,14.40762421456466,0.0009933818071977565,58523.15158738377,61641.68322707007,6.478370440189759,298.0016913416168,200.6040143122933,0.1325746995618413,5,NaN,22,NaN,0.03621805422092633,0.2042427913618994,NaN,NaN,0.04881916556837848,0,NaN,0,0,0,0,1
3,30,100,8,0,20.51327897906349,24.20525072630517,0.02420202869163166,0,0.6,-0,1.479726927159216,14.3655635286261,0.0009928438006769128,58524.52961019751,61647.53933862773,6.48309561800417,297.9948507376922,198.7619741932099,0.1358171113458219,5,NaN,22,NaN,0.05368791301821568,0.2039100365066104,NaN,NaN,0.05001525857344911,0,NaN,0,0,0,0,1
3.2,30,100,15,0,27.75531585742266,22.01331528576921,0.002420202869163167,0,0.6,-0,1.51248472067247,14.3354300452164,0.0009922587105166618,58528.75712406923,61656.73505257237,6.496520253720272,297.9923389275324,198.0855513425536,0.1391919292602583,5,NaN,22,NaN,0.06723260372873527,0.2036501203130401,NaN,NaN,0.05126030209119537,0,NaN,0,0,0,0,1
3.4,30,100,15,0,29.63830213317126,21.00494797353781,0.0002420202869163167,0,0.6,-0,1.542464752130413,14.31143062994878,0.0009916687345624987,58533.36060469266,61666.30382173443,6.511131540313149,297.9964527078977,199.1935101256109,0.1427003225010929,5,NaN,22,NaN,0.07651412978500909,0.2034694925018442,NaN,NaN,0.05255474040963357,0,NaN,0,0,0,0,1
3.6,30,100,15,0,25.70071982217868,22.15575055824436,0.0001,0,0.6,-0,1.5702402796109,14.28394304914194,0.0009910932351381522,58537.17457210585,61675.09595645681,6.520035107693927,298.0036217307454,201.1245128528735,0.1463400706523028,5,NaN,22,NaN,0.08617309857336268,0.203281474851318,NaN,NaN,0.05389776769982662,0,NaN,0,0,0,0,1
3.8,30,100,15,0,18.22422916069626,24.4651866340981,0.0001,0,0.6,-0,1.594279458268622,14.25538962187346,0.0009905434096571697,58539.49059938621,61682.37983901827,6.518259072972343,298.0129900496936,203.6480972881515,0.150131156167955,5,NaN,22,NaN,0.09512569829950143,0.2031062963030825,NaN,NaN,0.05529677213971953,0,NaN,0,0,0,0,1
4,30,100,15,0,11.47491678126422,27.77930390283706,0.0001,0,0.6,-0,1.616086154742927,14.23817776087531,0.0009900158370984642,58540.45369047626,61688.32870112323,6.505945552450437,298.0240584257988,206.6297940460839,0.1540739166764884,5,NaN,22,NaN,0.09937293438601337,0.2030188090936199,NaN,NaN,0.05675189489767293,0,NaN,0,0,0,0,1
4.2,30,100,15,0,9.65140083729219,32.01475813054392,0.0001,0,0.6,-0,1.66202933994235,14.1919639578267,0.0009894932250839475,58541.04841167484,61695.33516315519,6.491388584388755,298.0380894661985,210.4097531352691,0.1581607254226362,5,NaN,30,NaN,0.1097229888464664,0.2028167878155751,NaN,NaN,0.05826033804557317,0,NaN,0,0,0,0,1
4.4,30,100,15,0,13.62431067136246,37.67464521510297,0.0001,0,0.6,-0,1.704466355560251,14.15904941730516,0.0009889560281975786,58542.43353181017,61703.12491147791,6.481992099326204,298.0526080390572,214.3212333967487,0.1624015317789822,5,NaN,30,NaN,0.1205074397509197,0.202606239657756,NaN,NaN,0.05982579149981456,0,NaN,0,0,0,0,1
4.600000000000001,30,100,15,0,21.33170911408859,44.0066750307887,0.0001,0,0.6,-0,1.744575885777737,14.12705989175949,0.0009883923175209865,58545.35625320343,61712.46044640768,6.482193662921872,298.0637555494007,217.324712176471,0.166793975416505,5,NaN,30,NaN,0.1312691534854404,0.2023957247506329,NaN,NaN,0.06144740267897549,0,NaN,0,0,0,0,1
4.800000000000001,30,100,15,0,28.94351406454595,49.71647826750277,0.0001,0,0.6,-0,1.781614701834934,14.08870556673176,0.0009878033945171874,58549.79780760805,61723.33364217704,6.493504255467963,298.0748517451461,220.3146481244938,0.1713465509468261,5,NaN,30,NaN,0.1439711972912368,0.2021484249074617,NaN,NaN,0.06312832743178401,0,NaN,0,0,0,0,1
5,30,100,15,0,32.02535813731573,55.85189257462864,0.0001,0,0.6,-0,1.815037283963074,14.04995157956155,0.0009872052644648505,58554.85218959241,61734.80979004617,6.509959211247337,298.0854080984901,223.1594436443496,0.17606514710218,5,NaN,30,NaN,0.1572871639538644,0.2018891520234569,NaN,NaN,0.06487076148415423,0,NaN,0,0,0,0,1
5.2,30,100,15,0,28.54389527957198,62.21755345319315,0.0001,0,0.6,-0,1.845663374855783,14.01314078563493,0.0009866370538717459,58558.20797757489,61744.60179865658,6.522276413657286,298.0882442677788,223.9238396308079,0.1809508989281828,0,NaN,30,NaN,0.1691685951401995,0.2016563337332571,NaN,NaN,0.06667514669196623,0,NaN,0,0,0,0,1
5.4,30,100,15,0,20.16558525124697,66.31966290108898,0.0001,0,0.6,-0,1.871900891927353,13.97102251819194,0.0009860977137639646,58559.88670658744,61752.69848106965,6.521151377762599,298.0935851348877,225.3633950961589,0.1860142844838058,0,NaN,30,NaN,0.1821206660045923,0.2014029486456062,NaN,NaN,0.06854537713181026,0,NaN,0,0,0,0,1
5.600000000000001,30,100,15,0,12.26813931165391,71.45015082569421,0.0001,0,0.6,-0,1.893938643226556,13.91423258307137,0.0009855845138160993,58559.98507147632,61759.19775373959,6.506080313461793,298.0938401294995,225.4321329594613,0.1912592598917684,0,NaN,30,NaN,0.2017673030107946,0.2010232647900407,NaN,NaN,0.07048294035291114,0,NaN,0,0,0,0,1
5.800000000000001,30,100,15,0,10.40184690298024,75.0075100217544,0.0001,0,0.6,-0,1.912253580859132,13.86648511813177,0.0009850764796068036,58559.70998852089,61765.32965240426,6.487949720974629,298.0949866278467,225.7411845723907,0.1966884456270696,0,NaN,30,NaN,0.2189484960738821,0.2006892846606881,NaN,NaN,0.07248883214227186,0,NaN,0,0,0,0,1
6,30,100,15,0,15.75319945072402,78.92014434817133,0.0001,0,0.6,-0,1.927230594927968,13.813362198169,0.0009845495098599175,58560.50488303683,61772.54491133683,6.477936741628781,298.0957174440479,225.9381965844717,0.2023006548041522,0,NaN,30,NaN,0.2381184717822294,0.2003172715125282,NaN,NaN,0.0745626428263393,0,NaN,0,0,0,0,1
6.2,30,100,15,0,25.073327475507,82.72567574423738,0.0001,0,0.6,-0,1.93747069891061,13.76046009213197,0.0009839911519304019,58563.16306621659,61781.61144506007,6.48103402721981,298.0990128752071,226.8266152574155,0.2081142081669592,0,NaN,30,NaN,0.2564111664848224,0.1999610981853098,NaN,NaN,0.07671117349036514,0,NaN,0,0,0,0,1
6.4,30,100,15,0,33.13751595693783,87.44652252442555,0.0001,0,0.6,-0,1.942834097672888,13.69657610847304,0.0009834065317168104,58567.43274968515,61792.28108123832,6.492199102085727,298.1028313774488,227.8561542502312,0.2141480292919423,0,NaN,30,NaN,0.2788670446044909,0.1995257172988146,NaN,NaN,0.07894145328089258,0,NaN,0,0,0,0,1
6.600000000000001,30,100,15,0,36.75116499097819,92.45217288438289,0.0001,0,0.6,-0,1.944585773517744,13.63644021421847,0.0009828109481294658,58572.42298349912,61803.68474968684,6.504825369264108,298.1112370647717,230.1227432202245,0.2203981187849124,0,NaN,30,NaN,0.3008216678174382,0.199098969699386,NaN,NaN,0.08125204202358716,0,NaN,0,0,0,0,1
6.800000000000001,30,100,15,0,35.335331368561,99.17967289830577,0.0001,0,0.6,-0,1.943015283092,13.5894829430481,0.0009822210646867767,58577.12680355848,61814.80872892422,6.513654550932333,298.1223445760102,233.1182503967556,0.226834821928524,0,NaN,30,NaN,0.3176578782352192,0.1987681814645044,NaN,NaN,0.0836320131123245,0,NaN,0,0,0,0,1
7,30,100,15,0,30.40495533472669,107.1201115496014,0.0001,0,0.6,-0,1.936282222221064,13.51917532659269,0.0009816481041517945,58580.84063997152,61824.92742943074,6.515012713329913,298.1357816623436,236.7424226864933,0.2334686558558489,0,NaN,30,NaN,0.3411285067692746,0.1983113397391949,NaN,NaN,0.08608529107194582,0,NaN,0,0,0,0,1
7.2,30,100,15,0,24.94366861143578,116.2605216007355,0.0001,0,0.6,-0,1.924917814449935,13.44046759854911,0.0009810930464074976,58583.45780575154,61833.94189240813,6.506538911148612,298.1510612281652,240.8639482570153,0.2403265817224146,0,NaN,30,NaN,0.369294373289057,0.1977647217177202,NaN,NaN,0.0886218870440129,0,NaN,0,0,0,0,1
7.4,30,100,15,0,22.88024434281806,126.5230059995823,0.0001,0,0.6,-0,1.908118967659821,13.37271789603911,0.0009805440039085478,58585.65826081771,61842.53594377545,6.495347253553835,298.1622804792322,243.8905138223759,0.2474316662014368,0,NaN,30,NaN,0.3928242764576203,0.19730486377363,NaN,NaN,0.0912503797846573,0,NaN,0,0,0,0,1
7.600000000000001,30,100,15,0,25.27093539121493,135.9438469302186,0.0001,0,0.6,-0,1.885318215654174,13.28545760584354,0.0009799859637948706,58588.33328077748,61851.62147637869,6.483623812012076,298.1743763395345,247.1538586003209,0.2548230145912227,0,NaN,30,NaN,0.4218302696723766,0.1967400835821795,NaN,NaN,0.09398529116461483,0,NaN,0,0,0,0,1
7.800000000000001,30,100,15,0,32.34405017033824,146.1182923227113,0.0001,0,0.6,-0,1.856225580080213,13.20228437960079,0.0009794034512763466,58592.41834933237,61862.12391276554,6.478894956250479,298.1918982886192,251.8816259764626,0.2625275350002171,0,NaN,30,NaN,0.4502268389165331,0.1961855937779529,NaN,NaN,0.09683664191897645,0,NaN,0,0,0,0,1
8,30,100,15,0,41.28406330411098,158.6117585372124,0.0001,0,0.6,-0,1.821147563967901,13.12778177805598,0.000978790898528121,58598.2870031631,61874.39352750866,6.481079120412757,298.2018962426073,254.5796605413635,0.2705260347165305,0,NaN,30,NaN,0.4760054261981986,0.1956796965570428,NaN,NaN,0.09979739686016091,0,NaN,0,0,0,0,1
8.200000000000001,42,100,15,0,49.35011874211865,169.1258238682079,0.0001,0,0.6,-0,1.779719746835397,13.23439149369348,0.0009781521259072368,58605.76696264329,61888.27347056309,6.489240075707688,298.2009290931189,254.3186563750717,0.2172475478375491,0,NaN,30,NaN,0.440990672762191,0.1988376216277293,NaN,NaN,0.1121221694135851,0,NaN,0,0,0,0,1
8.4,42,100,15,0,54.15430985099545,176.2882817375684,0.0001,0,0.6,-0,1.731796440807414,13.150320412473,0.0009774984556790913,58614.20663830628,61903.11549972216,6.498277924910888,298.2046178184484,255.3144788058391,0.2167053146479891,0,NaN,30,NaN,0.4347373599041421,0.1989230755251193,NaN,NaN,0.1118415309511943,0,NaN,0,0,0,0,1
8.6,42,100,15,0,55.35961079819746,185.1029865893431,0.0001,0,0.6,-0,1.677059870021279,13.07897993473192,0.0009768420418125362,58622.8868246963,61918.19816991372,6.508033396348551,298.1993536736743,253.8931459500857,0.2223450384849361,0,NaN,30,NaN,0.4514648155952706,0.1986861085744157,NaN,NaN,0.1147606229051241,0,NaN,0,0,0,0,1
8.800000000000001,42,100,15,0,52.66317542991157,190.9323593941351,0.0001,0,0.6,-0,1.616378666712094,12.99201054990865,0.0009761957209058717,58631.02798754609,61932.76502433273,6.511293660943928,298.1974854551524,253.3886434239057,0.2288937864530694,0,NaN,30,NaN,0.4810296515278118,0.1982738279751162,NaN,NaN,0.1181507593715975,0,NaN,0,0,0,0,1
9,42,100,15,0,48.68623489306795,197.8030678526689,0.0001,0,0.6,-0,1.54817169274812,12.89773521374397,0.0009755630521769881,58638.37285597529,61946.54874558523,6.507653645670148,298.2007688993067,254.2756016921872,0.2357797704510159,0,NaN,30,NaN,0.512498826926084,0.1978347782049829,NaN,NaN,0.121716099248786,0,NaN,0,0,0,0,1
9.200000000000001,42,100,15,0,46.16714872181199,206.3555722930334,0.0001,0,0.6,-0,1.473309868655909,12.81639923588003,0.0009749389268464603,58645.2152448281,61959.83363188968,6.499521053367474,298.1838382709058,249.701504033023,0.2429235669608431,0,NaN,30,NaN,0.5391059702917723,0.1974606385317347,NaN,NaN,0.1254156023858806,0,NaN,0,0,0,0,1
9.4,42,100,15,0,46.8937542286992,208.0187133875766,0.0001,0,0.6,-0,1.390566713357843,12.71428663022651,0.0009743126674965475,58652.20774599157,61973.26614587446,6.490097777522091,298.1632135460096,244.128332618404,0.2503289626410948,0,NaN,30,NaN,0.5747858441791283,0.1969627869645957,NaN,NaN,0.1292513050719009,0,NaN,0,0,0,0,1
9.600000000000001,42,100,15,0,51.37952726926721,207.9240981703399,0.0001,0,0.6,-0,1.301551946099165,12.63122256554127,0.0009736719596050219,58660.10327300331,61987.62287366646,6.483060966771462,298.1383982207348,237.4214490464725,0.2579858317743332,0,NaN,30,NaN,0.602227492883743,0.1965756718455585,NaN,NaN,0.133218039700215,0,NaN,0,0,0,0,1
9.800000000000001,42,100,15,0,58.66806681723924,205.6380043626139,0.0001,0,0.6,-0,1.204234798898441,12.54409925990099,0.0009730077973684845,58669.4608603267,62003.43501982295,6.483354096369061,298.1274659883432,234.4661534016943,0.2659054399325775,0,NaN,30,NaN,0.6267679265304961,0.1962271294963727,NaN,NaN,0.1373217225625348,0,NaN,0,0,0,0,1
10,42,100,15,0,65.82294901013252,207.2424324046424,0.0001,0,0.6,-0,1.101009516509911,12.45950328956614,0.0009723204991967017,58680.24812442868,62020.67103483266,6.485952623909497,298.1408998336909,238.0987320634409,0.2740556250189131,0,NaN,30,NaN,0.656344493823985,0.1958095006753371,NaN,NaN,0.1415457676172706,0,NaN,0,0,0,0,1
10.2,42,100,15,0,71.95431429071354,216.7390753553929,0.0001,0,0.6,-0,0.9904716894037072,12.34784235606739,0.0009716134639518332,58692.25790660787,62039.13447975355,6.490884123331381,298.1463202454074,239.5648790006553,0.2824394269895251,0,NaN,30,NaN,0.6998297421041412,0.1952019105794422,NaN,NaN,0.1458918273691693,0,NaN,0,0,0,0,1
10.4,42,100,15,0,76.11280492818676,223.792107320905,0.0001,0,0.6,-0,0.8721245518120123,12.23901279595444,0.0009708936162833335,58705.09729845123,62058.43823055783,6.49726272000543,298.1475221227018,239.8901203508574,0.2910899952979522,0,NaN,30,NaN,0.7393521538341187,0.1946470075633774,NaN,NaN,0.1503771715580915,0,NaN,0,0,0,0,1
10.6,42,100,15,0,77.72257592707408,229.6531111023842,0.0001,0,0.6,-0,0.7460484632707063,12.13666561037005,0.0009701694364187879,58718.25691124184,62078.06627170093,6.501772847373985,298.1500820517984,240.5830011360906,0.3000185875283184,0,NaN,30,NaN,0.7728476245934858,0.1941731211401659,NaN,NaN,0.1550077332287073,0,NaN,0,0,0,0,1
10.8,42,100,15,0,77.53905526906813,236.0593521623045,0.0001,0,0.6,-0,0.6123544395789003,12.02013527374137,0.0009694467252063502,58731.37856413977,62097.6465631859,6.503703425773749,298.1478816323257,239.9873758963687,0.30921294142012,0,NaN,30,NaN,0.8172527766940914,0.1935493419799192,NaN,NaN,0.1597772517303578,0,NaN,0,0,0,0,1
11,42,100,15,0,76.58578506999653,240.9090849184287,0.0001,0,0.6,-0,0.4708181693493842,11.90334621111747,0.0009687279048795897,58744.30944738225,62117.03058630471,6.502522701820768,298.1425518218037,238.5441120464515,0.3186761455282437,0,NaN,30,NaN,0.8614562699021207,0.1929269965182319,NaN,NaN,0.1646874294025344,0,NaN,0,0,0,0,1
11.2,42,100,15,0,76.10675496713451,244.6323646466066,0.0001,0,0.6,-0,0.323981782925994,11.80870336636455,0.0009680111287276423,58757.14309985698,62136.32841379598,6.501140100956968,298.1492413222007,240.3562728617337,0.3283859070467431,0,NaN,30,NaN,0.8976736822880361,0.192412719625471,NaN,NaN,0.1697267985442407,0,NaN,0,0,0,0,1
11.4,42,100,15,0,76.17147119853084,252.3259091801206,0.0001,0,0.6,-0,0.1748352308204796,11.74734175264869,0.0009672943583645726,58769.98668488564,62155.63538434021,6.498340132032796,298.154341648921,241.7383372136215,0.338308759743486,0,NaN,30,NaN,0.9239059425314096,0.1920343389481603,NaN,NaN,0.1748780811787645,0,NaN,0,0,0,0,1
11.6,42,100,15,0,77.36017796071955,259.6319002281756,0.0001,0,0.6,-0,0.04336462997240366,11.9871537825285,0.0009665739144998462,58783.06382565949,62175.1855300094,6.501639469872321,298.1635589182791,244.236488103263,0.348240816988075,0,NaN,30,NaN,0.8934091508153115,0.192432752812827,NaN,NaN,0.1800354779789242,0,NaN,0,0,0,0,1
11.8,42,100,15,0,77.20460828311998,268.5614175408708,0.0001,0,0.6,-0,0.009401727068922538,13.00225478876297,0.0009658621070179452,58796.11912593046,62194.70869331852,6.52638792532266,298.0652148374498,217.5706925739155,0.3564457521171672,0,NaN,30,NaN,0.5593413797345477,0.1969622569122771,NaN,NaN,0.1842970443760964,0,NaN,0,0,0,0,1
12,42,100,15,0,67.09882110126536,240.6970395700268,0.0001,0,0.6,-0,0.009166184878365532,12.98649709388605,0.0009652535796668167,58807.18624807196,62212.2413308033,6.55310625924893,297.9500098534083,186.3260230453853,0.3624206068998482,0,1515.196910208793,30,1830.036666385972,0.4375813353197062,0.1985942703232378,0.0009680111287276423,3.112325093519146,0.1874009022075238,0,10.8449399247962,0,0,0,0,1
12.2,42,100,30,0.5176960633502633,33.54941055063268,204.1344570862973,0.0001,0,0.6,-0,0.0147105137572994,12.57275812185046,0.0009646391437797894,58814.66912870301,62227.24823926593,6.542027086986886,297.9106602657714,175.6518984103496,0.3685888227624439,0,NaN,30,NaN,0.5419375802919647,0.1971736146443877,NaN,NaN,0.190605716379625,0,NaN,0,0,0,0,1
12.4,42,100,30,0,17.38041410946177,61.24033712588918,205.0060342127322,0,0.6,-0,0.01419638701334881,12.56815080488327,0.0009640657396087008,58818.70129503193,62238.78425019107,6.512548275978101,298.720377279857,395.3371232681307,0.3753087557223523,0,NaN,30,NaN,0.5619810467488197,0.1968892637321551,NaN,NaN,0.1940977730223334,0,NaN,0,0,0,0,1
12.6,42,100,30,0,12.94234086709146,337.5375888591458,20.50060342127322,0,0.7,-0,0.01356294847680691,13.40077164762667,0.0009634945962661905,58821.74992520679,62249.29956377549,6.479760955968322,298.5734316703579,355.464232212383,0.3820627147900931,0,NaN,30,NaN,0.5692846512383227,0.196777108638905,NaN,NaN,0.197608128839532,0,NaN,0,0,0,0,1
12.8,42,100,30,0,21.57116869416661,307.7826239709574,2.050060342127322,0,0.7,-0,0.01319647901433538,13.40334098776536,0.0009628984532253992,58826.57279904525,62261.58690265114,6.458219644055724,298.3860734569285,304.6190088589822,0.3887799473705211,0,NaN,30,NaN,0.5550652427165416,0.1969561724628922,NaN,NaN,0.2011000101074458,0,NaN,0,0,0,0,1
13,42,100,30,0,38.76904715091903,265.7498200474683,0.2050060342127322,0,0.7,-0,0.01296988258527064,13.39756049067681,0.0009622506627812059,58834.88427789081,62277.38244178015,6.455208532965502,298.2318009382774,262.7452843118102,0.3954826777847536,0,NaN,30,NaN,0.5459608176100523,0.1970660095687917,NaN,NaN,0.2045849630442181,0,NaN,0,0,0,0,1
13.2,42,100,30,0,57.14657821097393,228.4087423483742,0.02050060342127322,0,0.7,-0,0.01268225847221699,13.39173906388394,0.0009615479458513326,58846.90915196374,62296.89246193933,6.470808453104432,298.1176846570198,231.7637608826104,0.402177803474312,0,NaN,30,NaN,0.5406186629270017,0.1971249657616013,NaN,NaN,0.2080665709757029,0,NaN,0,0,0,0,1
13.4,42,100,30,0,69.28239367565669,198.8882043897798,0.002050060342127322,0,0.7,-0,0.01233979737609758,13.40081826820661,0.0009608106634895889,58861.38678311582,62318.82606980326,6.494505907357417,298.0459468378915,212.2820060985067,0.4088338359927821,0,NaN,30,NaN,0.5298879181276668,0.1972567753550328,NaN,NaN,0.2115284530348184,0,NaN,0,0,0,0,1
13.6,42,100,30,0,71.97222282718469,179.4077035382037,0.0002050060342127322,0,0.7,-0,0.01209346618308495,13.38256572109031,0.0009600691917781088,58876.41983000737,62341.3101357932,6.519611801989663,297.9873632239975,196.3675608908206,0.4154521977038322,0,NaN,30,NaN,0.5309533609948037,0.1972292746881161,NaN,NaN,0.2149713387515038,0,NaN,0,0,0,0,1
13.8,42,100,30,0,64.64098655053512,161.457396809157,0.0001,0,0.7,-0,0.01167540665468291,13.37638711348938,0.000959355189679159,58889.99628533105,62362.30121534384,6.540875987814431,297.9695673918778,191.531780345772,0.4220275138813249,0,NaN,30,NaN,0.5293464901177959,0.1972379559734417,NaN,NaN,0.218392421447756,0,NaN,0,0,0,0,1
14,42,100,30,0,48.82118375808071,155.2833327319899,0.0001,0,0.7,-0,0.01140795628885297,13.35269458369184,0.0009586949825503807,58900.4136685103,62380.13916800611,6.548513193913723,297.9460468594096,185.1387104387058,0.4285691632832839,0,NaN,30,NaN,0.5307765885687367,0.1972056838116041,NaN,NaN,0.2217965706741947,0,NaN,0,0,0,0,1
14.2,42,100,30,0,29.97890155122504,46.58499981959696,168.6811625606321,0,0.7,-0,0.01106575718852771,13.31414165547241,0.0009580865191090054,58906.96617533894,62394.10594017342,6.536134862163737,298.6267795300363,370.2051253628954,0.4350884268080315,0,NaN,30,NaN,0.5454485970528296,0.1969945714451758,NaN,NaN,0.225189649458798,0,NaN,0,0,0,0,1
14.4,42,100,30,0,16.10999667338812,279.5909324071982,16.86811625606321,0,0.7,-0,0.01074442070689864,13.27455713629938,0.0009575140686406536,58910.66744066466,62405.21704856857,6.507238923985762,298.4794679057509,330.150559048056,0.4415867633424037,0,NaN,30,NaN,0.5596598813278487,0.1967896559764137,NaN,NaN,0.2285724114918286,0,NaN,0,0,0,0,1
14.6,42,100,30,0,13.78959509470722,247.1671593753949,1.686811625606321,0,0.7,-0,0.01052340370763251,13.25792047895387,0.0009569522685056561,58913.94947747145,62415.9121909101,6.477775497236385,298.3171657096551,286.0147111325064,0.4480739434284252,0,NaN,30,NaN,0.5605486446715825,0.1967648197901531,NaN,NaN,0.2319499387952519,0,NaN,0,0,0,0,1
14.8,42,100,30,0,23.20356923772174,210.2577853701172,0.1686811625606321,0,0.7,-0,0.01031423031025136,13.23896085981608,0.0009563634192827279,58919.15505100109,62428.54485984665,6.45947961551109,298.1962083129636,253.1176536695943,0.4545551592977359,0,NaN,30,NaN,0.563090213965431,0.1967176553476174,NaN,NaN,0.2353249325602226,0,NaN,0,0,0,0,1
15,42,100,30,0,39.89745055974667,181.6384640943549,0.01686811625606321,0,0.7,-0,0.01011614466770911,13.23718620087418,0.000955724805164595,58927.72776793956,62444.53483634366,6.457579079149466,298.1168482615469,231.5300975072573,0.4610245966798225,0,NaN,30,NaN,0.5570967101439668,0.196785874664079,NaN,NaN,0.2386943628886641,0,NaN,0,0,0,0,1
15.2,42,100,30,0,57.33350583770562,162.5242385669151,0.001686811625606321,0,0.7,-0,0.01001940271973456,13.21281818113011,0.0009550343531738863,58939.80532857154,62464.05298437818,6.469578425014426,298.0677330608814,218.1666196838354,0.467492532671559,0,NaN,30,NaN,0.5617302981279344,0.1967104689437949,NaN,NaN,0.2420635807119005,0,NaN,0,0,0,0,1
15.4,42,100,30,0,69.97669626114107,150.5565045309582,0.0001686811625606321,0,0.7,-0,0.009873823503291588,13.20082332208919,0.0009543098678023107,58954.4213130988,62486.09279565278,6.491496657898717,298.0405334701125,210.7639163969362,0.4739465839183782,0,NaN,30,NaN,0.5647009895823669,0.1966575647254885,NaN,NaN,0.2454261335152575,0,NaN,0,0,0,0,1
15.6,42,100,30,0,73.8645392045615,144.0809995037223,0.0001,0,0.7,-0,0.009705971904141136,13.17215778333397,0.0009535836761949837,58969.82221139944,62508.92943849797,6.515156104606683,298.0073794659617,201.7378128152635,0.4803924685317311,0,NaN,30,NaN,0.572713425153329,0.1965365271320429,NaN,NaN,0.248784997659191,0,NaN,0,0,0,0,1
15.8,42,100,30,0,68.31463272191607,134.3668701316865,0.0001,0,0.7,-0,0.009542471574497899,13.15465764655618,0.0009528913516838625,58984.11948351278,62530.67539027533,6.53366171040815,297.9871091356372,196.2175415786923,0.4868446980168022,0,NaN,30,NaN,0.5711939417663288,0.19654432411047,NaN,NaN,0.2521477347932699,0,NaN,0,0,0,0,1
16,42,100,30,0,55.38496040109291,127.8989911744367,0.0001,0,0.7,-0,0.009428814968027364,13.10495754651407,0.0009522567343591102,58995.83519639447,62549.86062340839,6.5402676097242,297.9689392250731,191.2678999185563,0.4933044482802426,0,NaN,30,NaN,0.5882900325147451,0.1963004283052588,NaN,NaN,0.2555149597369371,0,NaN,0,0,0,0,1
16.2,42,100,75,0,39.83546710022093,121.2989920936532,0.0001,0,0.7,-0,0.03227249712761664,11.87099446744852,0.0009514830698557205,59013.43158498574,62578.95429522009,6.511446591964696,298.0560813805783,215.0144671510538,0.5014061733311188,0,NaN,35,NaN,0.9146657588733249,0.1918464373924766,NaN,NaN,0.2597388882435138,0,NaN,0,0,0,0,1
16.4,42,100,75,0,35.89250213040498,150.334531012403,0.0001,0,0.7,-0,0.03070038273886237,11.79234302686515,0.0009507178075174595,59030.21578051599,62607.16528136529,6.474734805915433,298.1088470808925,229.3984437633024,0.5112292905394582,0,NaN,35,NaN,1.022049149919505,0.190356656243406,NaN,NaN,0.2648614846774802,0,NaN,0,0,0,0,1
16.6,42,100,75,0,46.54676716564302,169.9881832261933,0.0001,0,0.7,-0,0.02909680176123557,11.72787640449995,0.0009499153752599876,59049.11831844015,62637.54044975302,6.450953016204347,298.1310981503238,235.466519192633,0.5213815987357298,0,NaN,35,NaN,1.056400245890329,0.1898656310303438,NaN,NaN,0.2701571316011042,0,NaN,0,0,0,0,1
16.8,42,100,75,0,66.6460872387988,181.3508249611101,0.0001,0,0.7,-0,0.02809734753792092,11.66426636752885,0.000949047499497266,59072.03475138063,62672.01005704843,6.445445838543143,298.1369779355934,237.070741674808,0.5316482919810499,0,NaN,35,NaN,1.078413279896894,0.1895435631763571,NaN,NaN,0.2755138739539086,0,NaN,0,0,0,0,1
17,42,100,75,0,88.92971363719496,188.1286484955487,0.0001,0,0.7,-0,0.02701296257188758,11.61663978713739,0.0009481091991057645,59099.40544836188,62710.96164884458,6.453570171851394,298.1320653684157,235.7297782245656,0.5420000834387219,0,NaN,35,NaN,1.093380143288056,0.1893180746901991,NaN,NaN,0.2809164734924151,0,NaN,0,0,0,0,1
17.2,42,100,75,0,107.9773741148703,191.52638701447,0.0001,0,0.7,-0,0.02531517150951515,11.5857172509134,0.0009471122192321513,59130.58549259242,62753.69368313305,6.466615625219069,298.1193584843007,232.2591005588161,0.5523968710184395,0,NaN,35,NaN,1.105072645367317,0.1891374810715716,NaN,NaN,0.2863440290472579,0,NaN,0,0,0,0,1
17.4,42,100,75,0,121.8343328067833,192.1318075641967,0.0001,0,0.7,-0,0.02378882675823172,11.58109974848713,0.0009460738034953517,59164.53816444629,62799.11308630402,6.479466024499129,298.1029681425068,227.7794552661714,0.5627585215005827,0,NaN,35,NaN,1.105539477828824,0.1891113535816007,NaN,NaN,0.2917547104164228,0,NaN,0,0,0,0,1
17.6,42,100,75,0,130.5675191482695,191.0483844374367,0.0001,0,0.7,-0,0.02265833845068852,11.54351825486222,0.0009450105563301269,59200.23901005135,62846.30098038322,6.492543538528582,298.0869460738565,223.3974860388888,0.5731166135963564,0,NaN,35,NaN,1.10941797141943,0.1890383107527095,NaN,NaN,0.2971649998317416,0,NaN,0,0,0,0,1
17.8,42,100,75,0,134.0683307685162,189.5050036605508,0.0001,0,0.7,-0,0.02158891209058894,11.51322631752914,0.0009439393721184143,59236.64319038032,62894.17198138196,6.503705732781913,298.0584349819317,215.5943330696633,0.5834931447989586,0,NaN,35,NaN,1.113197805065963,0.1889665939876125,NaN,NaN,0.3025863908713046,0,NaN,0,0,0,0,1
18,42,100,75,0,133.1112737034945,183.0493202310008,0.0001,0,0.7,-0,0.02065730528857541,11.48586530816403,0.0009428742585068498,59272.85830963767,62941.83983603498,6.513668906096993,298.0478685888214,212.7003925630273,0.5938837780958931,0,NaN,35,NaN,1.112430833892067,0.1889573923331533,NaN,NaN,0.3080166250940218,0,NaN,0,0,0,0,1
18.2,42,100,75,0,128.1667510778345,181.8090596197999,0.0001,0,0.7,-0,0.01948544055446543,11.45017415239318,0.0009418274184553187,59308.08405756537,62988.48152982537,6.52155983973643,298.0389615028898,210.2591838384067,0.60428161007091,0,NaN,35,NaN,1.12008967023766,0.1888322915536744,NaN,NaN,0.3134520998369369,0,NaN,0,0,0,0,1
18.4,42,100,75,0,120.0688150755336,180.6104350025326,0.0001,0,0.7,-0,0.01906131344714354,11.39576650535063,0.0009408085569679918,59341.68967210241,63033.55151499956,6.526761304886863,298.0305291206266,207.9465663230113,0.6146894864893777,0,NaN,35,NaN,1.130140417515676,0.1886742581736384,NaN,NaN,0.3188943069902943,0,NaN,0,0,0,0,1
18.6,42,100,75,0,109.8924833027412,179.2291226245791,0.0001,0,0.7,-0,0.01854403125993041,11.32918914371028,0.0009398236756329563,59373.25748331931,63076.61967201911,6.528892600793606,298.0358399476275,209.4040541114545,0.6251385619313055,0,NaN,35,NaN,1.150654595848907,0.1883721058658257,NaN,NaN,0.3243595486190979,0,NaN,0,0,0,0,1
18.8,42,100,75,0,98.86509702320613,182.269442830369,0.0001,0,0.7,-0,0.01760354587311421,11.31781867570013,0.0009388751686833143,59402.61771345298,63117.37752062701,6.529823196344323,298.0255870847988,206.5885981119432,0.6355564130793546,0,NaN,35,NaN,1.155472664966606,0.1882860301708843,NaN,NaN,0.3298099474527628,0,NaN,0,0,0,0,1
19,42,100,75,0,87.459586278972,180.0363719879792,0.0001,0,0.7,-0,0.01673763859079665,11.2935871387435,0.0009379640096407859,59429.69588731814,63155.78661487337,6.527830904290735,298.024681868504,206.3398703244012,0.6459044476461643,0,NaN,35,NaN,1.159557107086565,0.1882101904959585,NaN,NaN,0.3352252918087185,0,NaN,0,0,0,0,1
19.2,42,100,75,0,76.8567371863759,180.7604845174727,0.0001,0,0.7,-0,0.0166469430037913,11.20135675389285,0.000937086991565801,59454.65008912509,63192.19727766143,6.521887003846,298.0332725290751,208.7014988820043,0.6562949238974645,0,NaN,35,NaN,1.17813659289929,0.187934648384067,NaN,NaN,0.3406643235406885,0,NaN,0,0,0,0,1
19.4,42,100,75,0,68.63505630686299,184.6566216055903,0.0001,0,0.7,-0,0.01604456940013423,11.17144085623077,0.0009362362111294876,59477.95620270396,63226.91605952363,6.514401190313579,298.0349242746759,209.1557961034173,0.6667196083167375,0,NaN,35,NaN,1.187941233485077,0.1877798557818176,NaN,NaN,0.3461227496629836,0,NaN,0,0,0,0,1
19.6,42,100,75,0,63.40011316839476,186.4097637238928,0.0001,0,0.7,-0,0.01568535891430123,11.11060429228774,0.0009354023337124603,59500.21480441496,63260.62473297254,6.504526876567663,298.0228565034196,205.835099643835,0.6771599876508915,0,NaN,35,NaN,1.201892484027951,0.1875678648749133,NaN,NaN,0.3515908878122645,0,NaN,0,0,0,0,1
19.8,42,100,75,0,62.11779568711236,183.5436548488137,0.0001,0,0.7,-0,0.01484606632465911,11.12074899204297,0.0009345728595210471,59522.21700856119,63293.96490211739,6.49537585777637,298.0201131137013,205.0798263701357,0.6875651952660067,0,NaN,35,NaN,1.195220470985695,0.1876401600884409,NaN,NaN,0.3570420930525994,0,NaN,0,0,0,0,1
20,42,100,75,0,64.48587011421284,183.54481255865,0.0001,0,0.7,-0,0.01403714150272258,11.13688082924542,0.0009337361706999491,59544.68969196217,63327.67096595308,6.489864051652629,298.0303534053685,207.9002728234666,0.6978756126416383,0,NaN,35,NaN,1.179631787796466,0.1878353987634443,NaN,NaN,0.3624451045133057,0,NaN,0,0,0,0,1
20.2,55,100,150,0,69.0490449171151,187.8525303705486,0.0001,0,0.7,-0,0.04663696483076106,10.1748716507848,0.0009326483459150705,59583.05662233142,63382.19603468317,6.458836766836972,298.1424811673978,238.8041159203788,0.5604797902564511,0,NaN,35,NaN,1.489477785977079,0.188676954806344,NaN,NaN,0.3805013523797715,0,NaN,0,0,0,0,1
20.4,55,100,150,0,86.11846989692552,227.5980587844444,0.0001,0,0.7,-0,0.04105193247190621,10.10314104589764,0.0009315034458091763,59624.80346925821,63439.79354750039,6.436180834143377,298.2224427026273,260.8590428348562,0.5624984343437672,0,NaN,35,NaN,1.536595378012366,0.1881773924499915,NaN,NaN,0.3818818657332586,0,NaN,0,0,0,0,1
20.6,55,100,150,0,112.1411603873997,259.6868740008484,0.0001,0,0.7,-0,0.03708563751078089,10.07332344427683,0.0009302766228965786,59671.73787812256,63502.51171890608,6.426317094691183,298.2307865568995,263.1624950249766,0.573041711167818,0,NaN,35,NaN,1.540024622391193,0.1881213405060387,NaN,NaN,0.3890934027160088,0,NaN,0,0,0,0,1
20.8,55,100,150,0,142.0941765917102,270.3073935590603,0.0001,0,0.7,-0,0.03229744134371298,10.08426941836147,0.0009289583076564342,59724.65816861988,63570.97076368189,6.423600329367045,298.2224551334571,260.8602370579983,0.5840910065137489,0,NaN,35,NaN,1.538481415487622,0.1881166785550238,NaN,NaN,0.3966531885188268,0,NaN,0,0,0,0,1
21,55,100,150,0,173.1513918689083,276.0249694480946,0.0001,0,0.7,-0,0.02985708009331256,10.07382097178706,0.0009275462831071381,59783.78555326079,63645.54302368006,6.424065911551545,298.2258961349386,261.8121173980015,0.5951236788293516,0,NaN,35,NaN,1.534747410891217,0.188135099711307,NaN,NaN,0.4042037823087243,0,NaN,0,0,0,0,1
21.2,55,100,150,0,204.0348064896878,285.6166681396771,0.0001,0,0.7,-0,0.02888572529521921,9.984236204244519,0.0009260420674973978,59849.08574993152,63726.44784863572,6.424836468938151,298.2105884877705,257.572909404131,0.6062467731896272,0,NaN,35,NaN,1.556355656504361,0.1878866109707941,NaN,NaN,0.4118184669810823,0,NaN,0,0,0,0,1
21.4,55,100,150,0,225,288.780827415758,0.0001,0,0.7,-0,0.02663469393910681,9.976013929507292,0.0009244770287644227,59918.57417196641,63811.42071959832,6.426462837954706,298.2154109718965,258.9101230244974,0.6174356375248093,0,NaN,35,NaN,1.55761083988734,0.1878522465109642,NaN,NaN,0.4194804137348911,0,NaN,0,0,0,0,1
21.6,55,100,150,0,225,298.4564600843842,0.0001,0,0.7,-0,0.02528012058834792,9.967348085590766,0.0009229158468770915,59988.05340800056,63896.32644225567,6.428205068105253,298.2298044575111,262.906483422619,0.6286102426268397,0,NaN,35,NaN,1.538200608997068,0.1880353928072999,NaN,NaN,0.4271348363163142,0,NaN,0,0,0,0,1
21.8,55,100,150,0,225,311.4639554366195,0.0001,0,0.7,-0,0.0229989042702534,9.976421291849592,0.0009213589576938166,60057.52765051109,63981.01654825342,6.430734053651521,298.2053199778755,256.0996055654708,0.6397406087859647,0,NaN,35,NaN,1.529108487586947,0.1881099682948398,NaN,NaN,0.4347611824914448,0,NaN,0,0,0,0,1
22,55,100,150,0,225,311.5265259768792,0.0001,0,0.7,-0,0.0212954092251048,9.958262683056125,0.0009198067883387945,60127.0007720393,64065.62245712522,6.433622313294948,298.1942152577706,253.0084249000667,0.6508252767736278,0,NaN,35,NaN,1.521897496744019,0.1881648080127449,NaN,NaN,0.4423584264223815,0,NaN,0,0,0,0,1
22.2,55,100,150,0,225,315.578530308298,0.0001,0,0.7,-0,0.02082740596068331,9.881615808560891,0.0009182591803433474,60196.47151414557,64150.31574448954,6.435784277079517,298.1790921463869,248.7934433250201,0.6619388631564246,0,NaN,35,NaN,1.537920497887786,0.1879752728386571,NaN,NaN,0.4499777049584796,0,NaN,0,0,0,0,1
22.4,55,100,150,0,225,317.7274144480961,0.0001,0,0.7,-0,0.01985502859742106,9.836745071476033,0.0009167164238410265,60265.94348410813,64234.99130870304,6.437818167078253,298.1424719745575,238.5737271944277,0.6731031932003906,0,NaN,35,NaN,1.54880066210015,0.1878397115204914,NaN,NaN,0.4576340059164433,0,NaN,0,0,0,0,1
22.6,55,100,150,0,225,311.9228339918255,0.0001,0,0.7,-0,0.01890189349727801,9.798751784529049,0.000915178966329761,60335.42168528911,64319.66147120987,6.439383528959199,298.0939568076372,225.0171090382273,0.6842931333136212,0,NaN,35,NaN,1.550813504047182,0.1877973780987623,NaN,NaN,0.465310117021347,0,NaN,0,0,0,0,1
22.8,55,100,150,0,225,300.8024517389633,0.0001,0,0.7,-0,0.01786083585714737,9.779845097009717,0.0009136466363409777,60404.90470161375,64404.23808906587,6.441266794957252,298.0666844495782,217.3866103762406,0.6954592623299846,0,NaN,35,NaN,1.556248783315973,0.1877190944664385,NaN,NaN,0.4729721376771618,0,NaN,0,0,0,0,1
23,55,100,150,0,225,295.2807322469023,0.0001,0,0.7,-0,0.01698969894250353,9.771620621932746,0.0009121189642425658,60474.38769436291,64488.70945207114,6.443446735206638,298.0512371976188,213.0591238177685,0.706559545204567,0,NaN,35,NaN,1.556612018493529,0.1876942907367442,NaN,NaN,0.4805911980856648,0,NaN,0,0,0,0,1
23.2,55,100,150,0,225,292.6566398655484,0.0001,0,0.7,-0,0.01649305686953207,9.700486005772071,0.0009105957186812915,60543.86855276954,64573.22421564212,6.445182961346635,298.0385708263402,209.5062176201997,0.7176601420537779,0,NaN,35,NaN,1.58062279658823,0.187420713612723,NaN,NaN,0.4882126907918542,0,NaN,0,0,0,0,1
23.4,55,100,150,0,225,290.3239910748089,0.0001,0,0.7,-0,0.01607367413194135,9.619664354817193,0.0009090766099366647,60613.34485211061,64657.79880691169,6.446534394339474,298.0392108168411,209.6859834800039,0.7288113178623187,0,NaN,35,NaN,1.613272261741054,0.1870559743767979,NaN,NaN,0.4958711431443881,0,NaN,0,0,0,0,1
23.6,55,100,150,0,225,292.0861915699754,0.0001,0,0.7,-0,0.01520620576068585,9.600734440559041,0.0009075617705977216,60682.81821137704,64742.27633997377,6.448163472492795,298.0153819818152,202.9849258709339,0.7399542450058937,0,NaN,35,NaN,1.623377924714823,0.186928551842663,NaN,NaN,0.5035261669227801,0,NaN,0,0,0,0,1
23.8,55,100,150,0,225,285.3308491888107,0.0001,0,0.7,-0,0.01466499328571401,9.568882553337369,0.0009060514579229662,60752.29139067769,64826.7303002936,6.449614169702063,297.9980490853535,198.1044788136617,0.7510701698335941,0,NaN,35,NaN,1.626776913812117,0.1868718199435846,NaN,NaN,0.5111648689911821,0,NaN,0,0,0,0,1
24,55,100,150,0,225,280.1065404903032,0.0001,0,0.7,-0,0.01467984632366647,9.470911803875268,0.0009045455384370295,60821.76396699598,64911.34577996575,6.449450372844685,297.9774809382478,192.3058396698985,0.7622651624157156,0,1206.755359154318,35,1823.890686171625,1.6469131519247,0.1866386250891507,0.0009105957186812915,9.082851675964118,0.5188601558032284,0,22.15204335839167,0,0,0,0,1
24.2,55,100,30,0,225,273.0673671630434,0.0001,0,0.7,-0,0.002805901029848087,12.32358311064903,0.01885559894803289,60867.2704772552,64964.94539590475,6.488003781198769,297.7188527836926,119.3136502081896,0.7693506848049039,0,NaN,35,NaN,0.7962407584661836,0.1954894406317488,NaN,NaN,0.5237318157911688,0,NaN,0,0,0,0,1
24.4,55,100,30,0,225,81.92021014891301,401.7432200146551,0,0.7,-0,0.002790943741079177,12.32348062626486,0.03940713555416778,60912.6153950865,65018.3539000196,6.524840387602506,299.031055582127,489.944372539469,0.7738232450036865,0,NaN,35,NaN,0.688282762302681,0.1965915909546343,NaN,NaN,0.5268073963741207,0,NaN,0,0,0,0,1
24.6,55,100,30,0,215.5863917967265,526.026866156411,40.17432200146551,0,0.7,-0,0.00276365255887064,12.30082953618219,0.06003869451912846,60955.95424772953,65069.74584506551,6.557518495168367,298.5264799190193,347.3147791867633,0.7780957618203044,0,NaN,35,NaN,0.6848465531983718,0.1966184345887058,NaN,NaN,0.5297457529769423,0,NaN,0,0,0,0,1
24.8,55,100,30,0.5175200526628094,107.7931958983632,380.7713257257814,4.017432200146551,0,0.7,-0,0.002732433767454286,12.15802055435361,0.08107018401401456,60977.97160515812,65099.81379815245,6.578855517757646,298.1251450620313,233.8001213311681,0.7823349520314885,0,NaN,35,NaN,0.7287610353240447,0.1961585770127203,NaN,NaN,0.5326615151820798,0,NaN,0,0,0,0,1
25,55,100,30,1.036279210041766,53.89659794918162,265.838114501453,0.4017432200146551,0,0.7,-0,0.002741682330334815,12.06526992947825,0.102214389909752,60989.40554614384,65119.32381463568,6.575632959473814,297.8999612188992,170.0867272653129,0.7865832268413376,0,NaN,35,NaN,0.7538294449104427,0.195892246633591,NaN,NaN,0.5355838511503329,0,NaN,0,0,0,0,1
25.2,55,100,30,1.557668183560002,26.94829897459081,79.7514343504359,253.0673094142528,0,0.8,-0,0.002756853365309302,12.86401129780496,0.1233222134661647,60995.45897177575,65133.46282955623,6.547390147956383,298.7466841723187,409.7088249369467,0.7908381306572172,0,NaN,35,NaN,0.762653243692897,0.1957930207138161,NaN,NaN,0.5385110735687996,0,NaN,0,0,0,0,1
25.4,55,100,30,0,8.594564027306443,369.8082778123893,25.30673094142528,0,0.8,-0,0.002734829077323625,12.79427609032924,0.1447233317784202,60997.46063108562,65143.58410143127,6.502257499289668,298.3669475212304,302.2291170624172,0.7951072429668422,0,NaN,35,NaN,0.7829588571486505,0.1955755167110726,NaN,NaN,0.5414483993098242,0,NaN,0,0,0,0,1
25.6,55,100,30,0,8.26922240221011,260.4493674982095,2.530673094142529,0,0.8,-0,0.002701253711060861,12.76784841431111,0.1668429743261117,60999.4944449519,65153.73864059904,6.461628825310184,298.099344926543,226.4797615106739,0.7993676442513052,0,NaN,35,NaN,0.7927877523384301,0.1954658783466147,NaN,NaN,0.5443800594844042,0,NaN,0,0,0,0,1
25.8,55,100,30,0,24.12652985305577,184.7350292603815,0.2530673094142529,0,0.8,-0,0.00266069863916813,12.75625009567068,0.1894890320255318,61004.76166011925,65167.12114030011,6.441338462284715,297.9504569304527,184.3290850228805,0.8036030852967994,0,NaN,35,NaN,0.8020767320391253,0.1953618351598363,NaN,NaN,0.5472948688841761,0,NaN,0,0,0,0,1
26,55,100,30,0,48.0476855731588,139.1011248147242,0.02530673094142529,0,0.8,-0,0.002591017178013845,12.78154345367557,0.2127573478072113,61014.8458721905,65185.2671810436,6.443773064465938,297.8746928476153,162.8758460665962,0.807779392006324,0,NaN,35,NaN,0.7983393724096465,0.1953921146080936,NaN,NaN,0.5501692994973956,0,NaN,0,0,0,0,1
26.2,55,100,30,0,70.98554512994782,41.73033744441727,149.6697811202671,0,0.8,-0,0.002549693457547798,12.81146302718545,0.2364413917482751,61029.44438696686,65207.88282431012,6.465726016237715,298.4301063603586,320.1883072993817,0.8118884700110769,0,NaN,35,NaN,0.7856472448985614,0.1955147488977737,NaN,NaN,0.5529977659694729,0,NaN,0,0,0,0,1
26.4,55,100,30,0,85.1509236800302,229.2172117477158,14.96697811202671,0,0.8,-0,0.002542914346060251,12.81001990200751,0.260315694588042,61046.81793943542,65233.27685195138,6.490944333059221,298.2547509115999,270.5052109951731,0.8159682180311916,0,NaN,35,NaN,0.7812178143216281,0.1955523181076238,NaN,NaN,0.5558063449902445,0,NaN,0,0,0,0,1
26.6,55,100,30,0,89.28072382283699,180.6829690938213,1.496697811202671,0,0.8,-0,0.002543236808193586,12.80424669198162,0.2843310495182614,61065.06303886793,65259.54732888231,6.515959462215899,298.1157848837312,231.1181274168292,0.8200380224807216,0,NaN,35,NaN,0.7740703639850424,0.1956178791729357,NaN,NaN,0.5586083782481908,0,NaN,0,0,0,0,1
26.8,55,100,30,0,83.41558792667233,143.6080145298198,0.1496697811202671,0,0.8,-0,0.002544849577925986,12.78502848806888,0.3082822459424546,61082.16710538079,65284.66365039914,6.537486986538576,298.030330206044,206.8891108450233,0.8240958048388001,0,NaN,35,NaN,0.7741431617572038,0.1956091264188069,NaN,NaN,0.5614024323196615,0,NaN,0,0,0,0,1
27,55,100,30,0,68.95023144476507,119.5103290766491,0.01496697811202671,0,0.8,-0,0.002484019798285183,12.77268429297277,0.3327387116303012,61096.39713973594,65306.86023333242,6.552062262846663,297.9787921777781,192.2717718444821,0.828106413488724,0,NaN,35,NaN,0.7746751718251891,0.1955957398149381,NaN,NaN,0.5641642965234529,0,NaN,0,0,0,0,1
27.2,55,100,30,0.5191149505996387,34.47511572238253,103.5080021342383,0.001496697811202671,0,0.8,-0,0.002438628762537305,12.71203565256395,0.3576085876761357,61103.84620683453,65322.25988123858,6.537621392890762,297.9552382968506,185.5897278569295,0.8320714218812799,0,NaN,35,NaN,0.7939213609492459,0.1953897643434888,NaN,NaN,0.566895044356777,0,NaN,0,0,0,0,1
27.4,55,100,30,0,20.04056550371886,94.9731550929167,0.0001496697811202671,0,0.8,-0,0.002369977232104956,12.6935873918582,0.3830156703582733,61108.30968388316,65334.65998348891,6.508644888971134,297.9406942607354,181.4630195895483,0.835995775633869,0,NaN,35,NaN,0.7931970236933396,0.1953894913593561,NaN,NaN,0.5695980726909834,0,NaN,0,0,0,0,1
27.6,55,100,30,0,17.15144206426261,28.49194652787501,105.3090435485055,0,0.8,-0,0.002383625199860204,12.64851183633311,0.4084467642340376,61112.13253295077,65346.46207577839,6.479249100925279,298.3704865812194,303.4283582767335,0.8399290935494222,0,NaN,35,NaN,0.8013069720452352,0.1952982213385548,NaN,NaN,0.5723075547719505,0,NaN,0,0,0,0,1
27.8,55,100,30,0,25.97549506639859,174.6554121433014,10.53090435485055,0,0.8,-0,0.002367207566047438,12.63431501698998,0.4340123052219885,61117.67169487696,65359.98853303226,6.461021913547167,298.2622076380293,272.696789017175,0.8438749112263167,0,NaN,35,NaN,0.8036760155609199,0.1952660501280264,NaN,NaN,0.57502592844332,0,NaN,0,0,0,0,1
28,55,100,30,0,42.05244830038511,147.968981134796,1.053090435485055,0,0.8,-0,0.002360867697507972,12.62374844854629,0.4596911447989551,61126.45595890399,65376.76099867738,6.460225634386608,298.1686851660234,246.1484561265568,0.8478165084488383,0,NaN,35,NaN,0.8103958318738346,0.1951890722850317,NaN,NaN,0.577741675652277,0,NaN,0,0,0,0,1
28.2,55,100,37,0,58.4264793417784,126.3486067927745,0.1053090435485055,0,0.8,-0,0.002725823807043879,12.4250108089505,0.4832695744439846,61139.93547717987,65398.64164655158,6.472668210886824,298.1197320148459,232.248594947569,0.8520539315425362,0,NaN,35,NaN,0.8605825107616548,0.194663436931389,NaN,NaN,0.5806615593251543,0,NaN,0,0,0,0,1
28.4,55,100,37,0,69.83583524281427,116.4868819024572,0.01053090435485055,0,0.8,-0,0.002685210700636967,12.45174014587376,0.5072101908395432,61155.70934236115,65422.7855000249,6.492650590203851,298.0759997418343,219.8272898131424,0.8564173210194188,0,NaN,35,NaN,0.8492792989362424,0.1947714301197423,NaN,NaN,0.5836685821803741,0,NaN,0,0,0,0,1
28.6,55,100,37,0,73.26987320191456,106.256346904011,0.001053090435485055,0,0.8,-0,0.002725920534576208,12.42610410753989,0.5308893580490148,61172.17843769913,65447.65692747728,6.510913590072149,298.0538103456402,213.5227196771372,0.8607973406719608,0,NaN,35,NaN,0.8450722517696667,0.194806198362559,NaN,NaN,0.586687412145795,0,NaN,0,0,0,0,1
28.8,55,100,37,0,69.42847814730149,101.7789875834353,0.0001053090435485055,0,0.8,-0,0.002705776219978871,12.40880613545432,0.5547982032444667,61187.88393715383,65471.73528080916,6.523690616036501,298.0348704241207,208.1396100717774,0.8651628676821298,0,NaN,35,NaN,0.8518581866503526,0.1947276606946318,NaN,NaN,0.5896965988305605,0,NaN,0,0,0,0,1
29,55,100,37,0,60.48876468711651,97.42902309216501,0.0001,0,0.8,-0,0.002661193020309203,12.38377066693671,0.5793039360156995,61201.80456512509,65494.01957933931,6.52888719389384,298.0242566579905,205.1220169571654,0.869496793821861,0,NaN,35,NaN,0.8552270054544986,0.1946844138489597,NaN,NaN,0.5926843440215038,0,NaN,0,0,0,0,1
29.2,55,100,37,0,49.47772883729446,95.21696409315678,0.0001,0,0.8,-0,0.002646509144660277,12.35211661967809,0.6040797351345416,61213.52399531876,65514.11900317975,6.524679068820595,298.020377107227,204.0187143086876,0.8738191154999334,0,NaN,35,NaN,0.8555350601403349,0.1946727489762726,NaN,NaN,0.5956644279145049,0,NaN,0,0,0,0,1
29.4,55,100,37,0,40.15653300844005,94.86774700037327,0.0001,0,0.8,-0,0.002650505640128643,12.30600754405503,0.6289729375677621,61223.38018731142,65532.38174404874,6.514633787476568,298.0110681573324,201.3706979695816,0.8781548699455374,0,NaN,35,NaN,0.8633251397095315,0.1945839100409807,NaN,NaN,0.5986541130412852,0,NaN,0,0,0,0,1
29.6,55,100,37,0,34.84250054038676,92.44939743847308,0.0001,0,0.8,-0,0.00262521471081714,12.29899632160777,0.654218404114349,61232.17424393917,65549.59386484444,6.500539927046114,298.0101725288065,201.1158687236046,0.8824865924373048,0,NaN,35,NaN,0.8514322119302867,0.1946980233838598,NaN,NaN,0.6016413579031368,0,NaN,0,0,0,0,1
29.8,55,100,37,0,35.16061268385201,92.6252786212174,0.0001,0,0.8,-0,0.00260119120092892,12.27126913028997,0.6798953833379976,61241.0310390232,65566.88314957351,6.48762058341715,298.0115998715019,201.5220657537632,0.8868155463280769,0,NaN,35,NaN,0.8534463864454599,0.1946687572475465,NaN,NaN,0.6046270329899648,0,NaN,0,0,0,0,1
30,55,100,37,0,40.62965441071761,93.50589889532554,0.0001,0,0.8,-0,0.002551355859251033,12.26824473945607,0.706017922102822,61250.97969566656,65585.23111635586,6.481570135569964,298.0173941095901,203.1713837857858,0.8911085831612681,0,NaN,35,NaN,0.8582389009857341,0.1946109203991704,NaN,NaN,0.6075882713622456,0,NaN,0,0,0,0,1
30.2,55,100,37,0,48.50010375205819,95.92920114685566,0.0001,0,0.9,-0,0.002537685199418911,13.09239609355668,0.7325035189525816,61262.50062671935,65605.17308882783,6.48612346710093,298.0172492136783,203.1301264829787,0.8953799344034609,0,NaN,35,NaN,0.8658255433347327,0.1945243151247653,NaN,NaN,0.6105348828869823,0,NaN,0,0,0,0,1
30.4,55,100,37,0,54.5364205511538,96.48803438126106,0.0001,0,0.9,-0,0.00254367134772722,13.05883467998038,0.7590769225436119,61275.22791544713,65626.34720584992,6.497128578571018,298.0160988406185,202.8025030557328,0.8996625973394523,0,NaN,35,NaN,0.8726440013644792,0.1944456009008172,NaN,NaN,0.6134896297414966,0,NaN,0,0,0,0,1
30.6,55,100,37,0,56.18346301802389,96.73908790789551,0.0001,0,0.9,-0,0.002518256119468566,13.05375847004471,0.7860517993396898,61288.28285461842,65647.84197064395,6.50947902000835,298.0210784230085,204.2210643074426,0.9039328522367029,0,NaN,35,NaN,0.8691397984381826,0.1944733555776065,NaN,NaN,0.6164361468462198,0,NaN,0,0,0,0,1
30.8,55,100,37,0,52.9065619234736,99.06937815360007,0.0001,0,0.9,-0,0.002482192809296999,13.03323777068817,0.81333914964792,61300.67933532771,65668.66847747806,6.519972421315825,298.0288633876301,206.4394325322648,0.9081802911165691,0,NaN,35,NaN,0.871279430235298,0.1944429587431295,NaN,NaN,0.619367248563073,0,NaN,0,0,0,0,1
31,55,100,37,0,45.44269645345454,102.5082849429196,0.0001,0,0.9,-0,0.002459457608966108,13.01057713104558,0.840952468042541,61311.57988295065,65687.98715732551,6.522898428996817,298.0350842740895,208.2125735851453,0.9124060848039729,0,NaN,35,NaN,0.8721237936823336,0.1944259606365325,NaN,NaN,0.6222837377804846,0,NaN,0,0,0,0,1
31.2,55,100,37,0,36.8273064337179,105.6784805728792,0.0001,0,0.9,-0,0.002442794382121798,12.96826601223282,0.8687805450839768,61320.75542257918,65705.586919653,6.516554230348397,298.0356512317687,208.3742099669014,0.9166247298920019,0,NaN,35,NaN,0.8826580403357701,0.1943090553463506,NaN,NaN,0.6251956162596326,0,NaN,0,0,0,0,1
31.4,55,100,37,0,30.75578649050492,107.1430846021358,0.0001,0,0.9,-0,0.00245838433814581,12.93720124978828,0.8966491095202713,61328.71539278913,65722.0013081089,6.504077254853908,298.0383541870147,209.1449809922969,0.9208522799596073,0,NaN,35,NaN,0.882965941209286,0.1942975895015621,NaN,NaN,0.6281139650801686,0,NaN,0,0,0,0,1
31.6,55,100,37,0,29.66550759288858,109.4082731707314,0.0001,0,0.9,-0,0.002429821275572311,12.90430479928517,0.9248650161743784,61336.45693640599,65738.19446696284,6.491516919072976,298.0333105041049,207.7064382981671,0.9250738732969036,0,NaN,35,NaN,0.8966921368496666,0.1941477347505579,NaN,NaN,0.6310285253448537,0,NaN,0,0,0,0,1
31.8,55,100,37,0,33.58001154347736,109.0862124155421,0.0001,0,0.9,-0,0.002406345946869721,12.88268048616542,0.9532281891963656,61344.982091421,65755.16870097443,6.483690001255907,298.0286934368795,206.3893022073609,0.9292787615837571,0,NaN,35,NaN,0.9068405373020959,0.1940347932872289,NaN,NaN,0.6339318739352622,0,NaN,0,0,0,0,1
32,55,100,37,0,40.6094902570557,108.7802957485512,0.0001,0,0.9,-0,0.00239347167196868,12.86672773485729,0.9819588985896759,61354.91389868768,65773.58293156218,6.482495140174245,298.0226929474381,204.6771276172253,0.9334841204661802,0,NaN,35,NaN,0.9055532828745801,0.1940398385158209,NaN,NaN,0.6368358683086001,0,NaN,0,0,0,0,1
32.2,55,100,43,0,48.11030719469102,107.8207587784528,0.0001,0,0.9,-0,0.002642256910400982,12.69339146725156,1.009245580878122,61367.54578935273,65795.01066183676,6.48719469468174,298.022749912433,204.6933987328615,0.9379039516147003,0,NaN,35,NaN,0.954755023153512,0.1935232354341364,NaN,NaN,0.639888311567815,0,NaN,0,0,0,0,1
32.4,55,100,43,0,53.73319122774901,108.7364009014085,0.0001,0,0.9,-0,0.002616262670699991,12.69549925567377,1.037120541658016,61381.30175480378,65817.55305204439,6.494376392416376,298.0176394397827,203.2343784846658,0.9424189517033936,0,NaN,35,NaN,0.9525303312451274,0.1935373952125981,NaN,NaN,0.6430068469021962,0,NaN,0,0,0,0,1
32.6,55,100,43,0,56.49411686705309,107.8259823158494,0.0001,0,0.9,-0,0.002611783356149284,12.66102104569857,1.065331056467768,61395.6105639269,65840.65824433525,6.503136852598554,298.009902242403,201.0247699568379,0.946928454267138,0,NaN,35,NaN,0.9656428464096282,0.1933931252041605,NaN,NaN,0.6461219544353398,0,NaN,0,0,0,0,1
32.8,55,100,43,0,55.75362295098477,105.8564567565633,0.0001,0,0.9,-0,0.002580194731887032,12.64294329894886,1.09383742373241,61409.77173133261,65863.59561367397,6.509213952176967,298.0059269164777,199.8891342388259,0.9514133701129545,0,NaN,35,NaN,0.9740304335729965,0.193297700212814,NaN,NaN,0.6492204439674299,0,NaN,0,0,0,0,1
33,55,100,43,0,52.59614266616394,104.9143323827958,0.0001,0,0.9,-0,0.002561075334595733,12.63159537571516,1.122697593492337,61423.30035355611,65885.88739130496,6.514114608482515,298.0085000501288,200.6244189246898,0.955868020000213,0,NaN,35,NaN,0.9706110076529271,0.1933243402246105,NaN,NaN,0.6522983852518341,0,NaN,0,0,0,0,1
33.2,55,100,43,0,47.47367183912657,106.054137804772,0.0001,0,0.9,-0,0.002518911451181587,12.61855361253767,1.152095773017596,61435.8023805948,65907.12029172236,6.514349776652202,298.0119871166715,201.6211508161383,0.9602844704968988,0,NaN,35,NaN,0.9701109369045757,0.1933208865661114,NaN,NaN,0.6553502884399965,0,NaN,0,0,0,0,1
33.4,55,100,43,0,42.26867192682685,107.5566291394796,0.0001,0,0.9,-0,0.00247026859574858,12.61353668757988,1.182003330438103,61447.2615790249,65927.28360724915,6.508103792723805,298.0134059022735,202.026799112305,0.9646595405971385,0,NaN,35,NaN,0.9617695287181339,0.1933985177927074,NaN,NaN,0.65837394584533,0,NaN,0,0,0,0,1
33.6,55,100,43,0,39.56839420273298,108.4694740482715,0.0001,0,0.9,-0,0.002457357068859685,12.58078874919894,1.212307051437163,61458.17884584741,65946.92376109377,6.500108954769041,298.0177309894493,203.2637253224864,0.9690264467998635,0,NaN,35,NaN,0.9634441028279416,0.1933726930179467,NaN,NaN,0.6613923078798966,0,NaN,0,0,0,0,1
33.8,55,100,43,0,40.05104821503745,110.4537095671452,0.0001,0,0.9,-0,0.002457452650816238,12.54340850690968,1.242859636890481,61469.19148213678,65966.65889488658,6.492852396002496,298.0145265409328,202.3470521682917,0.9733942311796758,0,NaN,35,NaN,0.9776926252965503,0.1932169648176227,NaN,NaN,0.6644116235256569,0,NaN,0,0,0,0,1
34,55,100,43,0,43.42830784533817,109.980648779502,0.0001,0,0.9,-0,0.002384302253537127,12.56636304545736,1.273879190091322,61480.88014305348,65987.01491937418,6.488852211418322,298.0069605606281,200.1821411797166,0.9777119380480687,0,NaN,35,NaN,0.9675546275091286,0.1933132754932894,NaN,NaN,0.6673966628969994,0,NaN,0,0,0,0,1
34.2,55,100,43,0,48.39732289539233,107.9391642232281,0.0001,0,0.9,-0,0.00237690034729059,12.56693668790059,1.305179860324016,61493.56357114351,66008.35181450957,6.489766301904885,298.0008387540782,198.4299849537857,0.9819896019302773,0,NaN,35,NaN,0.9581045136364117,0.1934025242739987,NaN,NaN,0.6703543527852505,0,NaN,0,0,0,0,1
34.4,55,100,43,0,52.99500332597286,106.1449068393472,0.0001,0,0.9,-0,0.002378253647129096,12.56570446336339,1.336512739047328,61507.16755302082,66030.61324532816,6.495413393555547,297.9922683918921,195.9763057445099,0.9862549738449118,0,NaN,35,NaN,0.9476951486131722,0.1935016675887258,NaN,NaN,0.673303874915272,0,NaN,0,0,0,0,1
34.6,55,100,43,0,55.33404853269674,103.2654987121971,0.0001,0,0.9,-0,0.002393416167838246,12.53514982070513,1.367928331329429,61521.24199404113,66053.3847701303,6.504180902830115,297.9749714251608,191.0227258549208,0.9905439084349118,0,NaN,35,NaN,0.9450699852607749,0.1935203842596074,NaN,NaN,0.676270024288437,0,NaN,0,0,0,0,1
34.8,55,100,43,0,54.17100066351247,97.07238760224951,0.0001,0,0.9,-0,0.002347022506535685,12.52503341568071,1.399989757554307,61535.08675091938,66075.89575336828,6.51079645319765,297.9642592320837,187.9539886760344,0.9948107096239445,0,NaN,35,NaN,0.9495020882697908,0.1934662946186064,NaN,NaN,0.6792211985478867,0,NaN,0,0,0,0,1
35,55,100,43,0,50.37877640892553,92.56783668466522,0.0001,0,0.9,-0,0.002304149908026598,12.52137440492785,1.43245714364146,61548.17429268287,66097.60300607354,6.51135947253935,297.9586338961295,186.3420152585932,0.9990241669911974,0,NaN,35,NaN,0.9474687930552089,0.193479049319049,NaN,NaN,0.6821358019936951,0,NaN,0,0,0,0,1
35.2,55,100,43,0,46.3743104509207,89.3671584316952,0.0001,0,0.9,-0,0.002260562586150236,12.5303531260825,1.465405966901534,61560.46071513242,66118.4812046431,6.506637604227313,297.9580972170882,186.1881794817342,1.003187432168274,0,NaN,35,NaN,0.9312028901094802,0.193638767214468,NaN,NaN,0.6850160028711983,0,NaN,0,0,0,0,1
35.4,55,100,43,0,44.25655814995239,87.67296528693447,0.0001,0,0.9,-0,0.002248808945312313,12.48812740424563,1.49877217377069,61572.32088032099,66138.96965165423,6.499694735301252,297.9693529892425,189.4153629543275,1.007345760604215,0,NaN,35,NaN,0.9380399538994548,0.1935600907249823,NaN,NaN,0.687893103251857,0,NaN,0,0,0,0,1
35.6,55,100,43,0,44.90632666093065,89.98887741378394,0.0001,0,0.9,-0,0.0022108127560104,12.49204913687412,1.532209022861919,61584.307824465,66159.55312506093,6.495293214521546,297.971940515572,190.1574392751928,1.011480295326465,0,NaN,35,NaN,0.9334222556159653,0.1935996498742724,NaN,NaN,0.6907540530035444,0,NaN,0,0,0,0,1
35.8,55,100,43,0,47.30126065990645,89.64789280292774,0.0001,0,0.9,-0,0.002207338657469503,12.4777404157529,1.56598375761653,61596.77245838962,66180.62260160038,6.491444991464088,297.9706664996569,189.7919602075574,1.015596348438686,0,NaN,35,NaN,0.9304643222280382,0.1936221141857787,NaN,NaN,0.6936025231871231,0,NaN,0,0,0,0,1
36,55,100,43,0,51.24180137940458,88.13672019867806,0.0001,0,0.9,-0,0.002189971137365078,12.47485563293765,1.59973586283744,61610.02454892837,66202.46424732581,6.491707236501883,297.9685035775915,189.1713034715012,1.019699781350884,0,748.2544261601286,35,1761.781639389894,0.9254953572454705,0.1936653405725212,1.465405966901534,12.60409854531225,0.6964425666798445,0,35.60985916735216,0,0,0,0,1
36.2,55,100,47,0,55.06573230114361,86.30006094261373,0.0001,0,0.9,-0,0.002357979536414117,12.32722544512184,1.6329025384036,61624.83889505277,66226.12487042672,6.492797368962823,297.9792330492266,192.2510867574537,1.023963434925252,0,NaN,35,NaN,0.9611406391259358,0.1932891998845014,NaN,NaN,0.6993938258891035,0,NaN,0,0,0,0,1
36.4,55,100,47,0,58.46404826566334,88.83683473189532,0.0001,0,0.9,-0,0.002365999353825944,12.30940629646977,1.665937447356924,61640.32923705482,66250.48714069939,6.497436472951414,297.9834797368819,193.4704432434948,1.028329135383115,0,NaN,35,NaN,0.9609721809737776,0.1932824130795141,NaN,NaN,0.702416063950088,0,NaN,0,0,0,0,1
36.6,55,100,47,0,59.99773124789034,89.44271028171639,0.0001,0,0.9,-0,0.00239440628855077,12.24844732233882,1.698966685000283,61656.12221392749,66275.20197681295,6.50166783430915,297.9970077210664,197.3560434935603,1.032731732042932,0,NaN,35,NaN,0.9849626862599301,0.193026105832613,NaN,NaN,0.7054641956249946,0,NaN,0,0,0,0,1
36.8,55,100,47,0,59.85156379174042,93.45850480101331,0.0001,0,0.9,-0,0.002370191369622145,12.25396189262886,1.732100400393261,61671.88032573779,66299.85007781858,6.506240426590922,298.0112125644828,201.4374138975521,1.037122579546348,0,NaN,35,NaN,0.9780346949008105,0.1930890882104862,NaN,NaN,0.7085045444398437,0,NaN,0,0,0,0,1
37,55,100,47,0,57.87393540903228,98.14550543827505,0.0001,0,0.9,-0,0.002342329053182481,12.24543786052892,1.765505606109284,61687.23838141646,66324.07749076588,6.509584207942856,298.017595016845,203.2718397787763,1.041481243641805,0,NaN,35,NaN,0.9739040489299426,0.1931232336506144,NaN,NaN,0.7115229559281614,0,NaN,0,0,0,0,1
37.2,55,100,47,0,54.56391692435717,100.6613863457261,0.0001,0,0.9,-0,0.002409934158637502,12.16481051476424,1.798739728730084,61701.93136632234,66347.75083582425,6.507844089750829,298.0226566188272,204.7271031601921,1.045895768808566,0,NaN,35,NaN,0.9876352665195508,0.1929728295636627,NaN,NaN,0.7145804045295848,0,NaN,0,0,0,0,1
37.4,55,100,47,0,51.96268871202145,103.0195837685434,0.0001,0,0.9,-0,0.002428572984835546,12.11814205458217,1.831896506046798,61716.10085194235,66370.92674822359,6.504973830495291,298.0303500204251,206.9397239699994,1.050358832499145,0,NaN,35,NaN,1.002355375833565,0.1928120766028829,NaN,NaN,0.7176718313837194,0,NaN,0,0,0,0,1
37.6,55,100,47,0,50.49700258604879,106.4854685109782,0.0001,0,0.9,-0,0.002415860329120121,12.09792990656408,1.865345885534392,61729.97381122164,66393.79495701332,6.500841246795802,298.0365829670928,208.7328650138927,1.054816511050198,0,NaN,35,NaN,1.007907948353587,0.1927460233628523,NaN,NaN,0.7207598905338898,0,NaN,0,0,0,0,1
37.8,55,100,47,0,50.68487391264463,109.7162603653088,0.0001,0,0.9,-0,0.002402668080738234,12.05951930593952,1.899111562419429,61743.88215875233,66416.70175273929,6.497627016217415,298.0364480104258,208.6940247934768,1.059262475897879,0,NaN,35,NaN,1.024304496903358,0.1925679190839238,NaN,NaN,0.7238401958425773,0,NaN,0,0,0,0,1
38,55,100,47,0,52.15138583413756,110.9948144811632,0.0001,0,0.9,-0,0.002349474280097183,12.06887739758446,1.933355565492811,61758.08263112869,66439.85988100419,6.494886278988182,298.0358405532005,208.5191543083575,1.063663048142558,0,NaN,35,NaN,1.02143153334644,0.1925890476375228,NaN,NaN,0.7268894066357677,0,NaN,0,0,0,0,1
38.2,55,100,47,0,54.71557831912578,112.1530543043961,0.0001,0,0.9,-0,0.002373484823602016,12.02406208103676,1.967662857998611,61772.79525797248,66463.5496722283,6.496039697461832,298.0323745385911,207.5211014588728,1.068049624526568,0,NaN,35,NaN,1.039175069642029,0.1923970940862742,NaN,NaN,0.7299292709978532,0,NaN,0,0,0,0,1
38.40000000000001,55,100,47,0,56.80714576266588,112.3058559383467,0.0001,0,0.9,-0,0.002332904989987202,12.02899631656241,2.002220139450706,61787.92733859029,66487.62369711995,6.499545407752042,298.0192901846308,203.7521975117649,1.072403962686796,0,NaN,35,NaN,1.039614656750186,0.1923840811459872,NaN,NaN,0.7329471416266086,0,NaN,0,0,0,0,1
38.6,55,100,47,0,57.50117487121277,109.0317941288098,0.0001,0,0.9,-0,0.002384372571018549,11.95357513687979,2.036573266363862,61803.19850221976,66511.94218155873,6.502951577455268,298.0214363825463,204.3706029971819,1.076802295301431,0,NaN,35,NaN,1.055351872314119,0.1922127942369932,NaN,NaN,0.7359958547377619,0,NaN,0,0,0,0,1
38.8,55,100,47,0,56.84058992540767,110.593746987984,0.0001,0,0.9,-0,0.002322634945435486,11.96492309318438,2.071482017329185,61818.33720263858,66536.04335093405,6.506617891964732,298.0122953382823,201.7358441907504,1.08116861464913,0,NaN,35,NaN,1.059947987345628,0.1921567728650014,NaN,NaN,0.7390227269182099,0,NaN,0,0,0,0,1
39,55,100,47,0,54.71230737097426,108.2278545780335,0.0001,0,0.9,-0,0.002305375299420153,11.94606533780503,2.106666916566409,61833.05148691683,66559.70970931467,6.508201157483731,298.0043395388766,199.4419795595211,1.08549203749016,0,NaN,35,NaN,1.060681184676229,0.1921407906957086,NaN,NaN,0.7420202046709294,0,NaN,0,0,0,0,1
39.2,55,100,47,0,51.95838347300997,106.012736800635,0.0001,0,0.9,-0,0.002287487446081963,11.94563119382875,2.142156470499336,61847.21606600346,66582.83482320927,6.510242795169874,297.9964600415194,197.169407169014,1.089795868217618,0,NaN,35,NaN,1.045290740234768,0.1922915799953583,NaN,NaN,0.7450044378415723,0,NaN,0,0,0,0,1
39.40000000000001,55,100,47,0,48.37963528311069,103.5167114158031,0.0001,0,0.9,-0,0.002272043025607772,11.91950699472169,2.177789420647022,61860.66569059481,66605.24455298063,6.506769222596572,297.9907874205064,195.5328381836606,1.09408521011084,0,NaN,35,NaN,1.047980916184938,0.1922554283017405,NaN,NaN,0.7479789610309626,0,NaN,0,0,0,0,1
39.6,55,100,47,0,46.20987280311812,101.4860049534763,0.0001,0,0.9,-0,0.00226850091428503,11.8788030313744,2.213743269035313,61873.68204621535,66627.25946113821,6.49800570362534,297.9840291853552,193.5824946437894,1.098382475953535,0,NaN,35,NaN,1.054527309290442,0.1921793891815358,NaN,NaN,0.7509593160799301,0,NaN,0,0,0,0,1
39.8,55,100,47,0,47.5452202629731,98.85148675289497,0.0001,0,0.9,-0,0.002228628379856168,11.88515806679377,2.250088193887376,61886.96665122028,66649.5127327403,6.49065193391846,297.9750583616363,190.9928680463927,1.102654034715584,0,NaN,35,NaN,1.048799538181866,0.1922303089436097,NaN,NaN,0.7539221762618772,0,NaN,0,0,0,0,1
40,55,100,47,0,51.80052379951987,95.20833378433761,0.0001,0,0.9,-0,0.002199770799781006,11.87993293731595,2.286559977566191,61901.10305971228,66672.59866767802,6.487166684608699,297.9708676762816,189.7827686229823,1.106889638109376,0,NaN,35,NaN,1.05021787615431,0.1922074131627669,NaN,NaN,0.7568604259523999,0,NaN,0,0,0,0,1
40.2,60,100,51,0,57.44174951071434,92.894517076228,0.0001,0,1.1,-0,0.002334287287693426,13.62347681538196,2.322264747712241,61919.16751012253,66699.81482306078,6.487285262441479,297.9669643603575,188.6552794644059,1.026223327015063,10,NaN,35,NaN,1.044043150632039,0.1933271190829653,NaN,NaN,0.7646817111948354,0,NaN,0,0,0,0,1
40.40000000000001,60,100,51,0,63.03610280103991,90.48684108311247,0.0001,0,1.1,-0,0.002271344894779107,13.65996726179927,2.358428607580707,61938.35019201251,66728.0693857056,6.491594545411219,297.9636333055263,187.6927103530451,1.025761347766863,10,NaN,35,NaN,1.016439613105449,0.1935891101944442,NaN,NaN,0.7643328248226376,0,NaN,0,0,0,0,1
40.6,60,100,51,0,66.9045296374763,88.1280655492159,0.0001,0,1.1,-0,0.002268034707376317,13.6313201118708,2.394770200061265,61958.30603794524,66757.1054149946,6.495143582720464,297.958755332758,186.2825818275629,1.029494681285728,10,NaN,35,NaN,1.026702884417239,0.193484756221795,NaN,NaN,0.7671523567371562,0,NaN,0,0,0,0,1
40.8,60,100,51,0,69.36924541241937,85.10639681259474,0.0001,0,1.1,-0,0.002267240608283092,13.61603746805899,2.431222476485411,61978.75469268418,66786.64005865344,6.501267424641354,297.9524239777188,184.4515688865999,1.033444880732332,10,NaN,35,NaN,1.028502156316343,0.1934600176170266,NaN,NaN,0.7701359742044472,0,NaN,0,0,0,0,1
41,60,100,51,0,69.37354627376666,81.41198909827392,0.0001,0,1.1,-0,0.002269116949651888,13.58368442854656,2.467896708215993,61999.20385457371,66816.19113951482,6.508694688613701,297.948818178152,183.4083528023907,1.037412225258178,10,NaN,35,NaN,1.035102443346268,0.1933898383070957,NaN,NaN,0.7731328535903434,0,NaN,0,0,0,0,1
41.2,60,100,51,0,66.41090569660366,24.42359672948217,91.14725457812381,0,1.1,-0,0.00220900467792632,13.59474767286899,2.505021240297295,62019.00063380207,66845.02642357784,6.513098916172567,298.3328815719519,294.5684399007416,1.041334542810785,10,NaN,35,NaN,1.030583631903861,0.1934249106283203,NaN,NaN,0.776096027718102,0,NaN,0,0,0,0,1
41.40000000000001,60,100,51,0,61.70066060589548,155.0331927679059,9.114725457812382,0,1.1,-0,0.002183731232567964,13.58408541770919,2.542379713142469,62037.80856410706,66872.86063044878,6.51218919709669,298.2459863780585,269.4084029207954,1.045213471682371,10,NaN,35,NaN,1.02672161455956,0.1934538492867725,NaN,NaN,0.7790267239652962,0,NaN,0,0,0,0,1
41.6,60,100,51,0,57.3620591739766,134.6569343693867,0.9114725457812383,0,1.1,-0,0.002139956585431196,13.55979119476434,2.580039498368175,62055.77241680102,66899.82779150484,6.508066828165513,298.1665401081181,246.3965596379306,1.049062028048402,10,NaN,35,NaN,1.0355102877713,0.1933632154359819,NaN,NaN,0.7819347681111299,0,NaN,0,0,0,0,1
41.8,60,100,51,0,54.66593817682269,117.1241743713134,0.09114725457812384,0,1.1,-0,0.002119331641949865,13.53127493530691,2.617864097357838,62073.21449941963,66926.25923730484,6.502424665728229,298.1208296891606,233.1515878266698,1.052883867626728,10,NaN,35,NaN,1.049108563339962,0.1932271258179482,NaN,NaN,0.7848229159759662,0,NaN,0,0,0,0,1
42,60,100,51,0,54.22138659774545,108.1951809099673,0.009114725457812384,0,1.1,-0,0.002132505625210728,13.46656439958448,2.655759692247736,62090.57796099487,66952.64690446756,6.495062303245856,298.088568097979,223.800171823177,1.056713056087157,10,NaN,35,NaN,1.079804368120295,0.192929165778672,NaN,NaN,0.7877169086695274,0,NaN,0,0,0,0,1
42.2,60,100,51,0,56.72255892854598,101.9388734380104,0.0009114725457812384,0,1.1,-0,0.002091585331981516,13.49566024965147,2.693813286006439,62108.44883564113,66979.48329210257,6.490152831681312,298.0630241938761,216.3932750544315,1.060502255380142,10,NaN,35,NaN,1.069818934608926,0.1930162915890024,NaN,NaN,0.7905809657573022,0,NaN,0,0,0,0,1
42.40000000000001,60,100,51,0,61.17396976280948,96.68949213058201,0.0001,0,1.1,-0,0.002084829374320259,13.49336774728252,2.732075666535529,62127.21591404417,67007.22687355102,6.486493628533717,298.0387288444512,209.3457948783679,1.064268569796808,10,NaN,35,NaN,1.059458780611937,0.1931069777988231,NaN,NaN,0.7934280083987985,0,NaN,0,0,0,0,1
42.6,60,100,51,0,67.09281022664028,90.86258313013391,0.0001,0,1.1,-0,0.002049618225188559,13.48979926343597,2.770297238937911,62147.17102770506,67036.13405482365,6.484752405681227,298.0233723792808,204.8895228708212,1.068016093452538,10,NaN,35,NaN,1.063700728298013,0.193059527914252,NaN,NaN,0.7962611267839224,0,NaN,0,0,0,0,1
42.8,60,100,51,0,73.70584971503348,87.1991494339581,0.0001,0,1.1,-0,0.001993928834327534,13.5511505240822,2.808604662415187,62168.45039976062,67066.27446070657,6.485070037878095,298.0154472043502,202.5887858371892,1.0716940531906,10,NaN,35,NaN,1.037786920796993,0.1932974625961566,NaN,NaN,0.7990419267369534,0,NaN,0,0,0,0,1
43,60,100,51,0,80.19122081706188,85.45660179468373,0.0001,0,1.1,-0,0.00197848707023129,13.53686709560004,2.847239899890656,62191.02662953573,67097.71654995007,6.487820816035965,298.0116894136813,201.4974006548219,1.075337740863839,10,NaN,35,NaN,1.041322342719813,0.1932569126236023,NaN,NaN,0.8017970800186704,0,NaN,0,0,0,0,1
43.2,60,100,51,0,85.57488827334797,84.79887298904873,0.0001,0,1.1,-0,0.002014791832657423,13.49628349035705,2.885942939610689,62214.6780634743,67130.31588404265,6.492539154016137,298.0117592505167,201.5176921674266,1.079019195204704,10,NaN,35,NaN,1.043876835980371,0.193225564795333,NaN,NaN,0.8045810587186224,0,NaN,0,0,0,0,1
43.40000000000001,60,100,51,0,89.0725530084232,85.28950314030584,0.0001,0,1.1,-0,0.002005717363943822,13.48966906447802,2.924499173584784,62239.0277323187,67163.61687654495,6.498722988282771,298.0058157044703,199.7899287499,1.082716850926536,10,NaN,35,NaN,1.04256926087355,0.1932307064701944,NaN,NaN,0.8073775607566533,0,NaN,0,0,0,0,1
43.6,60,100,51,0,90.09817340045677,83.67942787242373,0.0001,0,1.1,-0,0.002012245725261816,13.45764661243113,2.963386788995618,62263.58189858431,67197.16201791138,6.50470567717224,298.0012673298664,198.4671144965926,1.086426095806095,10,NaN,35,NaN,1.046833728620095,0.1931831359207092,NaN,NaN,0.8101831010576723,0,NaN,0,0,0,0,1
43.8,60,100,51,0,88.73606758165671,82.37290414707235,0.0001,0,1.1,-0,0.001992869971010499,13.45559943367904,3.002152563259321,62287.86215005061,67230.40932407086,6.512494585633431,298.0009691749068,198.3803553813157,1.090126947571806,10,NaN,35,NaN,1.041328410896441,0.1932279634005853,NaN,NaN,0.8129825661374177,0,NaN,0,0,0,0,1
44,60,100,51,0,84.25183031297796,82.35167836551798,0.0001,0,1.1,-0,0.001944567823685712,13.46781446602691,3.041099930033451,62311.24488633502,67262.70889070584,6.518064461249999,297.991441077507,195.6067106320848,1.093781869985044,10,NaN,35,NaN,1.031032021106055,0.1933181586797775,NaN,NaN,0.8157475562102536,0,NaN,0,0,0,0,1
44.2,60,100,57,0,77.55270112803186,79.10306498380098,0.0001,0,1.1,-0,0.002113329528662831,13.28612745388245,3.079987727600538,62334.48635455706,67295.16639871222,6.52047233939143,297.9967858070526,197.1632793202449,1.097584528425917,10,NaN,35,NaN,1.073200362717629,0.1929119581071155,NaN,NaN,0.8186245926746614,0,NaN,0,0,0,0,1
44.40000000000001,60,100,57,0,69.89369113312884,80.69749781403945,0.0001,0,1.1,-0,0.002079947693579688,13.26290850817791,3.118754723378048,62356.19328502513,67326.07184474634,6.515066666259737,297.9956594393117,196.835094182165,1.101455468648737,10,NaN,35,NaN,1.080051258783715,0.1928395865144069,NaN,NaN,0.8215535860092541,0,NaN,0,0,0,0,1
44.6,60,100,57,0,64.41246044715849,80.14828323629732,0.0001,0,1.1,-0,0.00210432108328521,13.19019455499418,3.157682575896152,62376.80160641886,67355.95715736163,6.507138901956497,297.9997788830147,198.0358366694799,1.105364908734662,10,NaN,35,NaN,1.094916418193599,0.192691282979718,NaN,NaN,0.8245120137321473,0,NaN,0,0,0,0,1
44.8,60,100,57,0,62.08560457745276,81.41516804608375,0.0001,0,1.1,-0,0.00206762548749936,13.18518127250115,3.196536416139643,62396.94163695812,67385.33231845858,6.497522716532729,298.0025176759891,198.8344645013025,1.109273159218477,10,NaN,35,NaN,1.094217624522373,0.1926902820308662,NaN,NaN,0.8274698456471065,0,NaN,0,0,0,0,1
45,60,100,57,0,63.60269020678069,82.32086390753454,0.0001,0,1.1,-0,0.002062629124903013,13.1740875481664,3.235464977205015,62417.38207534565,67414.99850560653,6.490000665117837,298.0074185689855,200.2641422733182,1.113159296891824,10,NaN,35,NaN,1.096143584829645,0.1926644810583146,NaN,NaN,0.8304112440340352,0,NaN,0,0,0,0,1
45.2,60,100,57,0,68.11632469493084,84.0855438935674,0.0001,0,1.1,-0,0.002111199094748468,13.11235840899915,3.274278820039307,62438.72159335199,67445.65536715368,6.487404795728758,298.0140644345566,202.2036654612737,1.117088400760158,10,NaN,35,NaN,1.111144193681163,0.1925148256505376,NaN,NaN,0.8333854693521501,0,NaN,0,0,0,0,1
45.40000000000001,60,100,57,0,73.65885029049609,86.61980715508039,0.0001,0,1.1,-0,0.0020808767363518,13.13799894065146,3.313328608611291,62461.16680924279,67477.39241569876,6.484712754196432,298.012626409645,201.7838068927877,1.12101433286163,10,NaN,35,NaN,1.096294706874588,0.1926477465769155,NaN,NaN,0.836357601115208,0,NaN,0,0,0,0,1
45.6,60,100,57,0,80.29427172610409,86.60126086465485,0.0001,0,1.1,-0,0.002107175803610378,13.09556022705024,3.352332924041325,62484.937349017,67510.51625622522,6.483611739881745,298.0119175888847,201.5767623437448,1.124964475084349,10,NaN,35,NaN,1.103553341369725,0.1925713496085206,NaN,NaN,0.8393483713377752,0,NaN,0,0,0,0,1
45.8,60,100,57,0,87.36457256745481,86.84099325088101,0.0001,0,1.1,-0,0.002107065598189119,13.08578346592418,3.391354473040409,62510.11980763273,67545.06796538629,6.487363872495082,298.0119395935045,201.5831889236653,1.128936379658492,10,NaN,35,NaN,1.103504989170854,0.1925640714936953,NaN,NaN,0.8423559322178628,0,NaN,0,0,0,0,1
46,60,100,57,0,92.92319332864338,87.30081058358226,0.0001,0,1.1,-0,0.00210314974940375,13.09313033125926,3.430222948590482,62536.41270790216,67580.72952559211,6.496803921174068,298.0050693762548,199.5744945700885,1.132908851894085,10,NaN,35,NaN,1.0917084588559,0.1926679701519131,NaN,NaN,0.8453642376468231,0,NaN,0,0,0,0,1
46.2,60,100,57,0,94.70266832371159,85.37815535422939,0.0001,0,1.1,-0,0.002112394413871199,13.05864109788514,3.469320799947821,62563.06119089847,67616.78916523795,6.506441428480202,297.9982516102943,197.580133478122,1.136897771464412,10,NaN,35,NaN,1.095288148894629,0.1926263252698803,NaN,NaN,0.8483853151831442,0,NaN,0,0,0,0,1
46.40000000000001,60,100,57,0,92.64469406343937,83.26765433677326,0.0001,0,1.1,-0,0.002114185483371434,13.00382241721645,3.508739470591837,62589.29628064243,67652.47720877209,6.513304456184915,298.0010744294439,198.4062840770896,1.140910629471442,10,NaN,35,NaN,1.112853011358893,0.1924522707391844,NaN,NaN,0.8514248432151047,0,NaN,0,0,0,0,1
46.6,60,100,57,0,87.8512408819814,84.22709557411525,0.0001,0,1.1,-0,0.002098023305151487,12.97623902127709,3.548474410587418,62614.56956080857,67687.19621080588,6.518568122563927,298.0032915436648,199.0554801878066,1.144913631808183,10,NaN,35,NaN,1.123707051535659,0.1923417235598141,NaN,NaN,0.854457226226628,0,NaN,0,0,0,0,1
46.8,60,100,57,0,80.94868871934246,85.01111994087242,0.0001,0,1.1,-0,0.002083258016902736,12.96842763603452,3.588380022028666,62638.46064627281,67720.51121246972,6.523256452872525,297.9974900469277,197.3559136756607,1.148886799258629,10,NaN,35,NaN,1.117363655038144,0.192394046269018,NaN,NaN,0.8574673247197209,0,NaN,0,0,0,0,1
47,60,100,57,0,72.16757357933301,83.11640809732981,0.0001,0,1.1,-0,0.002066917455351437,12.92288614148827,3.628463680754541,62660.59449311701,67752.05957267679,6.52213921618377,297.9962492110089,196.9922406465663,1.152838647101744,10,NaN,35,NaN,1.132664552504112,0.1922414907224821,NaN,NaN,0.8604615838862827,0,NaN,0,0,0,0,1
47.2,60,100,57,0,63.85055429915177,82.63770769068248,0.0001,0,1.1,-0,0.002060245121623575,12.86835374765141,3.668741786620662,62681.06300807483,67781.96193043048,6.5167312773142,297.9974362879023,197.3402957906654,1.156793162936464,10,NaN,35,NaN,1.146443297965273,0.192103307130457,NaN,NaN,0.8634581766264541,0,NaN,0,0,0,0,1
47.40000000000001,60,100,57,0,57.6922062555599,82.91590090111728,0.0001,0,1.1,-0,0.002070977220761307,12.821626064715,3.709252808126845,62700.29721464731,67810.64519723578,6.510172350073731,298.0016457409558,198.5750249854023,1.160757749096663,10,NaN,35,NaN,1.156790514560717,0.1919975835618779,NaN,NaN,0.8664627137247407,0,NaN,0,0,0,0,1
47.6,60,100,57,0,54.14747410303372,84.26311992422259,0.0001,0,1.1,-0,0.002041696318894304,12.79444256375605,3.749801156687534,62718.81993441078,67838.60915389947,6.501049536543048,298.0027340268286,198.8943623504211,1.16471625752355,10,NaN,35,NaN,1.165303213330563,0.1919092391039234,NaN,NaN,0.869462957995496,0,NaN,0,0,0,0,1
47.8,60,100,57,0,54.25659374702553,84.66872293828476,0.0001,0,1.1,-0,0.001981508989327575,12.81573715812881,3.790268279673396,62737.36255704804,67866.51748497205,6.490324244586978,298.0031988354328,199.0307978685712,1.168623414461349,10,NaN,35,NaN,1.159970347627346,0.1919521795717662,NaN,NaN,0.8724245886843889,0,NaN,0,0,0,0,1
48,60,100,57,0,58.65288186655224,84.92344576875939,0.0001,0,1.1,-0,0.001976106914884067,12.80920598204461,3.831028496596063,62756.78220381498,67895.31841597611,6.484442305803097,298.006095832391,199.8815213677136,1.172513106907651,10,764.8643460676134,35,1813.7071342655,1.149409499479221,0.1920446624003134,3.668741786620662,15.63918651044486,0.8753732841525725,0,49.62772279067867,0,0,0,0,1
48.2,60,100,61,0,65.3809313702651,86.03937998352353,0.0001,0,1.1,-0,0.002067349246995056,12.72910204264085,3.871872923570638,62778.34369908743,67926.42620989695,6.485832768484854,298.0155733846248,202.6658231488764,1.176490623037814,10,NaN,35,NaN,1.163359157252771,0.1919047952500124,NaN,NaN,0.8783888695109254,0,NaN,0,0,0,0,1
48.40000000000001,60,100,61,0,71.544441054619,89.51600174164741,0.0001,0,1.1,-0,0.002085382863521671,12.72316220650605,3.912821410705162,62801.13405391147,67958.78324903484,6.492310155188127,298.0178603215103,203.3379660963284,1.180512020205773,10,NaN,35,NaN,1.16095677619994,0.1919197448396069,NaN,NaN,0.8814380449833709,0,NaN,0,0,0,0,1
48.6,60,100,61,0,75.12358263156307,90.81791524884852,0.0001,0,1.1,-0,0.002079614590860173,12.69670797245997,3.953660415470575,62824.63729908643,67991.8430318125,6.502577111917246,298.0210231411345,204.267949975049,1.184531645896734,10,NaN,35,NaN,1.176420251350922,0.1917654297298163,NaN,NaN,0.8844862002116018,0,NaN,0,0,0,0,1
48.8,60,100,61,0,74.59978988404373,92.56169804917664,0.0001,0,1.1,-0,0.002074980291325103,12.67422581139222,3.994280559292318,62848.03317872193,68024.80457524832,6.510955713240492,298.0209318538508,204.2410916073152,1.18855107006212,10,NaN,35,NaN,1.180181004541549,0.191721991558186,NaN,NaN,0.8875345255302204,0,NaN,0,0,0,0,1
49,60,100,61,0,70.74287703703966,93.29485058166912,0.0001,0,1.1,-0,0.002085106097666012,12.60204316521044,4.034966033106662,62870.65432209252,68057.04868640742,6.515728198850205,298.0291952304181,206.6730246265922,1.192596987148884,10,NaN,35,NaN,1.204330955170499,0.1914852232567624,NaN,NaN,0.8906032691936354,0,NaN,0,0,0,0,1
49.2,60,100,61,0,64.98275526839222,96.93134467140086,0.0001,0,1.1,-0,0.002098849791762884,12.54190648680094,4.075726001378147,62892.11902212651,68088.17317872275,6.515018625921916,298.0365937425751,208.851367931942,1.196673690513939,10,NaN,35,NaN,1.220949776743623,0.1913197225008257,NaN,NaN,0.8936956946260699,0,NaN,0,0,0,0,1
49.40000000000001,60,100,61,0,59.51290425278185,100.5166771820118,0.0001,0,1.1,-0,0.00210555709781566,12.50314013088219,4.116877268736595,62912.48572101042,68118.23604476858,6.508743455402663,298.0429162887921,210.7136889238842,1.200777399486158,10,NaN,35,NaN,1.217449129804715,0.1913449774805299,NaN,NaN,0.8968089410760972,0,NaN,0,0,0,0,1
49.6,60,100,61,0,56.55383401764924,104.0147321322681,0.0001,0,1.1,-0,0.002093693053099209,12.4786646941643,4.158252044234922,62932.25827803589,68147.69452400459,6.502040580308869,298.0398082744751,209.7978388654429,1.204876577200865,10,NaN,35,NaN,1.223344007907641,0.1912811303638038,NaN,NaN,0.8999190861619122,0,NaN,0,0,0,0,1
49.8,60,100,61,0,56.2595067787475,104.5044089259877,0.0001,0,1.1,-0,0.002082515256925592,12.44870930577884,4.199886807887308,62951.97183261931,68177.09973619343,6.495454997229396,298.0322246291215,207.5622661023386,1.208964200195498,10,NaN,35,NaN,1.23391782303427,0.1911729164370258,NaN,NaN,0.9030207990884128,0,NaN,0,0,0,0,1
50,60,100,61,0,58.59765939918981,103.4041716791794,0.0001,0,1.1,-0,0.002094485906371089,12.39990234553188,4.241369537420119,62972.15372140254,68207.02405560316,6.492595761466884,298.0234763776299,204.9823532032516,1.213079089349185,10,NaN,35,NaN,1.245700617175483,0.1910531608206964,NaN,NaN,0.9061435393582747,0,NaN,0,0,0,0,1
50.2,60,100,61,0,62.06765923988298,101.651325846778,0.0001,500,1.1,-0,0.002041464221157131,13.76173964694576,4.276080191573142,63093.04235671587,68337.57234800179,6.488831765397234,297.9081230409221,170.9235747294578,1.217155426069442,10,NaN,35,NaN,0.9326929907964053,0.1940042952641646,NaN,NaN,0.9092373566932833,0,NaN,0,0,0,0,1
50.40000000000001,60,100,61,0,67.05814943365786,30.49539775403338,152.4456558017716,500,1.1,-0,0.002024170236053455,13.78816358316174,4.310367065189156,63214.86472006689,68469.03667749475,6.488910221531777,298.3653697212659,306.1951306638204,1.221191941708866,10,NaN,35,NaN,0.9104560809617088,0.1942057399397702,NaN,NaN,0.9123012786917452,0,NaN,0,0,0,0,1
50.6,60,100,61,0,72.00175869740302,185.665266532518,15.24456558017716,500,1.1,-0,0.002004966610477954,13.80920174743073,4.344464966074983,63337.62622546183,68601.43326068694,6.494016563113791,298.1580553115118,244.7414074004856,1.225212132492631,10,NaN,35,NaN,0.9153058149357765,0.1941521844606583,NaN,NaN,0.9153531334252748,0,NaN,0,0,0,0,1
50.8,60,100,61,0,74.89863571112799,124.4138096122349,1.524456558017716,500,1.1,-0,0.002056982978746941,13.7630500033656,4.378743646019211,63461.01181786619,68734.55620611146,6.499834170472047,298.0052720269911,199.3617381828872,1.229278971455854,10,NaN,35,NaN,0.9383792930505509,0.1939269323859188,NaN,NaN,0.9184407294583447,0,NaN,0,0,0,0,1
51,60,100,61,0,75.48222606323655,79.18550870744232,0.1524456558017716,500,1.1,-0,0.002063856256049634,13.77638706667686,4.412970273860207,63584.54022143992,68867.84906192176,6.503148916138223,297.9179533632918,173.3741951124209,1.233382682755153,10,NaN,35,NaN,0.9347513601445043,0.1939530419660524,NaN,NaN,0.9215566550890553,0,NaN,0,0,0,0,1
51.2,60,100,61,0,74.75040358570854,23.7556526122327,83.59461402870912,500,1.1,-0,0.002052776666957688,13.79241349834294,4.447566912098369,63707.88497998621,69000.96904516818,6.505881782836154,298.170870175982,248.7959535139383,1.237481958155889,10,NaN,35,NaN,0.9349508700023007,0.19394311323796,NaN,NaN,0.9246695492367121,0,NaN,0,0,0,0,1
51.40000000000001,60,100,61,0,72.91933383460962,108.5900940915431,8.359461402870911,500,1.1,-0,0.002045432881200106,13.79544309797451,4.482170441978008,63830.83103323917,69133.69882383295,6.507541045351434,298.0552718919246,214.2550962291438,1.241577512830649,10,NaN,35,NaN,0.9399741017338268,0.1938877662341502,NaN,NaN,0.927779954035078,0,NaN,0,0,0,0,1
51.6,60,100,61,0,70.42621848641947,73.21944159590768,0.8359461402870911,500,1.1,-0,0.002016899125355309,13.82542524614812,4.516732338283775,63953.29837080216,69265.90049048423,6.506244685234143,297.972329485363,189.4225748629121,1.245646045753153,10,NaN,35,NaN,0.9391211383017082,0.1938878112098815,NaN,NaN,0.9308701695928985,0,NaN,0,0,0,0,1
51.8,60,100,61,0,68.45790609399592,47.54399440974493,0.08359461402870912,500,1.1,-0,0.001997841490500767,13.83668918286726,4.551507937260943,64075.38047946736,69397.7125230947,6.503938156283459,297.9298078337071,176.6667682411319,1.249692187930939,10,NaN,35,NaN,0.9416881694084754,0.193855693509997,NaN,NaN,0.9339437073566453,0,NaN,0,0,0,0,1
52,60,100,61,0,67.40606064319529,14.26319832292348,53.60332152470204,500,1.1,-0,0.001962407279189233,13.88101380497035,4.586495581248084,64197.22110258722,69529.24049318228,6.50106928392224,298.0993820003795,227.6351439237466,1.253697830776237,10,NaN,35,NaN,0.9329072067071367,0.1939305110805802,NaN,NaN,0.9369868040631447,0,NaN,0,0,0,0,1
52.2,60,100,65,0,67.50037608300201,70.4529919763618,5.360332152470204,500,1.1,-0,0.002062401376916063,13.79004972339967,4.62139385406799,64319.85121426284,69661.76276957006,6.49533437791923,298.0465402994605,211.7215788379316,1.257797214108199,10,NaN,35,NaN,0.9616599823771381,0.1936516728876134,NaN,NaN,0.9401014485656024,0,NaN,0,0,0,0,1
52.40000000000001,60,100,65,0,69.89625501544404,54.67762392348473,0.5360332152470204,500,1.1,-0,0.00204265366678962,13.81149315565356,4.656348660571436,64442.96498228879,69794.75608674416,6.491057251782578,297.9996948057629,197.5859567134278,1.261934927999152,10,NaN,35,NaN,0.9708252096782382,0.1935572067458307,NaN,NaN,0.9432455575606533,0,NaN,0,0,0,0,1
52.6,60,100,65,0,73.98903157693125,40.65750258448799,0.05360332152470204,500,1.1,-0,0.002063142050581262,13.7990522784024,4.69122940774164,64566.89792933422,69928.63301258747,6.491168335129589,297.971186226181,188.9664919395039,1.266096314318847,10,NaN,35,NaN,0.983205394260145,0.1934323827826401,NaN,NaN,0.9464080005890689,0,NaN,0,0,0,0,1
52.8,60,100,65,0,78.02764636808017,31.16193904757108,0.005360332152470205,500,1.1,-0,0.001971789841987656,13.89259003567279,4.726450514953801,64691.63518369741,70063.20017566009,6.494784611245471,297.949688340461,182.4538282395277,1.270193343152614,10,NaN,35,NaN,0.9658760345282601,0.1935876453912498,NaN,NaN,0.9495218743688512,0,NaN,0,0,0,0,1
53,60,100,65,0,80.62229595094202,9.348581714271324,40.54649177592023,500,1.1,-0,0.001979614715015817,13.90065576138675,4.76166721101906,64816.86203489084,70198.28724704302,6.500024075256373,298.0844110892675,223.3479249417546,1.274266109604659,10,NaN,35,NaN,0.9636158822862722,0.1936009504711344,NaN,NaN,0.9526176415673756,0,NaN,0,0,0,0,1
53.2,60,100,65,0,81.12705249000773,54.10247696269915,4.054649177592023,500,1.1,-0,0.00199486142904681,13.90308103353184,4.797132846431009,64942.16338985469,70333.4938455111,6.50452018148439,298.0448255223081,211.3080016972829,1.278356910198502,10,NaN,35,NaN,0.9646406555814463,0.1935832754821232,NaN,NaN,0.9557274516552648,0,NaN,0,0,0,0,1
53.40000000000001,60,100,65,0,79.84099895265888,42.60045159319612,0.4054649177592023,500,1.1,-0,0.002022853776093283,13.89581766842029,4.832536653534144,65067.20782849256,70468.51126220317,6.506733152981611,298.0107651755673,200.9281432048512,1.282486308812079,10,NaN,35,NaN,0.9633200787604269,0.1935876168641527,NaN,NaN,0.9588669442440236,0,NaN,0,0,0,0,1
53.6,60,100,65,0,77.67486675343324,32.82748080635836,0.04054649177592023,500,1.1,-0,0.002030231383721263,13.88816952975075,4.868129626826816,65191.8159619649,70603.14870671717,6.509264062377724,297.992641381115,195.3939909285785,1.286647701946549,10,NaN,35,NaN,0.9686226103870315,0.193529510632397,NaN,NaN,0.9620311076569609,0,NaN,0,0,0,0,1
53.8,60,100,65,0,74.48802192831539,27.23391840467495,0.004054649177592024,500,1.1,-0,0.001998409299267485,13.91753378743677,4.903991319039464,65315.78020504679,70737.09404774872,6.510366353503742,297.9806809850753,191.734663132906,1.290776782182352,10,NaN,35,NaN,0.972907308961837,0.1934810541296659,NaN,NaN,0.9651710450184369,0,NaN,0,0,0,0,1
54,60,100,65,0,70.86596392199276,22.967562021151,0.0004054649177592024,500,1.1,-0,0.001986544153167529,13.91140256939651,4.939758683394529,65439.01155059328,70870.31388189993,6.510950443310765,297.9755603964091,190.1649428538113,1.294880024390375,10,NaN,35,NaN,0.989040051794375,0.1933210122541446,NaN,NaN,0.9682916729330961,0,NaN,0,0,0,0,1
54.2,60,100,65,0,67.00739811472289,20.56619884194655,0.0001,500,1.1,-0,0.002000623551768416,13.90202921135606,4.975814755879878,65561.46064360598,71002.80078988957,6.51021653832002,297.976446558776,190.4370970783033,1.298991206938401,10,NaN,35,NaN,0.995831525227212,0.1932489577281876,NaN,NaN,0.9714186786100816,0,NaN,0,0,0,0,1
54.40000000000001,60,100,65,0,63.44505908246687,19.99384413886299,0.0001,500,1.1,-0,0.001980600212460737,13.91230837384024,5.012093507984098,65683.18588758825,71134.574588766,6.504590526848893,297.9773051188646,190.7012669805999,1.303099775050004,10,NaN,35,NaN,0.9983314558484589,0.1932173526382505,NaN,NaN,0.9745440346951546,0,NaN,0,0,0,0,1
54.6,60,100,65,0,62.14495316456465,19.40014710577865,0.0001,500,1.1,-0,0.001947794874667227,13.98007366436098,5.047788185272925,65804.63991987627,71266.00376890806,6.497848672120758,297.9776584735349,190.810172149754,1.307165216441454,10,NaN,35,NaN,0.9766517364873916,0.1934136614028807,NaN,NaN,0.9776369182184191,0,NaN,0,0,0,0,1
54.8,60,100,65,0,63.5295943630623,18.66455722379806,0.0001,500,1.1,-0,0.001916095452955211,14.0130706352057,5.0835017691673,65926.35979606537,71397.666411249,6.492735142729932,297.9773508837994,190.7151198129152,1.311185941184689,10,NaN,35,NaN,0.9741587400802285,0.1934292632369891,NaN,NaN,0.9806961089003131,0,NaN,0,0,0,0,1
55,60,100,65,0,66.95073571236155,17.71798136258776,0.0001,500,1.1,-0,0.001884932928094827,14.04314266454465,5.119207951956616,66048.752877469,71529.99695381694,6.489475110569251,297.9772245816421,190.6759927432469,1.315183989881731,10,NaN,35,NaN,0.9701444057273643,0.1934592335474922,NaN,NaN,0.9837383683277836,0,NaN,0,0,0,0,1
55.2,60,100,65,0,71.67502109609747,16.8273721837951,0.0001,500,1.1,-0,0.001869386622185021,14.07561838790963,5.154891846553321,66172.07966050009,71663.25966110952,6.48996428005186,297.9774778827167,190.7545035531958,1.319162763572258,10,NaN,35,NaN,0.9681908515572047,0.1934698299210737,NaN,NaN,0.9867662794691793,0,NaN,0,0,0,0,1
55.40000000000001,60,100,65,0,76.19727249653651,16.0616301322977,0.0001,500,1.1,-0,0.001875315490886846,14.08947414121159,5.19052069011333,66296.29964789662,71797.42178554028,6.493190380779203,297.9770643351929,190.6260001532496,1.32313434720237,10,NaN,35,NaN,0.9746366223366547,0.1934013439522844,NaN,NaN,0.9897890360364624,0,NaN,0,0,0,0,1
55.6,60,100,65,0,79.43210391681394,15.07247708042082,0.0001,500,1.1,-0,0.001845552064977172,14.11637337694235,5.226072510770301,66421.15584899113,71932.17531043154,6.49814303685414,297.9739641166495,189.6609386709492,1.327076405273073,10,NaN,35,NaN,0.9855002065082387,0.1932912990771253,NaN,NaN,0.9927896342313893,0,NaN,0,0,0,0,1
55.8,60,100,65,0,80.68896798555966,13.14591585908881,0.0001,500,1.1,-0,0.00182044156900235,14.14813137144319,5.261443996780571,66546.25293821393,72067.13754553055,6.502467134302238,297.9717011008317,188.955118895708,1.330982135260973,10,NaN,35,NaN,0.9860002733324833,0.1932789377789702,NaN,NaN,0.9957628883662658,0,NaN,0,0,0,0,1
56,60,100,65,0,80.2237797244745,11.41208141538323,0.0001,500,1.1,-0,0.001809998977005992,14.15401649348256,5.297159981529943,66671.24595087444,72201.99426076381,6.506026702726354,297.9718126837004,188.9899564451037,1.334863292603359,10,NaN,35,NaN,0.9969139892458013,0.1931685246241539,NaN,NaN,0.9987177401875712,0,NaN,0,0,0,0,1
56.2,60,100,72,0,78.33526036133577,10.4063414048961,0.0001,500,1.1,-0,0.001950986900876554,14.01856734484452,5.333099625829129,66797.24789360985,72338.11867372716,6.505882065070309,297.984257770131,192.8863199119172,1.338907576029642,10,NaN,34,NaN,1.04466101704476,0.1927105201874767,NaN,NaN,1.001797107389706,0,NaN,0,0,0,0,1
56.40000000000001,60,100,72,0,76.51429936368122,13.64203499072227,0.0001,500,1.1,-0,0.001927547089096775,14.0585186965308,5.369220069786399,66922.87077362397,72473.85284842984,6.505527368777769,297.9921821597663,195.3720975594068,1.343022544690516,10,NaN,34,NaN,1.034216953955088,0.1928009728756637,NaN,NaN,1.004930632719415,0,NaN,0,0,0,0,1
56.6,60,100,72,0,74.82405241591378,15.69227764657166,0.0001,500,1.1,-0,0.00198448176271748,13.99870732732514,5.405292726753796,67048.14129797656,72609.38393528643,6.500576282290629,298.00247283409,198.6063851993826,1.347205382984619,10,NaN,34,NaN,1.056325654878735,0.1925842875771581,NaN,NaN,1.008116189357898,0,NaN,0,0,0,0,1
56.8,60,100,72,0,75.12864403520396,18.88995835721895,0.0001,500,1.1,-0,0.00202359379257589,13.96398650626153,5.441455781494647,67173.45806610127,72745.05890785421,6.495672558574594,298.0120991627684,201.6376862052541,1.351468991268155,10,NaN,34,NaN,1.077184707715132,0.1923791471358074,NaN,NaN,1.011363620760293,0,NaN,0,0,0,0,1
57,60,100,72,0,77.37986134239628,22.22659297223112,0.0001,500,1.1,-0,0.002085628355884956,13.90789459018782,5.477574835402836,67299.2103221937,72881.31364980324,6.491589588248222,298.0227193702783,204.9884033142073,1.355829919327022,10,NaN,34,NaN,1.104711302287542,0.1921107753656282,NaN,NaN,1.014685555279222,0,NaN,0,0,0,0,1
57.2,60,100,72,0,81.26172626988668,26.27208570184587,0.0001,500,1.1,-0,0.00205031173181167,13.9658901652953,5.513761472265032,67425.72549161356,73018.26665353101,6.487723478649569,298.0235855303907,205.2621679322237,1.360192518318456,10,NaN,34,NaN,1.096040806280812,0.1921841484817272,NaN,NaN,1.018009145455563,0,NaN,0,0,0,0,1
57.40000000000001,60,100,72,0,86.69195014449836,27.34323576974271,0.0001,500,1.1,-0,0.002031360262631635,14.00549802215765,5.549551181599823,67553.31580455092,73156.28287335648,6.48930602523339,298.0190301681042,203.8193281006925,1.364524217331559,10,NaN,34,NaN,1.091401187644554,0.1922195086149764,NaN,NaN,1.021309573782641,0,NaN,0,0,0,0,1
57.6,60,100,72,0,91.4719777476319,26.64959696972355,0.0001,500,1.1,-0,0.002093198266760158,13.96799577703203,5.585517079544718,67681.85106983753,73295.39019692768,6.490459876068029,298.0196191850642,204.0062472757106,1.368912794022283,10,NaN,34,NaN,1.10642808860829,0.1920690853387899,NaN,NaN,1.024653723705427,0,NaN,0,0,0,0,1
57.8,60,100,72,0,95.80930683875081,27.60060434198744,0.0001,500,1.1,-0,0.00210016736069567,13.97303956940462,5.621180601001714,67811.24204181052,73435.40623688334,6.492956411121765,298.0190421359018,203.8227364110966,1.373362898350778,10,NaN,34,NaN,1.110729946086163,0.1920197975530807,NaN,NaN,1.02804515430991,0,NaN,0,0,0,0,1
58,60,100,72,0,99.14224607773957,28.13282419366283,0.0001,500,1.1,-0,0.002020404016185567,14.06509841431082,5.657012123663763,67941.28916083125,73575.9509450335,6.496272749998282,298.0115953167653,201.4501731696862,1.377748718473521,10,NaN,34,NaN,1.091704682064756,0.1921908723111838,NaN,NaN,1.031387983916857,0,NaN,0,0,0,0,1
58.2,60,100,72,0,101.1502573990839,26.28207955659571,0.0001,500,1.1,-0,0.002022197643992403,14.07966170731183,5.692747961216842,68071.72792579599,73716.91206970118,6.499309368940435,298.0075466060902,200.1577068029027,1.38209822602569,10,NaN,34,NaN,1.090796690840619,0.192190965927306,NaN,NaN,1.034703518948475,0,NaN,0,0,0,0,1
58.40000000000001,60,100,72,0,101.9471619971846,25.37594989589645,0.0001,500,1.1,-0,0.001983540910478299,14.13906912331372,5.728676559883359,68202.31620472571,73857.96203478234,6.500286661847634,297.9993550817401,197.5375790362479,1.386402563478238,10,NaN,34,NaN,1.076922635924706,0.1923134940600091,NaN,NaN,1.037984996868539,0,NaN,0,0,0,0,1
58.6,60,100,72,0,102.3590089180101,22.86323705358237,0.0001,500,1.1,-0,0.001999392519693196,14.13025558780328,5.76462221739806,68332.97690503337,73999.13649116442,6.499970656111269,297.9959493713904,196.4460859437433,1.390706416542306,10,NaN,34,NaN,1.084674387785187,0.1922319632114368,NaN,NaN,1.041266478621874,0,NaN,0,0,0,0,1
58.8,60,100,72,0,102.8949103096209,21.72551898080267,0.0001,500,1.1,-0,0.002023159261447278,14.11642793223265,5.800709769104222,68463.73356106246,74140.48250894202,6.500798055000829,297.9955168946679,196.3071936107137,1.395047145554239,10,NaN,34,NaN,1.097088666888826,0.1921063499125364,NaN,NaN,1.044576454483263,0,NaN,0,0,0,0,1
59,60,100,72,0,103.0919632225751,21.44995876630498,0.0001,500,1.1,-0,0.0020274336522789,14.13000155285534,5.836862016359603,68594.51771657348,74281.88945017234,6.502001445876512,297.9960044651166,196.4640381830037,1.39941712941799,10,NaN,34,NaN,1.093354748623288,0.1921330745230227,NaN,NaN,1.047909121801504,0,NaN,0,0,0,0,1
59.2,60,100,72,0,102.8100854263448,21.4532976965854,0.0001,500,1.1,-0,0.002066545824417507,14.10840201521649,5.872888080908529,68725.23289108339,74423.34306967261,6.505052218943105,297.9999647916819,197.7407210769018,1.403853889149429,10,NaN,34,NaN,1.096361545848591,0.1920960542939119,NaN,NaN,1.051293107898886,0,NaN,0,0,0,0,1
59.40000000000001,60,100,72,0,101.3030421642467,22.66612102509493,0.0001,500,1.1,-0,0.002056000414919084,14.13748378172951,5.909017005456946,68855.63345806063,74564.46840091496,6.508439985173013,298.0035878381062,198.9109429368401,1.408307796597882,10,NaN,34,NaN,1.090746042540889,0.1921403654405583,NaN,NaN,1.054690571889143,0,NaN,0,0,0,0,1
59.6,60,100,72,0,98.44569869562029,23.8850492803122,0.0001,500,1.1,-0,0.002046694012332771,14.13399152990451,5.945016948526267,68985.4497724528,74705.02301032908,6.510040413866997,298.0057594453295,199.6137066936258,1.412761022402935,10,NaN,34,NaN,1.101768416833037,0.1920276759770744,NaN,NaN,1.058087915725044,0,NaN,0,0,0,0,1
59.8,60,100,72,0,94.95512459464105,24.74162485315583,0.0001,500,1.1,-0,0.002031272971849795,14.12602256110539,5.981363117672703,69114.55563396281,74844.89770058256,6.507937038113068,298.0068677881697,199.9730573443127,1.417221690222232,10,NaN,34,NaN,1.11424515682573,0.1919012252692579,NaN,NaN,1.061491337884054,0,NaN,0,0,0,0,1
60,60,100,72,0,92.31232979370735,25.32369527870978,0.0001,500,1.1,-0,0.002012766865240967,14.17067018965529,6.017797714508226,69243.12124603715,74984.19352732222,6.503663710804956,298.0055460921987,199.5436322100412,1.421659689234589,10,1095.101345043612,34,1822.077819416026,1.100409177876575,0.1920231697506205,5.872888080908529,17.41136698515197,1.064877862282916,0,41.06519736671069,0,0,0,0,1
60.2,60,100,76,0,91.37413118288309,25.11693965377669,0.0001,500,1.1,-0,0.002048460995832181,14.15457396177061,6.054273078664066,69372.28726558926,75124.12826476901,6.499152604067151,298.008059747524,200.3618175112432,1.426134460799594,10,NaN,33,NaN,1.111634315906423,0.1919085188671789,NaN,NaN,1.068292849084953,0,NaN,0,0,0,0,1
60.40000000000001,60,100,76,0,92.23421133873691,26.20204191823471,0.0001,500,1.1,-0,0.00202554507530443,14.18614731835668,6.090765953392897,69501.61321743047,75264.20699554449,6.494177463883665,298.0073686979096,200.1364101256485,1.430616520784302,10,NaN,33,NaN,1.110389521484317,0.1919115412576213,NaN,NaN,1.071713803067815,0,NaN,0,0,0,0,1
60.6,60,100,76,0,95.08510870351162,26.24701791846571,0.0001,500,1.1,-0,0.002042142430350023,14.1858137697443,6.127442409682747,69631.4976997153,75404.88520236652,6.491098336099463,298.0072317358175,200.0916354925621,1.435100665832677,10,NaN,33,NaN,1.121568446161691,0.1917972971422523,NaN,NaN,1.075136754085319,0,NaN,0,0,0,0,1
60.8,60,100,76,0,99.15995335427147,26.48127504041279,0.0001,500,1.1,-0,0.001992932548707516,14.24803108861249,6.164047453932448,69762.18628427472,75546.29302828283,6.492216999229801,298.0016438165279,198.2622100606738,1.43954401164124,10,NaN,33,NaN,1.11233168025996,0.1918758312495922,NaN,NaN,1.07852896143777,0,NaN,0,0,0,0,1
61,60,100,76,0,102.7796312383741,24.82566019436272,0.0001,500,1.1,-0,0.002019840358980919,14.23623671898175,6.200510604808145,69893.58835769733,75688.50279190954,6.493164351157223,297.9986652429062,197.285179976014,1.444001281502423,10,NaN,33,NaN,1.121832796511437,0.1917774822301919,NaN,NaN,1.081932199261241,0,NaN,0,0,0,0,1
61.2,60,100,76,0,106.0343631831802,23.9016048093435,0.0001,500,1.1,-0,0.002003634496539351,14.26150197105353,6.237250617627541,70025.63003293211,75831.35679636941,6.495016625855987,297.9978370965119,197.0129734688938,1.448465324397673,10,NaN,33,NaN,1.124272648906717,0.1917457661773043,NaN,NaN,1.085341010433077,0,NaN,0,0,0,0,1
61.40000000000001,60,100,76,0,108.5446689059411,23.58818021446633,0.0001,500,1.1,-0,0.00199358264569919,14.31521670995979,6.273579842395689,70158.16225136885,75974.67365757939,6.497278378929663,297.9954927957612,196.2409852611215,1.452911063291387,10,NaN,33,NaN,1.105365978901843,0.1919155320832722,NaN,NaN,1.088736244259455,0,NaN,0,0,0,0,1
61.6,60,100,76,0,110.1518260630302,22.70449867261755,0.0001,500,1.1,-0,0.002047258160674499,14.28834598590082,6.309914480355199,70291.00366763881,76118.43328263742,6.50177217437557,297.9990155314886,197.4032299843325,1.457411705439944,10,NaN,33,NaN,1.113065959425567,0.1918341182522244,NaN,NaN,1.092173814525864,0,NaN,0,0,0,0,1
61.8,60,100,76,0,109.9554542735754,23.76840459525165,0.0001,500,1.1,-0,0.002050608099146225,14.29174470115521,6.345981924526598,70423.79248571619,76262.14977873515,6.504811062424992,298.0024386207981,198.5347789920786,1.461948696120671,10,NaN,33,NaN,1.125628477098504,0.191706736004247,NaN,NaN,1.095639561712714,0,NaN,0,0,0,0,1
62,60,100,76,0,108.5554418962036,24.88603231988956,0.0001,500,1.1,-0,0.002007585786603978,14.35206976045105,6.38193774536209,70556.28929447272,76405.48196846299,6.506049739736765,297.9986418314791,197.2771869954217,1.466435537397652,10,NaN,33,NaN,1.115114465173855,0.1917972233904788,NaN,NaN,1.099067409376449,0,NaN,0,0,0,0,1
62.2,60,100,76,0,106.6612075816731,23.64191511494818,0.0001,500,1.1,-0,0.001998265934023141,14.37408815230053,6.417476692801985,70688.39616141848,76548.40683372191,6.505614473662233,297.9964828292891,196.5606772860861,1.470883340970541,10,NaN,33,NaN,1.114489001105246,0.1917944668761126,NaN,NaN,1.10246583454407,0,NaN,0,0,0,0,1
62.40000000000001,60,100,76,0,104.9408095569022,22.87460395975325,0.0001,500,1.1,-0,0.001952505356425886,14.40260587278417,6.452759947316429,70820.14794984793,76690.90475109006,6.505040723251031,297.9930236160411,195.4104719324893,1.475282516022866,10,NaN,33,NaN,1.123248691162479,0.191703252184114,NaN,NaN,1.105827497436566,0,NaN,0,0,0,0,1
62.6,60,100,76,0,103.4450093064001,21.5654740039623,0.0001,500,1.1,-0,0.00191502765339963,14.44664952846426,6.488284105224728,70951.58974762404,76833.03846327942,6.502607977375854,297.9902276289265,194.4790204853705,1.479620912432887,10,NaN,33,NaN,1.115797455526181,0.1917651143439466,NaN,NaN,1.10914309893581,0,NaN,0,0,0,0,1
62.8,60,100,76,0,102.9279617612132,20.36518815032375,0.0001,500,1.1,-0,0.001934137015812495,14.42797154428898,6.524104061524588,71082.91647607772,76975.16028217231,6.499142626530207,297.9914021114249,194.87099288478,1.483976087848102,10,NaN,33,NaN,1.125187125927061,0.1916680461137975,NaN,NaN,1.11247190639553,0,NaN,0,0,0,0,1
63,60,100,76,0,103.7944927131034,20.42489060036028,0.0001,500,1.1,-0,0.001895758638140687,14.46588577079503,6.559657104866504,71214.40476505329,77117.39031784289,6.495338778286488,297.9889978016901,194.066968014538,1.488313649427122,10,NaN,33,NaN,1.128526719426299,0.1916280948741761,NaN,NaN,1.115787632160685,0,NaN,0,0,0,0,1
63.2,60,100,76,0,106.1803688980416,19.26417430154894,0.0001,500,1.1,-0,0.001877654742082694,14.49546646173992,6.595006541713977,71346.35898434438,77260.08489307934,6.496379414697073,297.9872114610626,193.4684594428888,1.492626941643662,10,NaN,33,NaN,1.125117655824145,0.1916518708902021,NaN,NaN,1.11908518315943,0,NaN,0,0,0,0,1
63.40000000000001,60,100,76,0,108.1330174174056,18.25333667146305,0.0001,500,1.1,-0,0.001883469109463915,14.4963090689043,6.6306901519056,71478.69193916568,77403.21025883891,6.499043643224941,297.9877398645424,193.6458002920737,1.496948314984447,10,NaN,33,NaN,1.1334148518303,0.1915651737281385,NaN,NaN,1.122389289571603,0,NaN,0,0,0,0,1
63.6,60,100,76,0,109.0301514943716,17.96946321656402,0.0001,500,1.1,-0,0.001863203127263759,14.5197737896517,6.66657168351303,71611.19213086933,77546.48366966932,6.503193179594347,297.9880307739771,193.7435975007519,1.501259301555389,10,NaN,33,NaN,1.137145392057553,0.1915215862031447,NaN,NaN,1.125685830672791,0,NaN,0,0,0,0,1
63.8,60,100,76,0,108.2677947086304,17.6061088657526,0.0001,500,1.1,-0,0.001856208615877847,14.55421517707188,6.702331496300891,71743.52769896905,77689.58620569961,6.507103131905224,297.9882195282118,193.8071665341726,1.505549046413279,10,NaN,33,NaN,1.128951948716398,0.1915905561002466,NaN,NaN,1.128966501793169,0,NaN,0,0,0,0,1
64,60,100,76,0,105.946995819343,17.22020128011417,0.0001,500,1.1,-0,0.001819265679574716,14.58785599738999,6.738030413567136,71875.3873824835,77832.16557719286,6.509839109217169,297.9862242844607,193.1335616316842,1.509802834841844,10,NaN,33,NaN,1.125388367725836,0.1916159004093221,NaN,NaN,1.13222004217212,0,NaN,0,0,0,0,1
64.2,60,100,80,0,102.5348899742871,16.0886588371532,0.0001,500,1.1,-0,0.001813692841764914,14.60030381920331,6.773834864850253,72007.35310621046,77974.80260611518,6.511267302315985,297.9858099988008,192.9934131086489,1.514041133580179,10,NaN,32,NaN,1.134576195397339,0.1915209748366017,NaN,NaN,1.135462099347628,0,NaN,0,0,0,0,1
64.40000000000001,60,100,80,0,98.55203970192723,15.44410527990573,0.0001,500,1.1,-0,0.001797619499560163,14.62567365402476,6.809519390869317,72138.51046583249,78116.5958509116,6.510531639252654,297.9850995077248,192.7526265449411,1.518255029469066,10,NaN,32,NaN,1.135807459364206,0.1915011633375046,NaN,NaN,1.138685850190156,0,NaN,0,0,0,0,1
64.60000000000001,60,100,80,0,94.86636719362966,14.66996795618181,0.0001,500,1.1,-0,0.001772133965898923,14.66072704411529,6.845467135115339,72268.91947986554,78257.58095146343,6.507510047278478,297.9821448243398,191.7495199727749,1.522410924822642,10,NaN,32,NaN,1.135353088965574,0.1914973688837368,NaN,NaN,1.141865581051561,0,NaN,0,0,0,0,1
64.8,60,100,80,0,92.38990498211112,13.09716241109351,0.0001,500,1.1,-0,0.00174153446376866,14.69073194847313,6.88151575425651,72398.82242943655,78398.02036251461,6.504090226869568,297.9791016362316,190.7144542182712,1.526512358072956,10,NaN,32,NaN,1.134358150906874,0.1914987796723492,NaN,NaN,1.145003985091352,0,NaN,0,0,0,0,1
65,60,100,80,0,91.27536215090771,11.39985355190669,0.0001,500,1.1,-0,0.001744034771321456,14.70090979726559,6.917871675957159,72528.4914062188,78538.25575099145,6.500212560193261,297.9781895040389,190.4036317767054,1.530598335109322,10,NaN,32,NaN,1.136760661854008,0.1914681688112939,NaN,NaN,1.148130900811957,0,NaN,0,0,0,0,1
65.2,60,100,80,0,91.7121133949931,10.32430321492422,0.0001,500,1.1,-0,0.001747309646477062,14.705942029002,6.954502288256348,72658.23588898327,78678.61320784039,6.493024487081302,297.9794012380383,190.8172505720259,1.534701896080413,10,NaN,32,NaN,1.140020484997789,0.1914294361406648,NaN,NaN,1.151271613490369,0,NaN,0,0,0,0,1
65.40000000000001,60,100,80,0,95.03348690891548,9.931298837607109,0.0001,500,1.1,-0,0.001724249703909746,14.74582218293165,6.990777394945821,72788.63272859865,78819.57379470803,6.488181959408693,297.9785455151717,190.5245639875835,1.538789659546712,10,NaN,32,NaN,1.138533204072513,0.1914355198777043,NaN,NaN,1.154400574491933,0,NaN,0,0,0,0,1
65.60000000000001,60,100,80,0,100.2735848022462,8.854532870064794,0.0001,500,1.1,-0,0.001709917116565466,14.77768104872391,7.026931127929146,72920.06626652264,78961.56383709735,6.486382750169585,297.97649672974,189.8225722379872,1.542855501464407,10,NaN,32,NaN,1.136945401135868,0.1914425928036519,NaN,NaN,1.157513091563625,0,NaN,0,0,0,0,1
65.8,60,100,80,0,106.2308900521641,7.349576636576622,0.0001,500,1.1,-0,0.001678729071716431,14.83316445504023,7.062505631142477,73052.68033980337,79104.6695052751,6.487345089292992,297.9723694106896,188.4057866934553,1.546881721784248,10,NaN,32,NaN,1.129142743642827,0.1915083567790932,NaN,NaN,1.160595607274883,0,NaN,0,0,0,0,1
66,60,100,80,0,111.8039403930774,5.059644820162625,0.0001,500,1.1,-0,0.001680379857256441,14.85942741672264,7.097783779736563,73186.39791500423,79248.92123815975,6.489082163087548,297.9708091132957,187.8691688049942,1.550905309880501,10,NaN,32,NaN,1.122564570310836,0.1915625606998977,NaN,NaN,1.163676435935515,0,NaN,0,0,0,0,1
66.2,60,100,80,0,116.6884570412071,3.516150013025857,0.0001,500,1.1,-0,0.00168649887685727,14.87545749110914,7.133156103841422,73321.08075832062,79394.14265424905,6.491645875848621,297.9694236411793,187.3917814881106,1.55492821787463,10,NaN,32,NaN,1.131608899496185,0.1914694481799474,NaN,NaN,1.166757071914563,0,NaN,0,0,0,0,1
66.40000000000001,60,100,80,0,120.5472563600448,1.955206111912652,0.0001,500,1.1,-0,0.001702339920996824,14.8791864039194,7.168571278306716,73456.52329814024,79540.17602513828,6.494482710857577,297.9696585618216,187.4728558950979,1.55895886818501,10,NaN,32,NaN,1.144176736419857,0.1913430730797865,NaN,NaN,1.169843965791404,0,NaN,0,0,0,0,1
66.60000000000001,60,100,80,0,123.2730710790201,0.9000313186038014,0.0001,500,1.1,-0,0.001703173146111063,14.89636703921933,7.203922905995124,73592.49835734007,79686.76525953517,6.496555198636401,297.9707964017209,187.8663600890808,1.563002837230555,10,NaN,32,NaN,1.147587011349138,0.1913030432921117,NaN,NaN,1.172941390928525,0,NaN,0,0,0,0,1
66.8,60,100,80,0,125.173271736574,0.1530202473514422,0.0001,500,1.1,-0,0.001692500578628848,14.90403121557114,7.239036781633802,73728.84077378456,79833.72084346521,6.497407381392447,297.9719148611441,188.2538839071754,1.567048436977496,10,NaN,32,NaN,1.161549799075495,0.1911634471617008,NaN,NaN,1.176040396917943,0,NaN,0,0,0,0,1
67,60,100,80,0,126.7341559810475,0.0001,0.0001,500,1.1,-0,0.001689191348455375,14.92363766484978,7.274106535270448,73865.48271394618,79980.96225242839,6.498940733290408,297.9718639213392,188.2361714907314,1.571079995220823,10,NaN,32,NaN,1.169295002983499,0.1910825285057988,NaN,NaN,1.179128977079916,0,NaN,0,0,0,0,1
67.2,60,100,80,0,127.6755602554783,0.0001,0.0001,500,1.1,-0,0.001666520908872986,14.9568932349813,7.308675607291562,74002.30086322071,80128.33972249103,6.501228769718941,297.9701324652251,187.6338906770942,1.57508913398038,10,NaN,32,NaN,1.168291064072064,0.1910842196996748,NaN,NaN,1.182200708618473,0,NaN,0,0,0,0,1
67.40000000000001,60,100,80,0,127.7014543344897,0.0001,0.0001,500,1.1,-0,0.001674138061997733,14.96320442315351,7.343256686386226,74139.11228237726,80275.74369932135,6.502094546122141,297.9690242522178,187.2476727356637,1.579099630925641,10,NaN,32,NaN,1.174461145047231,0.1910182049820639,NaN,NaN,1.185273807041409,0,NaN,0,0,0,0,1
67.60000000000001,60,100,80,0,127.3881178556021,0.0001,0.0001,500,1.1,-0,0.001603449614825109,15.05092763509576,7.377101874739163,74275.85006605784,80422.9008645435,6.503560290458707,297.9621803790471,184.8581410458018,1.583036675615077,10,NaN,32,NaN,1.153030452017046,0.1912127660497066,NaN,NaN,1.188290939123618,0,NaN,0,0,0,0,1
67.8,60,100,80,0,126.4819645151856,0.0001,0.0001,500,1.1,-0,0.001603869667448889,15.06259302588948,7.410831851538819,74412.39673582981,80569.88482368509,6.50436360913274,297.9552138899031,182.4212503424948,1.586927578277878,10,NaN,32,NaN,1.156514982641698,0.1911723376610043,NaN,NaN,1.191273019588201,0,NaN,0,0,0,0,1
68,60,100,80,0,125.2585763587156,0.0001,0.0001,500,1.1,-0,0.001631884099762865,15.05128851930549,7.444604150486517,74548.6883746019,80716.69439527723,6.502066873580787,297.950755935174,180.8589116178356,1.590849810818779,10,NaN,32,NaN,1.167409260058903,0.1910619417071306,NaN,NaN,1.194279423028723,0,NaN,0,0,0,0,1
68.2,60,100,84,0,124.961930838768,0.0001,0.0001,500,1.1,-0,0.001642252826517958,15.06187361817221,7.478435168539482,74685.70989097613,80864.21903948714,6.49798284017378,297.9465099709121,179.3680732266799,1.594807003625555,10,NaN,31,NaN,1.179209910847213,0.1909429056436294,NaN,NaN,1.19731294011517,0,NaN,0,0,0,0,1
68.40000000000001,60,100,84,0,126.2948408450648,0.0001,10.85740641386249,500,1.1,-0,0.001656810428597792,15.07793889343129,7.512517653269248,74822.98184719286,81012.01775849465,6.495473687096632,297.9705094059597,187.8104724713467,1.598773902054088,10,NaN,31,NaN,1.183836907235983,0.190891540396717,NaN,NaN,1.200354216483741,0,NaN,0,0,0,0,1
68.60000000000001,60,100,84,0,128.6205271216028,6.305873732586033,1.085740641386249,500,1.1,-0,0.001659573079892308,15.08741090312379,7.54663268316228,74960.70341369235,81160.30691351662,6.494980137683635,297.9636157249179,185.3808666886858,1.602751728061337,10,NaN,31,NaN,1.191511789547819,0.1908113831503085,NaN,NaN,1.203404191506289,0,NaN,0,0,0,0,1
68.8,60,100,84,0,131.1420616003765,2.641660733782029,0.1085740641386249,500,1.1,-0,0.001666322998890762,15.0907126664807,7.580897275669574,75098.91905469821,81309.13813250582,6.496857816884995,297.9579704798344,183.3875062300387,1.606751529932454,10,NaN,31,NaN,1.201927414571972,0.1907053001299667,NaN,NaN,1.206471340431484,0,NaN,0,0,0,0,1
69,60,100,84,0,132.9111967004766,0.0001,0.01085740641386249,500,1.1,-0,0.001639476201660584,15.11252868985293,7.615184606746696,75237.47796447454,81458.28533108759,6.495709432324586,297.952648445155,181.5047119202085,1.610738401241421,10,NaN,31,NaN,1.211653731195569,0.1906057351528485,NaN,NaN,1.209528897280339,0,NaN,0,0,0,0,1
69.2,60,100,84,0,135.1571990454448,0.0001,0.001085740641386249,500,1.1,-0,0.001665201596128082,15.1088343397288,7.649534136088469,75376.4750481355,81607.96278357771,6.49497711605785,297.9494890384989,180.3848939506201,1.614752785400634,10,NaN,31,NaN,1.219880513144955,0.1905202660429522,NaN,NaN,1.212607880189518,0,NaN,0,0,0,0,1
69.40000000000001,60,100,84,0,137.6850797890664,0.0001,9.719605627188596,500,1.1,-0,0.00166010229942609,15.13906915863169,7.683417991297582,75515.96178544038,81758.11026386629,6.497324060119986,297.9702600276618,187.7607415370298,1.618783784656526,10,NaN,31,NaN,1.219551855993421,0.1905155640678274,NaN,NaN,1.21569993616146,0,NaN,0,0,0,0,1
69.60000000000001,60,100,84,0,139.2654143524946,5.29562575480622,0.9719605627188597,500,1.1,-0,0.001638530049558239,15.1889784353087,7.716777872886013,75655.74984800236,81908.49438983352,6.500636849141396,297.9608364458464,184.4080147933051,1.622783204488419,10,NaN,31,NaN,1.210249436432007,0.1905956605140729,NaN,NaN,1.218768094875788,0,NaN,0,0,0,0,1
69.8,60,100,84,0,139.527318968945,0.7734586470939711,0.09719605627188597,500,1.1,-0,0.00162624725760861,15.200562130178,7.750160358713495,75795.58094416838,82058.9190098391,6.504945557194864,297.95229681607,181.3640521960561,1.626753934934661,10,NaN,31,NaN,1.220287375998311,0.1904931838909146,NaN,NaN,1.22181456612804,0,NaN,0,0,0,0,1
70,60,100,84,0,138.0655644534526,0.0001,0.009719605627188599,500,1.1,-0,0.00167220844074687,15.18093803277562,7.784038457313673,75935.1093262787,82209.17442847433,6.506164100425359,297.9484099438387,179.9759660649586,1.630770442602967,10,NaN,31,NaN,1.232201029970969,0.1903728861131545,NaN,NaN,1.224896485210399,0,NaN,0,0,0,0,1
70.2,60,100,84,0,136.1297153272842,0.0001,9.349265457527419,500,1.1,-0,0.001637593286260124,15.19631396925137,7.817396868441159,76074.23499455074,82358.9741422785,6.506678483424645,297.9669757698368,186.6186954254596,1.634796017315252,10,NaN,31,NaN,1.246614352443256,0.1902289298253026,NaN,NaN,1.227985690668479,0,NaN,0,0,0,0,1
70.40000000000001,60,100,84,0,133.980534119526,4.499834405034417,0.934926545752742,500,1.1,-0,0.001630930074491453,15.20719927795738,7.850790958057416,76212.91622559012,82508.33980057029,6.506392590350182,297.9598368746159,184.0596519940993,1.638812497931698,10,NaN,31,NaN,1.254143282807141,0.1901500192899362,NaN,NaN,1.231068245783884,0,NaN,0,0,0,0,1
70.60000000000001,60,100,84,0,131.9460817343352,0.6592632277128665,0.09349265457527421,500,1.1,-0,0.001671691046305286,15.16246237185101,7.884463218628007,76351.17957823219,82657.42532699274,6.505745341187628,297.9586482763162,183.6327860951067,1.642890177228485,10,NaN,31,NaN,1.284737611544986,0.1898529223980514,NaN,NaN,1.234198105094394,0,NaN,0,0,0,0,1
70.8,60,100,84,0,130.1691533786987,0.0001,0.009349265457527421,500,1.1,-0,0.00168542683933038,15.17012902707169,7.918387385470313,76489.07513923297,82806.19287072305,6.504528768993559,297.958931545385,183.7346837247559,1.647011873549806,10,NaN,31,NaN,1.294677556325447,0.1897509609009292,NaN,NaN,1.237362093790276,0,NaN,0,0,0,0,1
71,60,100,84,0,128.8795649407514,0.0001,0.0009349265457527421,500,1.1,-0,0.001686886157096368,15.17743896937123,7.951880559150873,76626.70014848214,82954.69703961677,6.501391569262413,297.959310027379,183.8710848678473,1.651146951343616,10,NaN,31,NaN,1.306616477142638,0.189630047799856,NaN,NaN,1.24053670197964,0,NaN,0,0,0,0,1
71.2,60,100,84,0,128.8493342198833,0.0001,0.0001,500,1.1,-0,0.001670398656421833,15.20809054899872,7.984883734478052,76764.30675925047,83103.15311600889,6.499974690220856,297.9581608818059,183.4560716768394,1.65526949438679,10,NaN,31,NaN,1.308433426948498,0.1896049095705,NaN,NaN,1.243702033256675,0,NaN,0,0,0,0,1
71.40000000000001,60,100,84,0,129.3740664556574,0.0001,0.0001,500,1.1,-0,0.001674231617029319,15.23030984442957,8.017722469870499,76902.00613211146,83251.73466412874,6.496477611571399,297.9573419707546,183.1597768396695,1.659393051468606,10,NaN,31,NaN,1.306224516457574,0.1896178561133436,NaN,NaN,1.24686848912596,0,NaN,0,0,0,0,1
71.60000000000001,60,100,84,0,131.3099582321348,0.0001,0.0001,500,1.1,-0,0.001646321556413961,15.25927872893607,8.050457717136895,77040.08098940809,83400.65063309217,6.490267200827221,297.954081608747,181.9780273315184,1.663490781881915,10,NaN,31,NaN,1.312294022971943,0.1895525363377976,NaN,NaN,1.250015455699867,0,NaN,0,0,0,0,1
71.8,60,100,84,0,135.7322573968091,0.0001,0.0001,500,1.1,-0,0.001630311262410156,15.30830473961461,8.082918992687388,77179.02939247388,83550.42425459324,6.485192924489268,297.9487070327466,180.0264133243227,1.667553818945086,10,NaN,31,NaN,1.301544157855334,0.1896463902719243,NaN,NaN,1.253136116049461,0,NaN,0,0,0,0,1
72,60,100,84,0,142.1718579131091,0.0001,11.05597574890024,500,1.1,-0,0.001613384241168423,15.34670163926664,8.114950352251713,77319.25015530984,83701.45142444537,6.480789674003405,297.9690803428628,187.437927097154,1.67159490176392,10,1305.972531261582,31,1759.85161546841,1.297352760875769,0.189678235379884,7.984883734478052,18.46949643670263,1.256240247601766,0,25.62880601713348,0,0,0,0,1
72.2,60,100,90,0,150.3741932890594,5.145715038074282,1.105597574890024,500,1.1,-0,0.001719974111316926,15.29390816114471,8.147576580322488,77462.29517460847,83855.56923326453,6.475852538415625,297.9668840590258,186.6374730850704,1.675773298914734,10,NaN,30,NaN,1.32575844347701,0.1894014710589079,NaN,NaN,1.259450205960309,0,NaN,0,0,0,0,1
72.40000000000001,60,100,90,0,160.5552813259827,3.075710145807985,0.1105597574890024,500,1.1,-0,0.001767355883549444,15.30929426962398,8.17991077045426,77607.36396272911,84011.8300761135,6.476248669293671,297.9653102206075,186.0627558488866,1.680092451021403,10,NaN,30,NaN,1.328290995573849,0.1893691865920132,NaN,NaN,1.262768669866705,0,NaN,0,0,0,0,1
72.60000000000001,60,100,90,0,170.5587154653533,1.307360233750611,0.01105597574890024,500,1.1,-0,0.001768776024573942,15.34824483782937,8.212022905412162,77754.42074737369,84170.12000127541,6.47878440059302,297.963954088498,185.5665644583641,1.684463798443635,10,NaN,30,NaN,1.321651677172496,0.1894235864410461,NaN,NaN,1.26612762308299,0,NaN,0,0,0,0,1
72.8,60,100,90,0,179.5579056482931,0.0001,0.001105597574890024,500,1.1,-0,0.00179055205909365,15.35551539984533,8.243967672324976,77903.26414393268,84330.27169852924,6.485377770766794,297.9640377615544,185.5972173667595,1.688877312968114,10,NaN,30,NaN,1.331658746722995,0.18932039945033,NaN,NaN,1.269519372568265,0,NaN,0,0,0,0,1
73,60,100,90,0,185.9132854275634,0.0001,0.0001105597574890024,500,1.1,-0,0.001787617858725682,15.38344189764064,8.27600017843805,78053.36531723686,84491.68555437426,6.492109839314422,297.9626648295811,185.0929112541681,1.693304013110494,10,NaN,30,NaN,1.336129092634758,0.1892695725337305,NaN,NaN,1.272921653808345,0,NaN,0,0,0,0,1
73.2,60,100,90,0,189.5883673015146,0.0001,0.0001,500,1.1,-0,0.001777608629894172,15.43286143533047,8.307870777871241,78204.18870775262,84653.79743882513,6.498729539158928,297.9596762079872,183.9930055045144,1.69771618565105,10,NaN,30,NaN,1.323507610961826,0.1893804962611874,NaN,NaN,1.27631316681284,0,NaN,0,0,0,0,1
73.40000000000001,60,100,90,0,190.6163816418058,0.0001,0.0001,500,1.1,-0,0.001800127324290431,15.42615834228912,8.339786650935268,78355.20471695776,84816.19582560539,6.503226220737325,297.9587680174499,183.6580925329116,1.702157291242615,10,NaN,30,NaN,1.336106233239653,0.1892527436526528,NaN,NaN,1.279727320581682,0,NaN,0,0,0,0,1
73.60000000000001,60,100,90,0,189.8523272708011,0.0001,0.0001,500,1.1,-0,0.001814991889816925,15.41670303442462,8.371609490810691,78506.05435603684,84978.46926048954,6.503998090079648,297.9589078016708,183.7097154061089,1.706636564419473,10,NaN,30,NaN,1.359453552169341,0.1890231438854175,NaN,NaN,1.283171223462964,0,NaN,0,0,0,0,1
73.8,60,100,90,0,188.7849488885499,0.0001,0.0001,500,1.1,-0,0.001829445896475196,15.43489428096966,8.403433362079204,78656.6764258535,85140.58295210244,6.505280062342433,297.9606934302407,184.3707325688263,1.711153255862162,10,NaN,30,NaN,1.359894357930501,0.1890102849630693,NaN,NaN,1.28664430976511,0,NaN,0,0,0,0,1
74,60,100,90,0,187.1911890644501,0.0001,0.0001,500,1.1,-0,0.001826838521916923,15.45650566601194,8.434804930310078,78806.96537956936,85302.38580193093,6.510614958918794,297.9627242999481,185.123996700556,1.715693601274004,10,NaN,30,NaN,1.361009840134952,0.1889909938962704,NaN,NaN,1.29013600400566,0,NaN,0,0,0,0,1
74.2,60,100,90,0,183.4518093474031,0.0001,0.0001,500,1.1,-0,0.001798787465609411,15.50572218736096,8.466078771617248,78956.49239959315,85463.35921649011,6.5157396411445,297.9628085120926,185.1552506627155,1.720201994708918,10,NaN,30,NaN,1.350161872897114,0.1890850026106637,NaN,NaN,1.293603542071559,0,NaN,0,0,0,0,1
74.40000000000001,60,100,90,0,177.6762156009471,0.0001,0.0001,500,1.1,-0,0.00178858365669657,15.52398743645621,8.497472338317939,79104.85067175156,85623.18117152741,6.519245481051886,297.9634575569984,185.3968954061299,1.724682834370835,10,NaN,30,NaN,1.350885745786613,0.1890695312739461,NaN,NaN,1.297050298610945,0,NaN,0,0,0,0,1
74.60000000000001,60,100,90,0,170.5029230084187,0.0001,0.0001,500,1.1,-0,0.001809358977862306,15.50448347254819,8.529170430720749,79251.76004594358,85781.62774456243,6.518312432578148,297.9671306850618,186.767219270791,1.729185566142192,10,NaN,30,NaN,1.372582498055843,0.1888554936744522,NaN,NaN,1.300514307733552,0,NaN,0,0,0,0,1
74.8,60,100,90,0,163.7122290638569,0.0001,0.0001,500,1.1,-0,0.001818307525505597,15.47366402511958,8.561025581807986,79397.29611006482,85938.76087833241,6.517392750860123,297.9733763125014,189.1016582222337,1.733727890519534,10,NaN,30,NaN,1.408553800977889,0.188506052271343,NaN,NaN,1.304009195215528,0,NaN,0,0,0,0,1
75,60,100,90,0,157.2751595207266,0.8946936960118672,0.0001,500,1.1,-0,0.001806888818011028,15.48621356808049,8.593042361103839,79541.52928602805,86094.57060148224,6.51517370572661,297.9788062243865,191.1349980636534,1.738267607229672,10,NaN,30,NaN,1.423604763228473,0.1883547041292071,NaN,NaN,1.307502497152533,0,NaN,0,0,0,0,1
75.2,60,100,90,0,151.7300127166227,1.722782809367058,0.0001,100,1.1,-0,0.001763575259435158,14.75396815938752,8.63389542517708,79604.6266560365,86169.17213549462,6.514635825592579,298.0625673733669,222.5440700093964,1.742753910417039,10,NaN,30,NaN,1.70151349519197,0.1857032166614223,NaN,NaN,1.310955110865438,0,NaN,0,0,0,0,1
75.40000000000001,60,100,90,0,146.3903457820034,29.78488828297412,0.0001,100,1.1,-0,0.001758941277292783,14.74700318081318,8.674782111333952,79666.62236825052,86242.68670625353,6.515134867830529,298.1220996503919,244.8868013271635,1.747213609188681,10,NaN,30,NaN,1.733600466735399,0.1853885244857212,NaN,NaN,1.314387657427742,0,NaN,0,0,0,0,1
75.60000000000001,60,100,90,0,140.8530405748224,52.04159174049462,0.0001,100,1.1,-0,0.001749160869206563,14.72219547629708,8.715792587060985,79727.48533212124,86315.06369496677,6.512490926938919,298.1632254234091,260.3344283752834,1.751662053743315,10,NaN,30,NaN,1.745131423202676,0.1852700178156108,NaN,NaN,1.317811946491922,0,NaN,0,0,0,0,1
75.8,60,100,90,0,136.3869388605407,70.3622282434365,0.0001,100,1.1,-0,0.001770452531130083,14.66894334712812,8.756883846853974,79787.43572309399,86386.63771360698,6.505958517828852,298.1926996703335,271.4146642712207,1.756149172502196,10,NaN,30,NaN,1.762890038631401,0.185091921351999,NaN,NaN,1.321266415391097,0,NaN,0,0,0,0,1
76,60,100,90,0,134.5364974200276,86.34335351256379,0.0001,100,1.1,-0,0.001740381161399748,14.6674161924094,8.798001286764764,79847.00345325956,86457.75752741403,6.50171317690652,298.1993056033654,273.9000492893102,1.760625096675968,10,NaN,30,NaN,1.764998698220781,0.1850633423399211,NaN,NaN,1.324712675799828,0,NaN,0,0,0,0,1
76.2,60,100,116,0,134.3642476664926,95.6275811941583,0.0001,100,1.1,-0,0.002487616467020623,14.12892281269111,8.836725041131798,79911.72046375462,86535.79380164036,6.487564893266184,298.2475283607293,292.0587994260844,1.766002857960834,10,NaN,29,NaN,1.959165172425948,0.1831938540467905,NaN,NaN,1.328853851654439,0,NaN,0,0,0,0,1
76.40000000000001,60,100,116,0,139.891111639408,119.6888481131779,0.0001,100,1.1,-0,0.002485475353438669,14.11877935112215,8.875245171337767,79977.52241405935,86614.94485752216,6.475788902953912,298.2714517818932,301.0754037076482,1.771958298615785,10,NaN,29,NaN,1.98910882783233,0.1828952497677227,NaN,NaN,1.333440562547241,0,NaN,0,0,0,0,1
76.60000000000001,60,100,116,0,150.0889011984183,136.8630712618396,0.0001,100,1.1,-0,0.002525861020512938,14.09346785969839,8.91330193844921,80045.35098959543,86696.22431407069,6.468982192811682,298.2820097846004,305.0582987691302,1.778017826786306,10,NaN,29,NaN,1.998171390932815,0.1827969194182817,NaN,NaN,1.338108182853663,0,NaN,0,0,0,0,1
76.80000000000001,60,100,116,0,163.0006669140128,150.5055983580807,0.0001,100,1.1,-0,0.002529771244434331,14.09231189054659,8.951082401914954,80115.75419874059,86780.08338342888,6.467520751997831,298.2781563127061,303.6032271135585,1.784108411435087,10,NaN,29,NaN,1.999388253295979,0.1827738955401779,NaN,NaN,1.342800482364745,0,NaN,0,0,0,0,1
77,60,100,116,0,176.4953781682948,159.6723324567675,0.0001,100,1.1,-0,0.002552346859017839,14.06411647438969,8.988051703336469,80188.85233817957,86866.74835472601,6.469065952659266,298.2689183388983,300.1115973222022,1.790258373662259,10,NaN,29,NaN,2.007130419188125,0.1826880777606694,NaN,NaN,1.347539297282828,0,NaN,0,0,0,0,1
77.2,60,100,116,0,189.3792522358147,166.9449942587489,0.0001,100,1.1,-0,0.002502558042120403,14.09784704198502,9.02518279422225,80264.52508139805,86955.92384284832,6.47324869889035,298.2543899278558,294.6148619534121,1.796395800148477,10,NaN,29,NaN,1.992351272856463,0.1828186121077151,NaN,NaN,1.352269224235084,0,NaN,0,0,0,0,1
77.40000000000001,60,100,116,0,200.5909979141534,172.0864149613194,0.0001,100,1.1,-0,0.002466114427988986,14.11919754703457,9.062653276718731,80342.44127874362,87047.29460166812,6.477651492988,298.2275998522067,284.4685285925622,1.802464354052375,10,NaN,29,NaN,1.980726453758278,0.182918926727914,NaN,NaN,1.356946831034127,0,NaN,0,0,0,0,1
77.60000000000001,60,100,116,0,210.0493443422524,172.4924242397887,0.0001,100,1.1,-0,0.002412183234120833,14.15701842869416,9.100512527743792,80422.25389394761,87140.48836191905,6.481090451837727,298.1936006575634,271.5782747238651,1.808449198394512,10,NaN,29,NaN,1.959165970354942,0.1831146893893745,NaN,NaN,1.361560653196031,0,NaN,0,0,0,0,1
77.80000000000001,60,100,116,0,218.1359727632469,169.4986221129727,0.0001,100,1.1,-0,0.002400170638837979,14.14104526987098,9.138037426773931,80503.690136116,87235.32613228841,6.484683175540927,298.1584794578781,258.2482261978492,1.814403849307029,10,NaN,29,NaN,1.962863440222116,0.1830681107202247,NaN,NaN,1.366151926429771,0,NaN,0,0,0,0,1
78,60,100,116,0,224.7819230814486,164.8968268400124,0.0001,100,1.1,-0,0.002559064707042757,14.02844522788836,9.173867284532045,80586.45953918103,87331.84977235984,6.489361047199924,298.1354596209493,249.501701763442,1.820546046368346,10,NaN,29,NaN,1.999500984258306,0.1827050047956031,NaN,NaN,1.370888565930172,0,NaN,0,0,0,0,1
78.2,60,100,116,0,225,163.1613717676562,0.0001,100,1.1,-0,0.002533633120286367,14.01938514522459,9.210020509569153,80669.27325937345,87428.37985255501,6.493915176195302,298.1163298233839,242.2251582810198,1.826776308216454,10,NaN,29,NaN,2.00931904034731,0.1825991286241501,NaN,NaN,1.37569390718118,0,NaN,0,0,0,0,1
78.40000000000001,60,100,116,0,225,161.8139761701307,0.0001,100,1.1,-0,0.00250688748197392,13.9944406620401,9.246489383697723,80752.08620416321,87524.91136967852,6.497621088305073,298.1010279022952,236.3982017009394,1.832991172498547,10,NaN,29,NaN,2.020617664083024,0.182479048620228,NaN,NaN,1.380488164682855,0,NaN,0,0,0,0,1
78.60000000000001,60,100,116,0,225,161.0406552531728,0.0001,100,1.1,-0,0.002436002315166671,14.01587954203149,9.28381175249126,80834.8974343606,87621.3445617999,6.501901253551092,298.0867213815671,230.944312237111,1.839131826696408,10,NaN,29,NaN,2.010908834688055,0.1825608808921419,NaN,NaN,1.385225952533087,0,NaN,0,0,0,0,1
78.80000000000001,60,100,116,0,224.7573185563074,160.0082163462134,0.0001,100,1.1,-0,0.002487145341667071,13.95231992306898,9.320991578387826,80917.65673165742,87717.88544001225,6.503872042531228,298.0800615284128,228.402678352914,1.845301504766669,10,NaN,29,NaN,2.027979890670198,0.182385445995705,NaN,NaN,1.389986911930336,0,NaN,0,0,0,0,1
79,60,100,116,0,223.7357338847487,161.0699177222052,0.0001,100,1.1,-0,0.002479845249245671,13.9405386591501,9.358198175610335,81000.20506277421,87814.26665897988,6.505398759583946,298.0819116552206,229.1095088615846,1.851530968743671,10,NaN,29,NaN,2.023564365706644,0.1824162838165123,NaN,NaN,1.394794798095316,0,NaN,0,0,0,0,1
79.2,60,100,116,0,222.097528943974,164.7604676850412,0.0001,100,1.1,-0,0.002499049504459604,13.90272200248301,9.395056425896271,81082.41750894315,87910.38463992947,6.506674193453112,298.0839033094201,229.871245253935,1.857811858323935,10,NaN,29,NaN,2.031486279217783,0.1823285185201541,NaN,NaN,1.399643180052785,0,NaN,0,0,0,0,1
79.40000000000001,60,100,116,0,219.9485536342069,168.5053995035682,0.0001,100,1.1,-0,0.002492017190535726,13.88180063105406,9.432021684020874,81164.19195019722,88006.08190930175,6.507360863210351,298.0853752692546,230.434820867798,1.864116339639591,10,NaN,29,NaN,2.036509032769076,0.1822685569515103,NaN,NaN,1.404510586784659,0,NaN,0,0,0,0,1
79.60000000000001,60,100,116,0,217.5260374616442,172.1446623432383,0.0001,100,1.1,-0,0.002500938874157767,13.83888847410024,9.468801659060571,81245.47285832744,88101.32516550782,6.50622285446,298.0918061269453,232.899761644903,1.870439001820286,10,NaN,29,NaN,2.05395091662987,0.1820892307644034,NaN,NaN,1.409392849100281,0,NaN,0,0,0,0,1
79.80000000000001,60,100,116,0,215.5628256895686,177.5538411448191,0.0001,100,1.1,-0,0.002483674181613239,13.8201838943898,9.505974230687212,81326.35178831519,88196.19947175683,6.505388507277994,298.0950112022797,234.1295696072386,1.876775314836896,10,NaN,29,NaN,2.056609890826096,0.182051920932693,NaN,NaN,1.41428647537373,0,NaN,0,0,0,0,1
80,60,100,116,0,213.9265178091269,182.0540904629726,0.0001,100,1.1,-0,0.002478933288824191,13.78760141661114,9.543276781277862,81406.89535952946,88290.77494062703,6.505650587697825,298.0954332622219,234.291674682124,1.883121625603621,10,NaN,29,NaN,2.067478756470944,0.1819356886804719,NaN,NaN,1.419188649087389,0,NaN,0,0,0,0,1
80.2,60,100,90,0,212.1827531952376,185.7385831635123,0.0001,100,1.1,-0,0.001462185578555329,14.6645684703449,9.581140779415446,81481.89770287175,88376.62267953384,6.520939880838806,298.0207650858404,205.5803499508625,1.888139550662706,10,NaN,23,NaN,1.773765965158227,0.184739465063724,NaN,NaN,1.423065303755692,0,NaN,0,0,0,0,1
80.40000000000001,60,100,90,0,204.2774906355563,163.5536441956438,0.0001,100,1.1,-0,0.001460363882822225,14.62305604026285,9.61908068049692,81555.33511007765,88460.90328921088,6.533466781928462,297.9820665019035,190.6856871190089,1.892316668320271,10,NaN,23,NaN,1.743617168413158,0.1850192221087948,NaN,NaN,1.426292777522534,0,NaN,0,0,0,0,1
80.60000000000001,60,100,90,0,191.4186153666485,151.5413347792983,0.0001,100,1.1,-0,0.001448988336704488,14.5871114668808,9.6572488651423,81626.20800023711,88542.59517300945,6.544065626338075,297.9513602992735,178.8560884656433,1.896386172245353,10,NaN,23,NaN,1.752576120396598,0.1849261035209448,NaN,NaN,1.429437447548718,0,NaN,0,0,0,0,1
80.80000000000001,60,100,90,0,174.3176867052421,140.565428072848,0.0001,100,1.1,-0,0.001437984940448354,14.55092108785223,9.695582120424366,81693.66380884848,88620.85071210371,6.549830240051987,297.9350089060879,172.550984639972,1.900424994170411,10,NaN,23,NaN,1.762861338349053,0.1848203787685041,NaN,NaN,1.432558744696675,0,NaN,0,0,0,0,1
81,60,100,90,0,154.9205990535763,42.16962842185439,150.792514153424,100,1.1,-0,0.001443565017539484,14.48624769307974,9.734601042438332,81757.15770283704,88695.18175544703,6.552973330061124,298.3320771890851,325.7921368539322,1.904464689650968,10,NaN,23,NaN,1.78505768501917,0.1846009614636543,NaN,NaN,1.435681052179648,0,NaN,0,0,0,0,1
81.2,60,100,90,0.5198118231220297,77.46029952678816,176.843655483067,15.0792514153424,100,1.1,-0,0.00141510864528234,14.34741716375748,9.775276295134205,81805.17613955577,88753.94841847161,6.531184317292507,298.3451008999861,330.8221273799358,1.908461271198882,10,NaN,23,NaN,1.834236214399442,0.1841237765880847,NaN,NaN,1.438770366587602,0,NaN,0,0,0,0,1
81.40000000000001,60,100,90,0,65.58809845969547,190.8117182121038,1.50792514153424,100,1.1,-0,0.00139522593610883,14.31508044848631,9.816144651259071,81850.71480654919,88810.20115580296,6.503516333462406,298.3175273132004,320.1659088625081,1.912408544282157,10,NaN,23,NaN,1.852276150378138,0.1839439506646099,NaN,NaN,1.441821888285121,0,NaN,0,0,0,0,1
81.60000000000001,60,100,90,0,64.72259122083642,194.1424366887745,0.150792514153424,100,1.1,-0,0.001413639186134523,14.27209316462344,9.857272936633963,81896.08757863239,88866.37533922924,6.477385246166142,298.2887174469777,309.0249964857097,1.916373901013437,10,NaN,23,NaN,1.866483323572789,0.1838006823482159,NaN,NaN,1.444887712377372,0,NaN,0,0,0,0,1
81.80000000000001,60,100,90,0,74.28566517245518,196.3171089878401,0.0150792514153424,100,1.1,-0,0.001363334099881153,14.31549967221842,9.897767537808113,81943.38322730405,88924.33275585,6.457130545176002,298.2453516687937,292.2446977116256,1.920292244848344,10,NaN,23,NaN,1.854014835042082,0.1839125462556819,NaN,NaN,1.447917505861899,0,NaN,0,0,0,0,1
82,60,100,90,0,91.93626304195384,192.3988937726894,0.00150792514153424,100,1.1,-0,0.001335708114952818,14.35096365119527,9.937630387582265,81994.21996960261,88985.76047630578,6.447109152576837,298.2119089824287,279.2955660353834,1.924135310056008,10,NaN,23,NaN,1.841032903850691,0.1840294126440417,NaN,NaN,1.450889398043609,0,NaN,0,0,0,0,1
82.2,60,100,90,0,113.580657135776,190.3870978929093,0.000150792514153424,100,1.1,-0,0.00134221114631545,14.37505034536428,9.977204168619545,82049.3931136412,89051.572358907,6.446099337261574,298.1839046516676,268.4445217955454,1.927964108782076,10,NaN,23,NaN,1.825242703990599,0.1841730825434546,NaN,NaN,1.453850559782172,0,NaN,0,0,0,0,1
82.40000000000001,60,100,90,0,135.6321659690633,188.9230107691547,0.0001,100,1.1,-0,0.001327334845287415,14.42036168901258,10.01587875556059,82108.98264791076,89121.74781442701,6.45296439782933,298.1555623359685,257.4541826534356,1.931772116902652,10,NaN,23,NaN,1.80690064981067,0.1843410866450221,NaN,NaN,1.456795941279676,0,NaN,0,0,0,0,1
82.60000000000001,60,100,90,0,154.9406580296601,186.2513687711915,0.0001,100,1.1,-0,0.001322983850957363,14.44181982291338,10.05384010463665,82172.43994122758,89195.7766541437,6.466477937685064,298.1258952846243,245.9408732550501,1.935555193629672,10,NaN,23,NaN,1.799294046706301,0.1844065884788523,NaN,NaN,1.459722334433386,0,NaN,0,0,0,0,1
82.80000000000001,60,100,90,0,168.8471267387245,182.0623910240307,0.0001,100,1.1,-0,0.001310961590290135,14.47675232501043,10.09138499034149,82238.68555311342,89272.55735132324,6.48205319791723,298.0912967749665,232.5023979897222,1.939310963654424,10,NaN,23,NaN,1.780936568152441,0.1845747059511226,NaN,NaN,1.462627895773368,0,NaN,0,0,0,0,1
83,60,100,90,0,176.5380040458095,175.0694812505742,0.0001,100,1.1,-0,0.001277983877834586,14.52287397203599,10.12814265209443,82306.4757748955,89350.76886386494,6.500123432427109,298.0635719087063,221.7243615231986,1.943000448703197,10,NaN,23,NaN,1.758882038882823,0.184778111531587,NaN,NaN,1.465482459925029,0,NaN,0,0,0,0,1
83.2,60,100,90,0,176.9992015385166,169.1875202744632,0.0001,100,1.1,-0,0.001291400959679331,14.49097761051205,10.16519170318385,82374.36142082157,89429.14616744364,6.515074342293636,298.0448580285894,214.442946512319,1.946680244286836,10,NaN,23,NaN,1.763710048860361,0.1847251403280701,NaN,NaN,1.468329806326564,0,NaN,0,0,0,0,1
83.40000000000001,60,100,90,0,171.4982503871314,165.3231147075965,0.0001,100,1.1,-0,0.00127748336864186,14.46800457849412,10.20219748218988,82441.14781486656,89506.39032969619,6.527747776097986,298.0284402509546,208.0493542657222,1.950349291257654,10,NaN,23,NaN,1.776442847637093,0.1845967947556549,NaN,NaN,1.471169113150545,0,NaN,0,0,0,0,1
83.60000000000001,60,100,90,0,160.9254139966318,161.4815115965557,0.0001,100,1.1,-0,0.001304180301276735,14.41754895738882,10.23972629736605,82505.81767223222,89581.59612409488,6.535774688287515,298.0248392784077,206.645824997597,1.954035594793118,10,NaN,23,NaN,1.789414685378734,0.1844661080473745,NaN,NaN,1.474022053095401,0,NaN,0,0,0,0,1
83.80000000000001,60,100,90,0,147.1497653978181,161.4288188109512,0.0001,100,1.1,-0,0.001305398135137241,14.37472518651122,10.27767158514686,82567.73065558562,89654.06436280535,6.536667207302351,298.008652522156,200.3316593531904,1.957741639592087,10,NaN,23,NaN,1.802771328897268,0.1843316825450322,NaN,NaN,1.476890553395637,0,NaN,0,0,0,0,1
84,60,100,90,0,133.0256411335156,156.8028681384969,0.0001,100,1.1,-0,0.001316421778263155,14.31136505548331,10.31613297633913,82626.81861815946,89723.76827576653,6.535531090167681,297.9985532243326,196.3889918568559,1.961474058248455,10,1380.535203448941,23,1717.692401182513,1.824763286482647,0.1841147307122603,10.16519170318385,20.34192468882314,1.479779753039346,0,26.74739724974742,0,0,0,0,1
84.2,60,100,90,0,119.3397875914923,153.7644806421666,0.0001,100,1.1,-0,0.001301110847396418,14.27651539462667,10.35518807950533,82683.16872543663,89790.69981470674,6.52506292687246,297.9860448359512,191.5021435683641,1.96519606687733,10,NaN,23,NaN,1.8401333274099,0.1839609588204525,NaN,NaN,1.48266118014337,0,NaN,0,0,0,0,1
84.40000000000001,60,100,90,0,109.8653168432858,149.4705772967207,0.0001,100,1.1,-0,0.001253676965241195,14.28916831851882,10.39351693894292,82737.62277273425,89855.58729460037,6.513770315973249,297.9793304782039,188.8770170141977,1.968842863200417,10,NaN,23,NaN,1.83724016219148,0.1839817481397818,NaN,NaN,1.485484657682509,0,NaN,0,0,0,0,1
84.60000000000001,60,100,90,0,104.8807320951911,146.7246181349378,0.0001,100,1.1,-0,0.001294054466147593,14.19955963054707,10.43218673619939,82791.07600171074,89919.63091023979,6.501721041028959,297.9812020633643,189.6092675806962,1.972517172470041,10,NaN,23,NaN,1.870831756033878,0.1836539144696203,NaN,NaN,1.488329713762774,0,NaN,0,0,0,0,1
84.80000000000001,60,100,90,0,104.7157009505474,146.6455656310323,0.0001,100,1.1,-0,0.001290852866516281,14.18397170874128,10.47052976066894,82844.48929819773,89983.62381229903,6.49119703175755,297.9890923547217,192.6985015664958,1.976228576932633,10,NaN,23,NaN,1.880601344744497,0.1835535764019193,NaN,NaN,1.491203775399179,0,NaN,0,0,0,0,1
85,60,100,90,0,108.7528493181158,148.6487566367741,0.0001,100,1.1,-0,0.001262923758102714,14.20502646842408,10.50837825832287,82898.70379972752,90048.33758149385,6.48391784475836,297.9881439450763,192.3269034326721,1.979907118769034,10,NaN,23,NaN,1.873159271739075,0.1836178241966335,NaN,NaN,1.494052668720955,0,NaN,0,0,0,0,1
85.2,60,100,90,0,115.6959103184606,147.8533414259972,0.0001,100,1.1,-0,0.001278684800359794,14.15808867681136,10.5461286326314,82954.30260890245,90114.53525459665,6.475330469788776,297.9857568360258,191.3909597562697,1.983604825059211,10,NaN,23,NaN,1.892584761555378,0.1834251966509898,NaN,NaN,1.496916685234636,0,NaN,0,0,0,0,1
85.40000000000001,60,100,90,0,126.0885955944529,146.5922998162893,0.0001,100,1.1,-0,0.001266114291925116,14.17292499471799,10.58333024713357,83011.97699891629,90182.77800946012,6.474588341718154,297.9772953421914,188.0709053767971,1.987308501266251,10,NaN,23,NaN,1.891634635471449,0.1834273502298807,NaN,NaN,1.499785608170937,0,NaN,0,0,0,0,1
85.60000000000001,60,100,90,0,136.7482134873603,143.1568691122568,0.0001,100,1.1,-0,0.001266054543178369,14.15661174398589,10.62047166178878,83071.78105363822,90253.18280023367,6.479375072718358,297.9705884288388,185.4372905999788,1.991011350539977,10,NaN,23,NaN,1.901999571288882,0.1833213097074358,NaN,NaN,1.502654173217102,0,NaN,0,0,0,0,1
85.80000000000001,60,100,90,0,145.5001091125106,140.0550205415394,0.0001,100,1.1,-0,0.001277721123849959,14.15839977172762,10.65771428390105,83133.33215758145,90325.40533882027,6.48825083291674,297.9665420885187,183.8471570389067,1.994739084725306,10,NaN,23,NaN,1.894224943386766,0.1833886785666998,NaN,NaN,1.505542301917,0,NaN,0,0,0,0,1
86,60,100,90,0,150.7059809915646,137.6064010627076,0.0001,100,1.1,-0,0.001275607081039011,14.17154945173921,10.69497995210337,83195.92085680352,90398.67449776846,6.496798475028316,297.9604593561571,181.4548446025488,1.998475374986153,10,NaN,23,NaN,1.880414062828137,0.1835137083252353,NaN,NaN,1.508437347103746,0,NaN,0,0,0,0,1
86.2,60,100,90,0,152.5069571467469,134.2835342698,0.0001,100,1.1,-0,0.001304631531349449,14.1254742838069,10.73255793749394,83258.86366421793,90472.41372055854,6.504382893732121,297.968484545856,184.6136493965261,2.002252236277783,10,NaN,23,NaN,1.892553272437046,0.1833906014340251,NaN,NaN,1.511364121135589,0,NaN,0,0,0,0,1
86.40000000000001,60,100,90,0,151.2762752153071,135.6150710645267,0.0001,100,1.1,-0,0.001332513598902243,14.06211964266062,10.77055036045356,83321.55108413698,90546.02190793179,6.513114281294062,297.9778641193617,188.3085491130954,2.006100717726158,10,NaN,23,NaN,1.918253976243616,0.183137633423688,NaN,NaN,1.514346697860301,0,NaN,0,0,0,0,1
86.60000000000001,60,100,90,0,146.5461938863314,137.6090054708591,0.0001,100,1.1,-0,0.001316304907580574,14.06408522474573,10.80837165812623,83383.28264417304,90618.59871455726,6.520576161960663,297.988858990345,192.643244554244,2.009943956750257,10,NaN,23,NaN,1.920213345232219,0.183111708731232,NaN,NaN,1.517325516601337,0,NaN,0,0,0,0,1
86.80000000000001,60,100,90,0,138.8391945736781,140.5017936348573,0.0001,100,1.1,-0,0.001284893755131508,14.0766949711766,10.8461747706738,83443.46408089741,90689.522872948,6.52447566118047,297.9934885707604,194.469869993178,2.013714363926134,10,NaN,23,NaN,1.912084172557658,0.1831824132597002,NaN,NaN,1.520248180943296,0,NaN,0,0,0,0,1
87,60,100,90,0,129.5800177621822,141.5987494837456,0.0001,100,1.1,-0,0.001275187059981993,14.03913046388461,10.88429476949261,83501.78536218975,90758.56697588554,6.525315632934822,298.0033134544632,198.3493142646353,2.017431940113074,10,NaN,23,NaN,1.926847201307331,0.1830342587967304,NaN,NaN,1.523130180081678,0,NaN,0,0,0,0,1
87.2,60,100,90,0,119.9834878784025,144.7094339116227,0.0001,100,1.1,-0,0.001263001522949363,13.99694979660083,10.92254659506355,83558.17972787085,90825.66778238231,6.522665012327652,298.0052036632715,199.096226644459,2.021119042154644,10,NaN,23,NaN,1.948881603956038,0.1828165325992912,NaN,NaN,1.52598883628375,0,NaN,0,0,0,0,1
87.40000000000001,60,100,90,0,111.4488648925473,145.4121238650588,0.0001,100,1.1,-0,0.001238242692476423,14.0052680688545,10.96047777549271,83612.86103086024,90890.97681074613,6.515189561011617,298.0085143185156,200.4053776506718,2.024761777723085,10,NaN,23,NaN,1.941419593456749,0.1828811466036608,NaN,NaN,1.52881337016227,0,NaN,0,0,0,0,1
87.60000000000001,60,100,90,0,105.9090779822741,146.7352607308888,0.0001,100,1.1,-0,0.001216711678191132,14.00290378539241,10.99816384722043,83666.42776126212,90955.09616283618,6.503574022619278,298.0134447836771,202.3564368912949,2.028345239664317,10,NaN,23,NaN,1.94097232487631,0.1828787374577503,NaN,NaN,1.531592211251949,0,NaN,0,0,0,0,1
87.80000000000001,60,100,90,0,105.0136464562783,148.7307282416162,0.0001,100,1.1,-0,0.001251910844219358,13.95493803736693,11.03629899446102,83719.80725682226,91019.16778990033,6.489055644086994,298.0246585164567,206.7969807249331,2.031955411505215,10,NaN,23,NaN,1.949753261299345,0.1827879713477863,NaN,NaN,1.534392032966327,0,NaN,0,0,0,0,1
88,60,100,90,0,109.9218393802111,153.0666669497553,0.0001,100,1.1,-0,0.001261960421388298,13.94893857884975,11.0740780046942,83774.15947215463,91084.24841207496,6.474518904001763,298.0328835548008,210.0563075804441,2.035613036902912,10,NaN,23,NaN,1.947812860833823,0.1827997160357742,NaN,NaN,1.537228931124395,0,NaN,0,0,0,0,1
88.2,60,100,90,0,120.6354994756822,156.7448965497506,0.0001,100,1.1,-0,0.001296484051085476,13.8987326022217,11.11206594439563,83830.64495572229,91151.61013163217,6.460761622395546,298.0462727960369,215.3658560964062,2.039343397799897,10,NaN,23,NaN,1.967355604240051,0.1826057045896728,NaN,NaN,1.540122528392125,0,NaN,0,0,0,0,1
88.40000000000001,60,100,90,0,136.8494568328596,162.5356302936723,0.0001,100,1.1,-0,0.001270206363324115,13.97303215322754,11.14938231587473,83890.36530111104,91222.12075278169,6.452925921451754,298.0456538281954,215.1202044558602,2.043070174195665,10,NaN,23,NaN,1.935638394192817,0.1829022785688691,NaN,NaN,1.54301363221645,0,NaN,0,0,0,0,1
88.60000000000001,60,100,90,0,156.1807660501136,163.9568969304524,0.0001,100,1.1,-0,0.001260878439020758,14.03549360352949,11.1860689709255,83953.94788834837,91296.46769094677,6.452430995214821,298.0385115218875,212.2835278883712,2.046756102592265,10,NaN,23,NaN,1.899771011046354,0.1832383414319419,NaN,NaN,1.5458733297958,0,NaN,0,0,0,0,1
88.80000000000001,60,100,90,0,175.704917079222,163.2094620703612,0.0001,100,1.1,-0,0.001246163689554521,14.07087301665061,11.22232651909647,84021.43430515421,91374.70187334146,6.458507184151635,298.0214876348824,205.516610545106,2.050408493639095,10,NaN,23,NaN,1.884224768456283,0.183380056783786,NaN,NaN,1.548707284575993,0,NaN,0,0,0,0,1
89,60,100,90,0,192.800529754897,158.8339704217076,0.0001,100,1.1,-0,0.001206693435928612,14.14551387795499,11.25765784769101,84092.34172132271,91456.22010379266,6.465891640686432,297.998736956096,196.4654132162501,2.053982760771467,10,NaN,23,NaN,1.856284017403262,0.1836401961071847,NaN,NaN,1.551480888503044,0,NaN,0,0,0,0,1
89.2,60,100,90,0,206.9590962674879,151.9184517010105,0.0001,100,1.1,-0,0.001191421002102062,14.18380132497454,11.29286474984438,84166.0830592214,91540.57418381315,6.476014194053146,297.9788013725737,188.5269752803507,2.057502736324749,10,NaN,23,NaN,1.831973280460178,0.1838656074403555,NaN,NaN,1.554212620619958,0,NaN,0,0,0,0,1
89.40000000000001,60,100,90,0,217.063846932098,145.1639413303396,0.0001,100,1.1,-0,0.001187279258970513,14.22259566209458,11.32746368854027,84241.84775356096,91626.91789763376,6.49360760017673,297.9540727485547,178.6707169460067,2.060993081762118,10,NaN,23,NaN,1.808356395104425,0.1840843067063376,NaN,NaN,1.55692161069685,0,NaN,0,0,0,0,1
89.60000000000001,60,100,90,0,220.1154926600943,135.9871343917099,0.0001,100,1.1,-0,0.001171367806743871,14.24195149261187,11.36170470496756,84318.2274854475,91713.83053675956,6.512620030556437,297.922409620209,166.0385396893088,2.0644490113975,10,NaN,23,NaN,1.79436679269281,0.1842111752904798,NaN,NaN,1.559604137486317,0,NaN,0,0,0,0,1
89.80000000000001,60,100,90,0,215.5814185654697,40.79614031751298,154.8219928488955,100,1.1,-0,0.00114686790632196,14.24105724111288,11.39591144817702,84393.62615948108,91799.68880268266,6.53062301954209,298.2786577130914,308.2999061007295,2.067852221216761,10,NaN,23,NaN,1.793635788190239,0.1842117413147836,NaN,NaN,1.562245983942401,0,NaN,0,0,0,0,1
90,60,100,90,0,203.8540007219758,161.029566582398,15.48219928488955,100,1.1,-0,0.001147727105401127,14.19936620631999,11.43035417687137,84466.60074091464,91883.1124022603,6.54765594074785,298.2698568661876,304.7821801658089,2.071220004614369,10,NaN,23,NaN,1.809560492111165,0.1840536043005119,NaN,NaN,1.564860565307453,0,NaN,0,0,0,0,1
90.2,75,100,90,0,185.313366006035,165.7710779448986,1.548219928488955,100,1.1,-0,0.001162508566608338,14.53022518191483,11.46555753004004,84535.87274797214,91962.89905715732,6.56023042711072,298.2205644380164,285.0623755879356,1.694017622980633,10,NaN,23,NaN,1.790636526591469,0.1883550748718679,NaN,NaN,1.591837698447379,0,NaN,0,0,0,0,1
90.40000000000001,75,100,90,0.5191398678864132,92.65668300301748,158.9508290596252,0.1548219928488955,100,1.1,-0,0.001148759761284179,14.34750635234846,11.50294273907084,84586.72972826399,92024.22199544162,6.54636120062722,298.1832103640454,270.1072105465989,1.671093632053156,10,NaN,23,NaN,1.784007206550848,0.1884493097287608,NaN,NaN,1.569818978074231,0,NaN,0,0,0,0,1
90.60000000000001,75,100,90,0,74.71793217135661,154.7045331765424,0.01548219928488955,100,1.1,-0,0.001152679209742908,14.28453230709238,11.54122223955688,84633.90448434811,92081.90013587839,6.525959518017662,298.1539297450536,258.3769209680831,1.672057245293574,10,NaN,23,NaN,1.805219216941294,0.1882864565065537,NaN,NaN,1.570744268730016,0,NaN,0,0,0,0,1
90.80000000000001,75,100,90,0,64.87666095850398,151.7532638308448,0.001548219928488955,100,1.1,-0,0.001165619129866651,14.23794723409689,11.58010486013015,84679.11834270605,92137.6829616637,6.502548610755753,298.1274511004844,247.762764090278,1.674660863586523,10,NaN,23,NaN,1.818596163759446,0.1881799044133082,NaN,NaN,1.573244460185307,0,NaN,0,0,0,0,1
91,75,100,90,0,64.3887190476714,148.610101536425,0.0001548219928488955,100,1.1,-0,0.001176760928556492,14.21010125757516,11.61910966494768,84724.24027716702,92193.4176072847,6.479111283093495,298.1068145792285,239.4855690067518,1.677391370616978,10,NaN,23,NaN,1.831290832010351,0.188078271139352,NaN,NaN,1.575866685211612,0,NaN,0,0,0,0,1
91.2,75,100,90,0,73.26616534176753,146.4685078055602,0.0001,100,1.1,-0,0.001184634907128533,14.20036759573018,11.65787823058637,84771.14268613068,92250.9649378707,6.461219899103894,298.0832990222604,230.0479365683657,1.680143089173225,10,NaN,23,NaN,1.839482722642676,0.188010784873698,NaN,NaN,1.578509472635191,0,NaN,0,0,0,0,1
91.40000000000001,75,100,90,0,89.28188999117648,142.5159612820695,0.0001,100,1.1,-0,0.001157946747412642,14.2350013013225,11.69597411442453,84821.2520217538,92311.65955422644,6.451586742093641,298.0671042027038,223.5443093077738,1.68287544274228,10,NaN,23,NaN,1.83067853965479,0.1880724310549284,NaN,NaN,1.581133852441736,0,NaN,0,0,0,0,1
91.60000000000001,75,100,90,0,109.1415374799468,140.2288285470574,0.0001,100,1.1,-0,0.001152379876808431,14.28008085307546,11.73360808898916,84875.33543451139,92376.3207246198,6.452653133513918,298.0501179809872,216.7183109075343,1.685583782238582,10,NaN,23,NaN,1.806459337091456,0.1882511411171329,NaN,NaN,1.583735354757648,0,NaN,0,0,0,0,1
91.80000000000001,75,100,90,0,128.5659602080883,137.0064508028991,0.0001,100,1.1,-0,0.001149462843578872,14.31294090316637,11.77086531259407,84933.30844803408,92444.89556562727,6.462703294734101,298.0198846792542,204.5602538430406,1.688289553656931,10,NaN,23,NaN,1.78513574352957,0.1884077904755522,NaN,NaN,1.586334576849349,0,NaN,0,0,0,0,1
92,75,100,90,0,143.9750902381908,128.5827826549255,0.0001,100,1.1,-0,0.001117039774869897,14.36434421231257,11.80730212108079,84994.37059171531,92516.45241068366,6.478747679472212,297.9888906844823,192.0869145231629,1.690952602377814,10,NaN,23,NaN,1.767558144768473,0.1885360347682886,NaN,NaN,1.588892940687989,0,NaN,0,0,0,0,1
92.2,75,100,90,0,152.9755533832696,118.8622796936493,0.0001,100,1.1,-0,0.001104986000925597,14.40590548290942,11.84271094697241,85057.24013637872,92589.75723508121,6.495417107734647,297.957666365708,179.5111072036707,1.693576534604985,10,NaN,23,NaN,1.739680269822816,0.1887423934238762,NaN,NaN,1.591413902404343,0,NaN,0,0,0,0,1
92.40000000000001,75,100,90,0,155.325376595872,107.9057453453657,0.0001,100,1.1,-0,0.001114208609805127,14.39660053709313,11.87801329609182,85120.58640057124,92663.57478427485,6.511718703365381,297.9290205675167,167.9646559162667,1.696200235931679,10,NaN,23,NaN,1.735655047498417,0.1887678682013741,NaN,NaN,1.593934817664395,0,NaN,0,0,0,0,1
92.60000000000001,75,100,90,0,151.1577681864906,32.3717236036097,122.8892916057986,100,1.1,-0,0.001114568637744843,14.38300706575294,11.91326266657038,85183.03884118656,92736.51106057136,6.527574323946868,298.2179102878482,284.5005411475384,1.698829566045972,10,NaN,23,NaN,1.734025351504643,0.1887751717095812,NaN,NaN,1.596461317156612,0,NaN,0,0,0,0,1
92.80000000000001,75,100,90,0,140.6481972782544,129.5917918862872,12.28892916057986,100,1.1,-0,0.001125979173758236,14.33862667999673,11.9489173531399,85243.32675944189,92807.32751510534,6.538706468634185,298.2028780578408,278.4319864622449,1.701471869446833,10,NaN,23,NaN,1.746978233948884,0.1886719115734603,NaN,NaN,1.599000460032571,0,NaN,0,0,0,0,1
93,75,100,90,0,125.6998343758667,130.4106354255684,1.228892916057986,100,1.1,-0,0.001119134979399878,14.30495441183612,11.98513795295257,85300.63162855266,92875.14442044032,6.543961167502232,298.1605711631771,261.3399466652137,1.704107031157703,10,NaN,23,NaN,1.757195793596988,0.188589387126765,NaN,NaN,1.601532917247915,0,NaN,0,0,0,0,1
93.2,75,100,90,0,108.6537548256861,123.535425660646,0.1228892916057986,100,1.1,-0,0.001089547664689488,14.27430022303396,12.02139624525602,85354.53876051663,92939.47721513239,6.543051634051065,298.1238490506061,246.493716279158,1.706699000929279,10,NaN,23,NaN,1.776034313675444,0.188441550145958,NaN,NaN,1.60402403856938,0,NaN,0,0,0,0,1
93.40000000000001,75,100,90,0,91.97289951135767,117.205017152789,0.01228892916057987,100,1.1,-0,0.001083095216774041,14.22128390203084,12.05782537925402,85405.11964464531,93000.47375264167,6.530270745898788,298.0902744342347,232.9110018075644,1.709267655757975,10,NaN,23,NaN,1.800983956965163,0.1882473430635801,NaN,NaN,1.606492921028302,0,NaN,0,0,0,0,1
93.60000000000001,75,100,90,0,80.42361195793825,110.5415297466783,0.001228892916057987,100,1.1,-0,0.00105784076453541,14.21389283947182,12.09405458226406,85453.39785411372,93059.09641571756,6.514394074304653,298.0679401589992,223.8699046491255,1.711810470394175,10,NaN,23,NaN,1.798738719990266,0.1882595099773219,NaN,NaN,1.608937132651916,0,NaN,0,0,0,0,1
93.80000000000001,75,100,90,0,75.19715887681839,106.473305697021,0.0001228892916057987,100,1.1,-0,0.001034810107579764,14.228096358509,12.12987892853036,85500.63493494336,93116.59650440569,6.499359493574678,298.0496219922279,216.4500275245331,1.714310544749799,10,NaN,23,NaN,1.785106542889081,0.1883581445011681,NaN,NaN,1.611340422051061,0,NaN,0,0,0,0,1
94,75,100,90,0,75.97186952264023,102.8688011876478,0.0001,100,1.1,-0,0.0009874454252834204,14.28252046896545,12.16481915657303,85548.03156727411,93174.05348241434,6.4865073490555,298.0252769238811,206.5829897911709,1.716720789339102,10,NaN,23,NaN,1.762124421261104,0.1885278184786403,NaN,NaN,1.613657510126731,0,NaN,0,0,0,0,1
94.2,75,100,90,0,81.88297427612736,96.46796356733216,0.0001,100,1.1,-0,0.0009713394113987135,14.30232615912099,12.19911358972063,85596.61604374569,93232.6409275167,6.476480616644395,298.0020075646701,197.1461845228005,1.719073339152341,10,NaN,23,NaN,1.750704463599372,0.1886098825787377,NaN,NaN,1.615919276198363,0,NaN,0,0,0,0,1
94.40000000000001,75,100,90,0,91.80248843821654,89.57050729766519,0.0001,100,1.1,-0,0.0009735130542966057,14.29902234888577,12.23324119375165,85647.19030113923,93293.24489429357,6.471055124087028,297.975872051286,186.5403531690924,1.721421453985819,10,NaN,23,NaN,1.752918732963207,0.1885885914327904,NaN,NaN,1.618176919172974,0,NaN,0,0,0,0,1
94.60000000000001,75,100,90,0,103.8861488752782,80.80355904938867,0.0001,100,1.1,-0,0.0009447053196283425,14.36190905302545,12.26650614161128,85700.18688950116,93356.17346214729,6.473939733846007,297.9525435758135,177.0675042098974,1.723734842275276,10,NaN,23,NaN,1.720635671826267,0.1888287926781623,NaN,NaN,1.620401311117296,0,NaN,0,0,0,0,1
94.80000000000001,75,100,90,0,114.8034322406824,72.04645328495982,0.0001,100,1.1,-0,0.0009275197282436732,14.40590916320241,12.29921224230079,85755.37240919301,93421.22904296515,6.481355972859738,297.9263223442178,166.4128255971821,1.726000999476572,10,NaN,23,NaN,1.695334987048898,0.1890160568541503,NaN,NaN,1.622580421310174,0,NaN,0,0,0,0,1
95,75,100,90,0,122.7659485840508,21.61393598548795,88.81623505196441,100,1.1,-0,0.0009285521376600708,14.40161019675314,12.3319789595481,85812.10777478429,93487.86710201608,6.492613907129268,298.1280804271875,248.4521210325792,1.728255650432239,10,NaN,23,NaN,1.695745080742752,0.1890086152587196,NaN,NaN,1.624748597233345,0,NaN,0,0,0,0,1
95.2,75,100,90,0,126.2271916727834,88.654221755156,8.881623505196442,100,1.1,-0,0.0009369710862108385,14.41106047155769,12.36432324273547,85869.49201220144,93555.1779562647,6.502125450969781,298.1112839579939,241.6174861899361,1.730521929922484,10,NaN,23,NaN,1.67879203156754,0.1891325961828804,NaN,NaN,1.626928086376096,0,NaN,0,0,0,0,1
95.40000000000001,75,100,90,0,125.9018388107367,86.14927028062336,0.8881623505196443,100,1.1,-0,0.0009427934237807044,14.3867390221949,12.39659136327412,85926.81574541423,93622.44950193573,6.50919521145041,298.0814989433489,229.4891071365976,1.732801267920793,10,NaN,23,NaN,1.689165652804614,0.1890496845900542,NaN,NaN,1.62912026610195,0,NaN,0,0,0,0,1
95.60000000000001,75,100,90,0,122.7510023564858,80.17256217182985,0.08881623505196444,100,1.1,-0,0.000942453828145362,14.36681255339884,12.42875549972783,85983.51671585297,93689.11498059469,6.516470908917523,298.0514570766857,217.2474851771396,1.73508889338443,10,NaN,23,NaN,1.696061452994973,0.1889930773868427,NaN,NaN,1.631320549677658,0,NaN,0,0,0,0,1
95.80000000000001,75,100,90,0,116.6813977353226,73.08771615845738,0.008881623505196444,100,1.1,-0,0.0009389242465889917,14.33551495415289,12.46114098980062,86039.00918719619,93754.58033612727,6.525678881809006,298.0314043908698,209.0706296643187,1.737375841153653,10,NaN,23,NaN,1.711686842320992,0.1888703607351086,NaN,NaN,1.633520314911775,0,NaN,0,0,0,0,1
96,75,100,90,0,106.9229250925308,68.32449392765109,0.0008881623505196444,100,1.1,-0,0.0009534445572376303,14.29012044148249,12.49408364563084,86092.55149514641,93818.17105411935,6.526003570377437,298.0206132111994,204.6673361374254,1.739683843296605,10,1454.505182329124,23,1708.025687951867,1.721879037926771,0.1887887302552123,12.36432324273547,21.69466023554054,1.635740467208459,0,35.67570360258119,0,0,0,0,1
96.2,75,100,90,0,97.06989747630428,65.92959674258803,0.0001,100,1.1,-0,0.0009633858408106442,14.23677891145567,12.52775645449285,86144.12189520865,93879.85293121339,6.521789078357174,298.0148614922078,202.3188347205444,1.742017996059484,10,NaN,23,NaN,1.742471218885287,0.1886282411836876,NaN,NaN,1.637985913020565,0,NaN,0,0,0,0,1
96.40000000000001,75,100,90,0,88.88912867068007,64.79918295799872,0.0001,100,1.1,-0,0.0009593327934483619,14.20187082693348,12.56174822934527,86194.05279898219,93939.90268952382,6.516211491669935,298.0145210764709,202.1797434080371,1.744358555101454,10,NaN,23,NaN,1.758679440582963,0.1885009157772738,NaN,NaN,1.640237661283097,0,NaN,0,0,0,0,1
96.60000000000001,75,100,90,0,82.92934011257529,65.28218337899683,0.0001,100,1.1,-0,0.0009712534087092281,14.14656377913193,12.59637162347688,86242.78641797285,93998.83387286683,6.508853144944083,298.0188270929791,203.9401441194482,1.746719832274436,10,NaN,23,NaN,1.783490067375232,0.1883082920775986,NaN,NaN,1.642509483243757,0,NaN,0,0,0,0,1
96.80000000000001,75,100,90,0,79.91436923480383,67.31485256001899,0.0001,100,1.1,-0,0.0009746178961299363,14.13024488943031,12.63131778267128,86290.9111224658,94057.19492158988,6.50100933029904,298.0216602964215,205.0991273775302,1.749099136458934,10,NaN,23,NaN,1.783144613779212,0.1883063514904549,NaN,NaN,1.644798793248891,0,NaN,0,0,0,0,1
97,75,100,90,0,80.03281811770069,68.96602861056404,0.0001,100,1.1,-0,0.0009656787504468569,14.12995130702787,12.66569576112842,86339.05413291947,94115.53183376072,6.495870018404622,298.0235410802281,205.8689647936774,1.751470943578773,10,NaN,23,NaN,1.783791110915757,0.1882969035885012,NaN,NaN,1.647081033607408,0,NaN,0,0,0,0,1
97.2,75,100,90,0,82.19656749200149,70.40591111381043,0.0001,100,1.1,-0,0.0009725653700547311,14.10171160188593,12.70010683768851,86387.62416485092,94174.34618179662,6.489655082294949,298.0278564464457,207.6364072893709,1.753851385162241,10,NaN,23,NaN,1.7975688917604,0.1881878581425046,NaN,NaN,1.649371726788049,0,NaN,0,0,0,0,1
97.40000000000001,75,100,90,0,86.85847376639964,72.76339708889036,0.0001,100,1.1,-0,0.0009757369846115063,14.10036751059884,12.73436771029219,86437.12095454452,94234.09259038966,6.487398150536507,298.0289007515667,208.0643825914182,1.756234794312953,10,NaN,23,NaN,1.800060012152719,0.1881643989993183,NaN,NaN,1.651665420620341,0,NaN,0,0,0,0,1
97.60000000000001,75,100,90,0,92.40672849241338,74.13593385070182,0.0001,100,1.1,-0,0.00096487957353744,14.11467790420933,12.76779886574101,86487.72302952083,94294.86989730645,6.491251051932545,298.0270069665298,207.2877711301635,1.758592482837336,10,NaN,23,NaN,1.801854461179863,0.1881462732180075,NaN,NaN,1.653934504724226,0,NaN,0,0,0,0,1
97.80000000000001,75,100,90,0,96.40644802118953,74.55852390831903,0.0001,100,1.1,-0,0.0009241776329418086,14.17803368882826,12.80047424051045,86539.12127673434,94356.28129410956,6.501625434803071,298.0248205550043,206.3905887614513,1.76087599663084,10,NaN,23,NaN,1.771436886040673,0.1883725361541553,NaN,NaN,1.656132337003344,0,NaN,0,0,0,0,1
98,75,100,90,0,96.25457540861326,74.83117656466941,0.0001,100,1.1,-0,0.0009480437768187684,14.13599093901947,12.83352145834658,86590.48557074943,94417.74575936643,6.510102604754945,298.0218427055983,205.1678776332315,1.763151471134337,10,NaN,23,NaN,1.785045286888972,0.1882650084745392,NaN,NaN,1.658322564128791,0,NaN,0,0,0,0,1
98.2,75,100,90,0,92.73892641437895,74.75098741871302,0.0001,100,1.1,-0,0.0009520663921096317,14.12258758142745,12.86700584869569,86641.14359838146,94478.52503636926,6.51562914633381,298.0177157446053,203.4722654532095,1.76543619083456,10,NaN,23,NaN,1.784277602983218,0.1882664502910331,NaN,NaN,1.660521823165974,0,NaN,0,0,0,0,1
98.40000000000001,75,100,90,0,87.01626776832242,74.16862120660777,0.0001,100,1.1,-0,0.0009564285617559164,14.07611643886907,12.90062271966376,86690.65410300141,94538.15798625519,6.521328875174028,298.0144391564462,202.1251990378738,1.767719376839636,10,NaN,23,NaN,1.813884371175138,0.1880375485104115,NaN,NaN,1.662719739096628,0,NaN,0,0,0,0,1
98.60000000000001,75,100,90,0,79.0037075211677,73.73349092186142,0.0001,100,1.1,-0,0.0009595610966599098,14.04169781915095,12.93424216433309,86738.55964179049,94596.16067275894,6.521258131463815,298.0083841500094,199.6343662016714,1.769992897973277,10,NaN,23,NaN,1.835975366247036,0.1878655882557921,NaN,NaN,1.664908483452244,0,NaN,0,0,0,0,1
98.80000000000001,75,100,90,0,71.03892610729974,72.2105564790976,0.0001,100,1.1,-0,0.0009860489154215259,13.95152474196713,12.96858502824692,86784.86971183479,94652.7118935844,6.518816163609993,298.0060959481517,198.6925192171252,1.772309992719675,10,NaN,23,NaN,1.878423435678716,0.1875389048248541,NaN,NaN,1.667139312509638,0,NaN,0,0,0,0,1
99,75,100,90,0,64.04024393799028,71.78094501179739,0.0001,100,1.1,-0,0.001013144169615296,13.90354840690341,13.00343823574736,86829.7754361547,94707.96100690094,6.514457167821554,298.0105269755706,200.5174146867316,1.774686584077949,10,NaN,23,NaN,1.890158519077152,0.1874452344500844,NaN,NaN,1.66942756564016,0,NaN,0,0,0,0,1
99.2,75,100,90,0,58.78386001842247,73.55540904095388,0.0001,100,1.1,-0,0.001002471633940174,13.88336224005513,13.03824733329932,86873.62393652281,94762.12623574557,6.506710212706385,298.0150217344212,202.3695888666375,1.777066847788851,10,NaN,23,NaN,1.90386034778752,0.1873365981795694,NaN,NaN,1.671719499302541,0,NaN,0,0,0,0,1
99.40000000000001,75,100,90,0,56.63123616212324,75.46762972265564,0.0001,100,1.1,-0,0.001003712841562644,13.8599043738562,13.07293491294894,86917.03626566091,94815.86268272776,6.495590975588553,298.0184108008622,203.7669051444092,1.779443234508328,10,NaN,23,NaN,1.914850454844139,0.1872485553203918,NaN,NaN,1.674007844298595,0,NaN,0,0,0,0,1
99.60000000000001,75,100,90,0,58.92652676807998,77.1664619942356,0.0001,100,1.1,-0,0.0009953204082024864,13.83997372841872,13.10773616605793,86960.90248512855,94870.06064245364,6.487573859758325,298.0206176030853,204.6772701392921,1.781815049320969,10,NaN,23,NaN,1.931683455124102,0.1871160938960584,NaN,NaN,1.676291930702049,0,NaN,0,0,0,0,1
99.80000000000001,75,100,90,0,64.40769744589598,78.59279579521096,0.0001,100,1.1,-0,0.0009902886725263232,13.83318232736518,13.14203117967576,87005.86037403275,94925.32682044142,6.483038258745347,298.0207587360646,204.7355179190133,1.784175215396501,10,NaN,23,NaN,1.945718103646368,0.1870048977963881,NaN,NaN,1.678564941979023,0,NaN,0,0,0,0,1
100,75,100,90,0,71.7016159484232,79.39809577211686,0.0001,100,1.1,-0,0.001013137626072782,13.8109746774263,13.17659841415782,87052.27284482162,94982.1665807345,6.482802990725145,298.0208857228398,204.7879602329236,1.786566604235801,10,NaN,23,NaN,1.948663596889254,0.1869779480645777,NaN,NaN,1.680868168292778,0,NaN,0,0,0,0,1
100.2,75,100,90,0,79.08667741422992,80.21930031462968,0.0001,100,1,-4000,0.001021436349076782,12.98745937627029,13.21084803229058,86395.55818318596,94240.49570510857,6.514172601792515,298.018001576293,203.6007710149038,1.779779769685271,10,NaN,23,NaN,1.915034816847607,0.187246512691176,NaN,NaN,1.674331922997539,0,NaN,0,0,0,0,1
100.4,75,100,90,0,73.83399151525839,80.00653196167572,0.0001,100,1,-4000,0.001022853673010232,12.97818818269227,13.24513028555394,85737.88701954605,93497.75195935954,6.544472446893257,298.0175836442962,203.4299066368198,1.768282090500342,10,NaN,23,NaN,1.892511108574388,0.1874395837832001,NaN,NaN,1.66326145756558,0,NaN,0,0,0,0,1
100.6,75,100,90,0,56.5660120214406,80.55903563284257,0.0001,100,1,-4000,0.001034426738816156,12.92115666558183,13.27987115909996,85076.85626163789,92751.56962146399,6.565231832679174,298.0178416386561,203.5343115974363,1.756418342567052,10,NaN,23,NaN,1.885348811369115,0.1875166370606286,NaN,NaN,1.651842065841762,0,NaN,0,0,0,0,1
100.8,75,100,90,0.5187327753570387,28.2830060107203,81.31056483811501,0.0001,100,1,-4000,0.001035768254842703,12.84305484928576,13.3153709301562,84410.36628398435,91999.84448759457,6.559817236773906,298.0265031811642,207.0180715153167,1.744509327094316,10,NaN,23,NaN,1.883360224304147,0.1875544765097398,NaN,NaN,1.640382717138362,0,NaN,0,0,0,0,1
101,75,100,90,1.040398076050949,14.14150300536015,84.96592349529304,0.0001,100,1,-4000,0.0010419314731367,12.77996256542836,13.3512103895415,83741.24443376872,91245.42096926518,6.539073939986462,298.0413770335361,212.9537500743053,1.732584548541841,10,NaN,23,NaN,1.885453717102516,0.1875613312461607,NaN,NaN,1.628911828026022,0,NaN,0,0,0,0,1
101.2,75,100,90,0,0,91.02631028845177,0.0001,100,1,-4000,0.001038023153533529,12.71308458847122,13.38754942670431,83069.17755283679,90487.95421158068,6.506846583109693,298.0589061017239,219.8936542974465,1.720631545834646,10,NaN,23,NaN,1.898159044512485,0.1874875764217614,NaN,NaN,1.617417430149625,0,NaN,0,0,0,0,1
101.4,75,100,90,0,0,98.51392367805626,0.0001,100,1,-4000,0.001048272268066141,12.67561046807034,13.42389138741998,82397.20325517084,89730.52942263629,6.477027153331211,298.0710466361721,224.6616387788746,1.708663876044993,10,NaN,23,NaN,1.894666031218218,0.1875369620473087,NaN,NaN,1.605912578365959,0,NaN,0,0,0,0,1
101.6,75,100,90,0,9.703818855183211,104.7799188659153,0.0001,100,1,-4000,0.001086049737474746,12.63949321448148,13.46045256471486,81727.26385131378,88975.19366901943,6.456591958480496,298.0835633903206,229.537632070983,1.696727002023792,10,NaN,23,NaN,1.880962706306731,0.1876639094244452,NaN,NaN,1.594440968320873,0,NaN,0,0,0,0,1
101.8,75,100,90,0,27.5586407268039,111.6713938952465,0.0001,100,1,-4000,0.001125651549542694,12.63121076921161,13.49724909205788,81060.98990417649,88223.5933420224,6.450502261038105,298.0933793772387,233.3305430212764,1.684841888200993,10,NaN,23,NaN,1.848298642357607,0.1879348294967362,NaN,NaN,1.583022707996424,0,NaN,0,0,0,0,1
102,75,100,90,0,47.83231789565063,118.0976608629038,0.0001,100,1,-4000,0.001152924289012258,12.64778566306336,13.5341111615341,80398.86568380836,87476.15046688139,6.460390708787862,298.1004099487743,236.025152668139,1.672984266278967,10,NaN,23,NaN,1.809623237046142,0.1882512454839776,NaN,NaN,1.571634444700116,0,NaN,0,0,0,0,1
102.2,75,100,90,0,64.14411324007078,123.9513147872543,0.0001,100,1,-0,0.001149073463298792,12.67528503416621,13.57055257206827,80444.33472364742,87532.00911300737,6.455603428498449,298.1128373432068,240.7706245661434,1.670732155776283,10,NaN,23,NaN,1.788210457282299,0.1884181031411434,NaN,NaN,1.569471883687363,0,NaN,0,0,0,0,1
102.4,75,100,90,0,82.47008715283962,131.9514096589888,0.0001,100,1,-0,0.001172044583384616,12.68615662639876,13.60669449399896,80493.46064609087,87591.61023912682,6.462879677725399,298.1205275736477,243.7090688703527,1.672999561305224,10,NaN,23,NaN,1.780641505446208,0.1884711975643409,NaN,NaN,1.571649131999658,0,NaN,0,0,0,0,1
102.6,75,100,90,0,97.7990306682897,138.7427340730967,0.0001,100,1,-0,0.00115744990878689,12.73328860007004,13.64204131702036,80545.64672387698,87654.24000307599,6.476038012001423,298.1179476712854,242.7226047212813,1.675530070185005,10,NaN,23,NaN,1.759588140065662,0.1886260690252709,NaN,NaN,1.57407917660849,0,NaN,0,0,0,0,1
102.8,75,100,90,0,107.8839505288214,142.3147750416045,0.0001,100,1,-0,0.00112497722769652,12.79987934526661,13.67613835029354,80599.84819783035,87718.77248444698,6.494587862458905,298.1039324832162,237.3599287701423,1.678031585545261,10,NaN,23,NaN,1.727168113728034,0.1888670936997262,NaN,NaN,1.57648153900926,0,NaN,0,0,0,0,1
103,75,100,90,0,110.550068705442,141.9219220986285,0.0001,100,1,-0,0.001123902494630585,12.79520650397964,13.71003957730507,80654.58257088471,87783.82404509024,6.5130681154482,298.094369633136,233.6981994948829,1.680505415043152,10,NaN,23,NaN,1.730943314516961,0.1888337249413065,NaN,NaN,1.578857469626978,0,NaN,0,0,0,0,1
103.2,75,100,90,0,105.8415668178211,142.6253208520802,0.0001,100,1,-0,0.001103216209722001,12.80895990601251,13.74384203188644,80708.374724061,87847.85458241664,6.528024314886113,298.0815089289862,228.7701518083153,1.682940265825215,10,NaN,23,NaN,1.720589552645376,0.1889075252273357,NaN,NaN,1.581196116235094,0,NaN,0,0,0,0,1
103.4,75,100,90,0,95.16192133878529,141.798960538628,0.0001,100,1,-0,0.001094511241933406,12.80372754901916,13.77788566650037,80760.03098354959,87909.70550141729,6.53939954566251,298.0698556069846,224.3016374766313,1.685334271704955,10,NaN,23,NaN,1.710200675921871,0.1889816507033731,NaN,NaN,1.583495678974678,0,NaN,0,0,0,0,1
103.6,75,100,90,0,79.93265215503592,140.931604566156,0.0001,100,1,-0,0.001075633154350561,12.77268527893606,13.81224796044591,80808.64081814208,87968.44436511392,6.545770066320661,298.0612353181539,220.9939339548451,1.687688482274403,10,NaN,23,NaN,1.721212966141365,0.1888936774327923,NaN,NaN,1.585757158669125,0,NaN,0,0,0,0,1
103.8,75,100,90,0,62.16013105749724,140.6645900965036,0.0001,100,1,-0,0.001051133536966696,12.74439996932914,13.84658674849108,80853.69442703412,88023.5512572298,6.542062338809472,298.0569288271239,219.3404422688328,1.690000812183753,10,NaN,23,NaN,1.72947503916389,0.1888266169433423,NaN,NaN,1.58797854477818,0,NaN,0,0,0,0,1
104,75,100,90,0,45.88774254605137,141.5398272881613,0.0001,100,1,-0,0.001053869575558927,12.69049843869352,13.88142625626753,80895.48970140121,88075.42457537826,6.525018780278315,298.0607399329744,220.8045705895267,1.692303286894213,10,NaN,23,NaN,1.74233312871741,0.1887247266135315,NaN,NaN,1.590190598623933,0,NaN,0,0,0,0,1
104.2,75,100,90,0,36.44426857867174,145.0217885064556,0.0001,100,1,-0,0.0009962932164578001,12.71042886674138,13.91556754495891,80935.39033244623,88125.19288846961,6.504466794180964,298.0680405751547,223.6108392333753,1.694529331305134,10,NaN,23,NaN,1.750562174248698,0.1886580635953586,NaN,NaN,1.592329352080868,0,NaN,0,0,0,0,1
104.4,75,100,90,0,35.19042203338559,149.7896742513292,0.0001,100,1,-0,0.001015333159351955,12.67302413600937,13.95025855691269,80975.03409274749,88174.80347414281,6.485182052341908,298.0732815212586,225.6264818454449,1.696744072272228,10,NaN,23,NaN,1.756570142276451,0.1886082579130925,NaN,NaN,1.594457370628996,0,NaN,0,0,0,0,1
104.6,75,100,90,0,41.63508869434309,154.0945674091134,0.0001,100,1,-0,0.000982389707637279,12.74443029042326,13.9839576870458,81015.96433983812,88225.57064151019,6.473309139579225,298.0618127025817,221.213207442343,1.69892172089422,10,NaN,23,NaN,1.719795240792735,0.1888828371713687,NaN,NaN,1.59654987111089,0,NaN,0,0,0,0,1
104.8,75,100,90,0,52.80866484262969,152.8465749170148,0.0001,100,1,-0,0.0009840801410056299,12.76762832655132,14.01717452063794,81059.13005388909,88278.58476105676,6.471302385635497,298.050206122339,216.7444004028769,1.701078166278972,10,NaN,23,NaN,1.703166086396678,0.1890046772630974,NaN,NaN,1.598622116501487,0,NaN,0,0,0,0,1
105,75,100,90,0,64.77629942052556,151.2462972201751,0.0001,100,1,-0,0.000979456840415437,12.79386181902839,14.05004265340861,81104.68961642453,88333.97688800878,6.477461255314203,298.039804647304,212.7372118390425,1.703222063002901,10,NaN,23,NaN,1.694976530045303,0.1890625836884287,NaN,NaN,1.600682420676961,0,NaN,0,0,0,0,1
105.2,75,100,90,0,74.28517458967809,149.6275672726355,0.0001,100,1,-0,0.001000610192550517,12.76837006079738,14.08302229577828,81152.15260470574,88391.35415276336,6.487286203243365,298.0206479069529,205.3524746026607,1.705382434055631,10,NaN,23,NaN,1.713089189859855,0.1889212311860794,NaN,NaN,1.602758675326286,0,NaN,0,0,0,0,1
105.4,75,100,90,0,79.87817584609616,144.5891771881723,0.0001,100,1,-0,0.00101164509130561,12.75720088262121,14.11612828911973,81200.73837825778,88449.90501045965,6.500449501608242,297.996750071893,196.1342249218103,1.707563666341842,10,NaN,23,NaN,1.719424247663958,0.1888690428297933,NaN,NaN,1.604855099640851,0,NaN,0,0,0,0,1
105.6,75,100,90,0,80.20663941753598,137.2623961558466,0.0001,100,1,-0,0.0009917728882893142,12.7854919927297,14.14884381537487,81249.39554742051,88508.46618427231,6.511312932706446,297.9695946299138,185.6526741607299,1.709725208570811,10,NaN,23,NaN,1.700092751248917,0.1890113285039346,NaN,NaN,1.606932719102037,0,NaN,0,0,0,0,1
105.8,75,100,90,0,76.20795683572322,127.9511301319669,0.0001,100,1,-0,0.00097803480632384,12.78819705020211,14.18137664339631,81297.25808124607,88566.18879304474,6.517646090633208,297.9490980822866,177.7362729089863,1.711856218363312,10,NaN,23,NaN,1.692011004161041,0.1890684337409126,NaN,NaN,1.608981108156339,0,NaN,0,0,0,0,1
106,75,100,90,0,69.68351080395463,38.38533903959009,137.4916174680177,100,1,-0,0.0009700571464564409,12.78475319670176,14.21381524866436,81343.74986488582,88622.50148399912,6.518390642843027,298.2773473804726,304.5948822008203,1.71396135019891,10,NaN,23,NaN,1.684632588943365,0.1891202516542956,NaN,NaN,1.611004736235195,0,NaN,0,0,0,0,1
106.2,75,100,90,0,62.86507764086129,149.8762491067287,13.74916174680177,100,1,-0,0.0009758544962135969,12.74957314382961,14.24628948872948,81388.8100958518,88677.39690365855,6.514727518401378,298.2685635227056,301.1981068168772,1.716062832088509,10,NaN,23,NaN,1.695708178280307,0.1890323454740406,NaN,NaN,1.61302496837799,0,NaN,0,0,0,0,1
106.4,75,100,90,0,57.50846789554995,154.7844752084176,1.374916174680177,100,1,-0,0.0009728533624031074,12.74330144717127,14.27843377984507,81432.80402305601,88731.20527957595,6.507571287278513,298.2323349939518,287.1800047235099,1.718160316956879,10,NaN,23,NaN,1.690712819536278,0.1890661367443328,NaN,NaN,1.615041470323019,0,NaN,0,0,0,0,1
106.6,75,100,90,0,55.01170342401466,152.4226438230746,0.1374916174680177,100,1,-0,0.0009489269663855722,12.75808082025081,14.31023559639443,81476.30869535451,88784.45012863463,6.498146401532086,298.1977451240763,273.788224758479,1.720227048676422,10,NaN,23,NaN,1.681253513648059,0.1891337765009332,NaN,NaN,1.617028516217304,0,NaN,0,0,0,0,1
106.8,75,100,90,0,56.28115649683537,149.4734149548906,0.01374916174680178,100,1,-0,0.0009326432285108815,12.78127429594969,14.34156473036877,81520.07873211586,88837.90487930647,6.490622848602461,298.154956944098,257.2128396011221,1.722256008863629,10,NaN,23,NaN,1.667172962639024,0.1892364483406306,NaN,NaN,1.618979352878627,0,NaN,0,0,0,0,1
107,75,100,90,0,60.54653467507146,142.3863590393096,0.001374916174680178,100,1,-0,0.0009073988370322493,12.82556663957797,14.37215746366435,81564.71455895697,88892.12748482238,6.487463046612879,298.1139964161583,241.336187953097,1.724235242943241,10,NaN,23,NaN,1.646553778442147,0.1893886502196578,NaN,NaN,1.620882479263336,0,NaN,0,0,0,0,1
107.2,75,100,90,0,66.06760481107094,134.3867736536016,0.0001374916174680178,100,1,-0,0.0009162821889415032,12.81389999040302,14.40280083509854,81610.46666505629,88947.5159745399,6.485457222652015,298.074346203784,225.9582399363687,1.726206710159514,10,NaN,23,NaN,1.649781279976847,0.1893604349561264,NaN,NaN,1.622778236776013,0,NaN,0,0,0,0,1
107.4,75,100,90,0,72.40118348648978,125.2895199499573,0.0001,100,1,-0,0.0009135509389218275,12.81968259966004,14.43312767039999,81657.49679594755,89004.18038174299,6.48789732522106,298.0361712646155,211.1434576383772,1.72818087168635,10,NaN,23,NaN,1.649901715686164,0.1893557199054659,NaN,NaN,1.624676684477292,0,NaN,0,0,0,0,1
107.6,75,100,90,0,77.74783122496451,115.204525171522,0.0001,100,1,-0,0.0009263477063896485,12.81264096357849,14.46384705844252,81705.60691882191,89061.98996299422,6.491402098908052,297.999929803472,197.0701508036162,1.730167076871468,10,NaN,23,NaN,1.64644955252955,0.1893780073078285,NaN,NaN,1.626586814267665,0,NaN,0,0,0,0,1
107.8,75,100,90,0,81.7033043322712,104.3439555438568,0.0001,100,1,-0,0.0009353697841330503,12.79766429302651,14.4948221827041,81754.5172190334,89120.63872256099,6.498681234964874,297.9680192862451,184.6708717763674,1.732165975498222,10,NaN,23,NaN,1.65416501578239,0.1893157889317887,NaN,NaN,1.62850925293065,0,NaN,0,0,0,0,1
108,75,100,90,0,82.73815005585372,93.60400568937385,0.0001,100,1,-0,0.0009095927323038886,12.81420712934392,14.52535525059676,81803.64344634315,89179.41542338337,6.506675774428254,297.9329486922102,171.0349557398637,1.734134519700791,10,1553.915830569232,23,1729.598545401711,1.65609089150054,0.1892974264837845,14.40280083509854,22.85831251834977,1.630402597892666,0,44.54306222891049,0,0,0,0,1
108.2,75,100,90,0,80.58491143049426,28.08120170681216,109.557816151115,100,1,-0,0.0009088301984512433,12.8002158526986,14.55585322464403,81852.29143130677,89237.72751283451,6.513560414894093,298.1818698077007,267.8801682486737,1.736089464955833,10,NaN,23,NaN,1.656323569408651,0.1892919002165948,NaN,NaN,1.632282961250545,0,NaN,0,0,0,0,1
108.4,75,100,90,0,75.6837463784118,111.7075919641698,10.9557816151115,100,1,-0,0.0008979818212773984,12.79768998391503,14.58615589417136,81899.9097509166,89294.95914545684,6.516165270581528,298.1587111688735,258.8643585092948,1.738023255322407,10,NaN,23,NaN,1.656366607017169,0.1892878494448356,NaN,NaN,1.634143072735464,0,NaN,0,0,0,0,1
108.6,75,100,90,0,69.75112506863657,108.6710709914117,1.09557816151115,100,1,-0,0.0009283125285386565,12.72875406601891,14.61749879783758,81946.35027016811,89351.14931489572,6.513995628018668,298.1169090435952,242.5806283526699,1.739984768985965,10,NaN,23,NaN,1.676984158053177,0.1891280660822373,NaN,NaN,1.636029948734507,0,NaN,0,0,0,0,1
108.8,75,100,90,0,64.68832582697546,100.3746963943365,0.109557816151115,100,1,-0,0.0009403787420141754,12.67425195574936,14.64942812935656,81991.78937249849,89406.40783453648,6.506009672835282,298.0823608130108,229.1144914947515,1.741983563760541,10,NaN,23,NaN,1.702075550563868,0.1889342833750505,NaN,NaN,1.63795278827337,0,NaN,0,0,0,0,1
109,75,100,90,0,62.82370776966289,93.15316191712805,0.0109557816151115,100,1,-0,0.0009803541971444157,12.59278901146453,14.68237386024806,82036.86364810589,89461.47431182714,6.495901448706017,298.056085969916,218.8670439109591,1.744044647467231,10,NaN,23,NaN,1.736542781321678,0.1886692692184721,NaN,NaN,1.639935656522152,0,NaN,0,0,0,0,1
109.2,75,100,90,0,64.99072820581318,87.43598326672023,0.00109557816151115,100,1,-0,0.0009768844698327854,12.5928146806003,14.71540222797019,82082.37659910838,89516.98547558874,6.489289473712405,298.0355507188939,210.8533035745005,1.746127882101771,10,NaN,23,NaN,1.736702620900242,0.1886640580480163,NaN,NaN,1.641939945290539,0,NaN,0,0,0,0,1
109.4,75,100,90,0,69.7842796816167,82.65160685914844,0.000109557816151115,100,1,-0,0.0009707718894517738,12.59759037634001,14.7478056478201,82128.85192826812,89573.43697411347,6.484986637012107,298.0169891381432,203.6053936994002,1.748200707870692,10,NaN,23,NaN,1.742415448086695,0.188616794651811,NaN,NaN,1.643934329605352,0,NaN,0,0,0,0,1
109.6,75,100,90,0,76.30257986117122,77.73502784133905,0.0001,100,1,-0,0.0009773681194351934,12.58514925802682,14.77969183903261,82176.63335910562,89631.21026754679,6.484986096942638,298.002050322176,197.7685002665905,1.75027514403489,10,NaN,23,NaN,1.758594513866768,0.1884902086217146,NaN,NaN,1.645930373194525,0,NaN,0,0,0,0,1
109.8,75,100,90,0,82.8143737781029,73.35744086867942,0.0001,100,1,-0,0.0009729983451368585,12.60114060140939,14.81085532775091,82225.71923480566,89690.2686153401,6.491277574879821,297.9846730064335,190.9745589310211,1.752346727153864,10,NaN,23,NaN,1.75539876521542,0.1885104539492672,NaN,NaN,1.647923781200295,0,NaN,0,0,0,0,1
110,75,100,90,0,86.80270605031814,67.55119513886464,0.0001,100,1,-0,0.0009789362496109716,12.58825777318711,14.84189251075455,82275.60476206355,89750.14353757272,6.498624576275698,297.9698404552316,185.1717951909783,1.754418001720243,10,NaN,23,NaN,1.766384148249295,0.1884232203815002,NaN,NaN,1.649917001851853,0,NaN,0,0,0,0,1
110.2,75,100,90,0,87.86891010485954,61.98953258353819,0.0001,100,1,-0,0.0009653588231687691,12.61877179385668,14.8725556506971,82325.7050962396,89810.18784226722,6.507784484067376,297.9542775621518,179.0793670923172,1.756471860069379,10,NaN,23,NaN,1.743131491900975,0.1885954913037163,NaN,NaN,1.651893570776148,0,NaN,0,0,0,0,1
110.4,75,100,90,0,85.26858238481942,55.60059567619186,0.0001,100,1,-0,0.0009573975189760009,12.61361928133278,14.90316727323825,82375.28656088728,89869.67401076115,6.516682425007501,297.9414281273578,174.0459230952603,1.758498221512819,10,NaN,23,NaN,1.745280525259427,0.1885753194682991,NaN,NaN,1.653843783115185,0,NaN,0,0,0,0,1
110.6,75,100,90,0,79.11573884046894,16.68017870285756,67.27907737285472,100,1,-0,0.0009491090852279574,12.6006005697104,14.93404100247183,82423.60370557685,89927.87440926436,6.522242203041404,298.0992770568214,235.9183147402636,1.760501394113021,10,NaN,23,NaN,1.74592832540944,0.1885665663550945,NaN,NaN,1.65577178110855,0,NaN,0,0,0,0,1
110.8,75,100,90,0,70.74909496296435,69.03798490466191,6.727907737285472,100,1,-0,0.000905796698807072,12.61623999200469,14.96405501969777,82470.21337622934,89984.20716230215,6.525529872346262,298.0893517428402,232.0254531011233,1.762443931375611,10,NaN,23,NaN,1.747195681343626,0.188553235726587,NaN,NaN,1.657641517160143,0,NaN,0,0,0,0,1
111,75,100,90,0,61.06415375884828,68.15277424096384,0.6727907737285472,100,1,-0,0.0009110543924057245,12.56327519313191,14.99429234590966,82514.88744343347,90038.63307503317,6.522822876705254,298.0719496047372,225.1960241470103,1.764371227268758,10,NaN,23,NaN,1.766912240196814,0.1884001287929639,NaN,NaN,1.659496678307111,0,NaN,0,0,0,0,1
111.2,75,100,90,0,52.47440256422479,65.57416680680593,0.06727907737285473,100,1,-0,0.0009255756986724883,12.51312787742008,15.02555756058356,82557.84575551802,90091.43146306789,6.51539008272536,298.0586484599045,219.973050342094,1.766320507456129,10,NaN,23,NaN,1.777118150189942,0.1883190316812865,NaN,NaN,1.661373097440982,0,NaN,0,0,0,0,1
111.4,75,100,90,0,46.85408665228366,63.81389805293342,0.006727907737285473,100,1,-0,0.0009274497927213084,12.47001843583572,15.0566087006003,82599.68100549653,90143.10616586087,6.503280625445035,298.047857774808,215.7335059816945,1.76828063165699,10,NaN,23,NaN,1.805290246787385,0.1881016613054675,NaN,NaN,1.663260053142108,0,NaN,0,0,0,0,1
111.6,75,100,90,0,46.07777055341326,62.39018752731074,0.0006727907737285473,100,1,-0,0.000896422832377176,12.50371141152253,15.08713851847033,82641.36166923154,90194.51944649912,6.492999102671494,298.0364442284441,211.2467902178711,1.770201530293993,10,NaN,23,NaN,1.792691409133763,0.1881935250578693,NaN,NaN,1.665109342748833,0,NaN,0,0,0,0,1
111.8,75,100,90,0,49.39310261621595,60.32811072529445,0.0001,100,1,-0,0.000883932528475729,12.52538353144963,15.11735881196209,82683.70678730546,90246.56156202561,6.485221775436141,298.0221075717922,205.6078991020483,1.772086763051943,10,NaN,23,NaN,1.777885830468717,0.1883021583446255,NaN,NaN,1.666924387734763,0,NaN,0,0,0,0,1
112,75,100,90,0,55.81700120221609,56.83422434477497,0.0001,100,1,-0,0.0008926984904486173,12.51971041506529,15.14760414089291,82727.3391917688,90299.94750968671,6.482651819693591,298.0049337886727,198.8492845151018,1.773975848006711,10,NaN,23,NaN,1.776518041607169,0.1883089047611875,NaN,NaN,1.668743232597997,0,NaN,0,0,0,0,1
112.2,75,100,90,0,63.25981533246215,51.84582803563889,0.0001,100,1,-0,0.0008678856024010321,12.57901165075884,15.17669156466022,82772.46392469663,90354.71395321468,6.484914631853407,297.9833465168927,190.3489429589927,1.775835627886635,10,NaN,23,NaN,1.751281395646571,0.1884965798247396,NaN,NaN,1.670533951097112,0,NaN,0,0,0,0,1
112.4,75,100,90,0,69.79831670883908,44.71203972016416,0.0001,100,1,-0,0.0008958341327936273,12.54980536245041,15.20586210594284,82818.89994105774,90410.89613987227,6.493720296872337,297.9667372647908,183.8049164022498,1.777714296105139,10,NaN,23,NaN,1.758195180695205,0.188440592861493,NaN,NaN,1.672342946280612,0,NaN,0,0,0,0,1
112.6,75,100,90,0,72.80855637755356,38.51924666682014,0.0001,100,1,-0,0.0008739082289748646,12.58397952949436,15.23433234686218,82865.94072146692,90467.58330778843,6.505347865959924,297.9489153533822,176.7788697705819,1.7795730820685,10,NaN,23,NaN,1.750307045562928,0.1884967888689227,NaN,NaN,1.674132885351692,0,NaN,0,0,0,0,1
112.8,75,100,90,0,71.17944969503735,11.55577400004604,49.93043638744727,100,1,-0,0.0008845363107939999,12.56014098947713,15.2626711263438,82912.63213876332,90523.95310983239,6.515199051751031,298.0610340490298,221.0067749970302,1.781425114894111,10,NaN,23,NaN,1.756744034172107,0.1884444682609023,NaN,NaN,1.675916409246881,0,NaN,0,0,0,0,1
113,75,100,90,0,65.6247253263104,48.45471408584943,4.993043638744727,100,1,-0,0.000917034165897023,12.50348891444642,15.29175981107946,82958.18687173634,90579.29945210152,6.520445756165405,298.0558255716437,218.9509466418507,1.783313049187772,10,NaN,23,NaN,1.770805039047747,0.188334301691127,NaN,NaN,1.677734596818809,0,NaN,0,0,0,0,1
113.2,75,100,90,0,57.98073746420062,48.10567600889358,0.4993043638744727,100,1,-0,0.0009056215359285317,12.47974335051052,15.32095524453162,83002.21304324907,90633.08490110193,6.519354487077399,298.0397340726903,212.5958251232736,1.785201205597524,10,NaN,23,NaN,1.784699760497494,0.1882253706441294,NaN,NaN,1.679553089437436,0,NaN,0,0,0,0,1
113.4,75,100,90,0,50.77931144997579,44.68663138701801,0.04993043638744728,100,1,-0,0.0008951310893600522,12.46453220465644,15.35027418175673,83044.80156244754,90685.40059028682,6.513453006782035,298.0234580328357,206.1642186926424,1.787069113453541,10,NaN,23,NaN,1.78755927836276,0.1882001150390993,NaN,NaN,1.681352170262847,0,NaN,0,0,0,0,1
113.6,75,100,90,0,45.9339735314491,40.68211160520649,0.004993043638744728,100,1,-0,0.0009073474538886869,12.42778954801461,15.3800302911675,83086.42287708253,90736.80268388784,6.504157104204092,298.0117291494728,201.5269260871077,1.788942561821482,10,NaN,23,NaN,1.796579464504042,0.1881281434538159,NaN,NaN,1.683156677055861,0,NaN,0,0,0,0,1
113.8,75,100,90,0,44.80273767332288,37.63739337526077,0.0004993043638744729,100,1,-0,0.0008646941036050337,12.46714275673723,15.40901761880588,83127.81942179769,90787.82386640331,6.49751204271531,297.9975541659262,195.9194856343133,1.790764777046292,10,NaN,23,NaN,1.789875416863355,0.1881754761543344,NaN,NaN,1.684911922148006,0,NaN,0,0,0,0,1
114,75,100,90,0,46.3099695006327,33.27483378214113,0.0001,100,1,-0,0.0008735003810609511,12.43619608380745,15.43792580405879,83169.51853562653,90839.1881678629,6.493252169207857,297.9876823494384,192.012224715896,1.792571635425513,10,NaN,23,NaN,1.807437420539922,0.1880388655570113,NaN,NaN,1.686652458630874,0,NaN,0,0,0,0,1
114.2,75,100,90,0,49.5218100058304,29.88365069267645,0.0001,100,1,-0,0.0008615058075709073,12.45444068907156,15.46672085518832,83211.86031584813,90891.16853588539,6.491371507158414,297.9772958199659,187.8989939280639,1.794366441267255,10,NaN,23,NaN,1.799407694606219,0.1880963118260588,NaN,NaN,1.688381467630754,0,NaN,0,0,0,0,1
114.4,75,100,90,0,53.48574411876314,25.91242475226268,0.0001,100,1,-0,0.0008421466929262918,12.48795523269568,15.49501565955081,83254.9953874269,90943.86299730046,6.493298736449765,297.966111126735,183.4672440408962,1.796121059458523,10,NaN,23,NaN,1.787575293903139,0.1881826478919728,NaN,NaN,1.690071841883817,0,NaN,0,0,0,0,1
114.6,75,100,90,0,56.67391010822313,21.28019780736112,0.0001,100,1,-0,0.0008633341182786234,12.46613522451197,15.52371710159748,83298.76834325776,90997.28212997782,6.498038466773029,297.9567085991896,179.7395650381143,1.797881514043334,10,NaN,23,NaN,1.788152930182828,0.1881748961477777,NaN,NaN,1.691767917973504,0,NaN,0,0,0,0,1
114.8,75,100,90,0,57.96914421728342,16.84937825599975,0.0001,100,1,-0,0.0008831982639388117,12.42487275881822,15.55277088606449,83342.79921036981,91051.04322184066,6.502792306369909,297.9521111818153,177.9158703861682,1.799675939019012,10,NaN,23,NaN,1.807125905828467,0.1880276248732589,NaN,NaN,1.693496803766604,0,NaN,0,0,0,0,1
115,75,100,90,0,57.37179621247636,13.71036068805695,0.0001,100,1,-0,0.0008727048399381909,12.41200971916237,15.58169585536577,83386.7084784685,91104.66261592589,6.507916133470625,297.9475113656454,176.0901864612647,1.801472169490999,10,NaN,23,NaN,1.821589264102794,0.1879145068533202,NaN,NaN,1.695227511606196,0,NaN,0,0,0,0,1
115.2,75,100,90,0,54.72374895804584,4.113108206417086,24.43867806637145,100,1,-0,0.0008505791843205762,12.42496744133461,15.61046450661862,83430.07382681289,91157.65984989115,6.511236707572383,298.0024664829482,197.9141996223258,1.80323075588911,10,NaN,23,NaN,1.819161084071149,0.1879295567811474,NaN,NaN,1.696922028511199,0,NaN,0,0,0,0,1
115.4,75,100,90,0,50.75457069276111,21.13879850886724,2.443867806637146,100,1,-0,0.0008404503728238796,12.42126699563061,15.63915450050355,83472.63172707087,91209.79829336278,6.511496397028058,297.9954639661124,195.1317840501922,1.804949865364075,10,NaN,23,NaN,1.822461187466149,0.1879012391565118,NaN,NaN,1.698578583209981,0,NaN,0,0,0,0,1
115.6,75,100,90,0,46.68578593724903,18.40325993129347,0.2443867806637146,100,1,-0,0.0008395924257101655,12.40664823164944,15.66818311707296,83514.37554733285,91261.13826736872,6.508842573058232,297.9853186399274,191.0984165919211,1.806653596679639,10,NaN,23,NaN,1.821215858406389,0.1879074234253081,NaN,NaN,1.700220393932063,0,NaN,0,0,0,0,1
115.8,75,100,90,0,43.67829226283524,14.78554000296674,0.02443867806637146,100,1,-0,0.0008192036160289532,12.41353476037655,15.69707079413688,83555.51809693503,91311.80755784959,6.503193638588595,297.9758808723392,187.3443414595949,1.808324980667868,10,NaN,23,NaN,1.82135411268531,0.1879031765089141,NaN,NaN,1.701831105133199,0,NaN,0,0,0,0,1
116,75,100,90,0,42.93087309575426,11.05504912871416,0.002443867806637146,100,1,-0,0.0008285502790499407,12.37936750101863,15.72639763457327,83596.51066366154,91362.37812975433,6.49666592644134,297.9695282313723,184.8161113020991,1.809989130198356,10,NaN,23,NaN,1.838361344075166,0.1877709954848059,NaN,NaN,1.703434915515249,0,NaN,0,0,0,0,1
116.2,75,100,90,0,44.7878368247585,8.029703964748681,0.0002443867806637146,100,1,-0,0.0008409896895674254,12.35785241218646,15.75563813331213,83637.87291135082,91413.36720953124,6.492231344760614,297.9659002714582,183.3714821566456,1.811671519760282,10,NaN,23,NaN,1.848291924117185,0.1876924386572817,NaN,NaN,1.705056376618247,0,NaN,0,0,0,0,1
116.4,75,100,90,0,48.40895566955441,5.68301127810776,0.0001,100,1,-0,0.000856006793944931,12.33594687063091,15.7848172867414,83679.956687659,91465.13281039971,6.491397713396907,297.9641945680811,182.6919174223014,1.81337834579901,10,NaN,23,NaN,1.860103184563809,0.1875995513412429,NaN,NaN,1.706701463244928,0,NaN,0,0,0,0,1
116.6,75,100,90,0,52.35841396028626,3.843013492038015,0.0001,100,1,-0,0.0008631526110749702,12.33467946620759,15.81408145676217,83722.82686747643,91517.73335756731,6.495736149755054,297.9639811741456,182.6068488167252,1.81510685748282,10,NaN,23,NaN,1.852327902453739,0.1876552493628317,NaN,NaN,1.708367527092271,0,NaN,0,0,0,0,1
116.8,75,100,90,0,54.56705636664622,2.439481662661425,0.0001,100,1,-0,0.0009092223051363286,12.2490505040316,15.84439017040203,83766.13386971953,91570.98399243114,6.501107197622087,297.9692204131922,184.6964770869244,1.816904235239313,10,NaN,23,NaN,1.886726794591774,0.1873907259671308,NaN,NaN,1.710100050118018,0,NaN,0,0,0,0,1
117,75,100,90,0,54.64044327715366,2.897913618715567,0.0001,100,1,-0,0.0008980704056410143,12.26229576686881,15.87454814915954,83809.44976344942,91624.20070801787,6.506440372424295,297.9729547028953,186.1866891174437,1.818717268571259,10,NaN,23,NaN,1.880398058990887,0.1874353128477486,NaN,NaN,1.711847747598736,0,NaN,0,0,0,0,1
117.2,75,100,90,0,52.58398884725877,2.992714768129819,0.0001,100,1,-0,0.000911562396332646,12.23160940192801,15.90503434628651,83852.34860430007,91677.06013349837,6.509579281300909,297.9782489510063,188.3005965602352,1.82053953240559,10,NaN,23,NaN,1.886080632487133,0.187388693477239,NaN,NaN,1.713604427736498,0,NaN,0,0,0,0,1
117.4,75,100,90,0,49.27904686514685,3.77702455224372,0.0001,100,1,-0,0.0009154932407865341,12.20362504716123,15.93616264608259,83894.58024816716,91729.30152663081,6.510037697320306,297.9843511555791,190.7384413616119,1.822373003542444,10,NaN,23,NaN,1.893367315644759,0.1873298697337617,NaN,NaN,1.715371997622616,0,NaN,0,0,0,0,1
117.6,75,100,90,0,45.79250884088599,5.026913931768096,0.0001,100,1,-0,0.0008952878048472547,12.21567623813762,15.9668930595551,83936.10872559185,91780.76670914296,6.509429883638554,297.9880901949092,192.2330004873281,1.82418087551441,10,NaN,23,NaN,1.888564030557853,0.1873628894376753,NaN,NaN,1.717114972739927,0,NaN,0,0,0,0,1
117.8,75,100,90,0,42.54401594560251,5.684284300564062,0.0001,100,1,-0,0.0008928509459104868,12.21067189464299,15.99749258340165,83976.9822543,91831.57035144181,6.505987062576081,297.9916003418259,193.6368165123894,1.825970308124828,10,NaN,23,NaN,1.882279673343064,0.1874071828706726,NaN,NaN,1.718840252821673,0,NaN,0,0,0,0,1
118,75,100,90,0,40.67853836447362,6.42062450092914,0.0001,100,1,-0,0.0008802117710358295,12.21911766563264,16.02790067918876,84017.47790295111,91881.95241266249,6.502556610060625,297.9935254514044,194.407123761384,1.827739409499409,10,NaN,23,NaN,1.873930160457284,0.1874671821193521,NaN,NaN,1.720546011160594,0,NaN,0,0,0,0,1
118.2,75,100,90,0,40.17612919707425,6.743474022109186,0.0001,100,1,-0,0.0008780154736985772,12.21713289827123,16.05861494166018,84057.86858078312,91932.25119931198,6.497824237479272,297.9953472149886,195.1364629158964,1.829496068924582,10,NaN,23,NaN,1.865201252778093,0.187530071754399,NaN,NaN,1.722239852340727,0,NaN,0,0,0,0,1
118.4,75,100,90,0,41.57097893938272,7.114748564479417,0.0001,100,1,-0,0.0008744521659969362,12.22993648378773,16.08904025055434,84098.53400951071,91982.81291044508,6.495431207478441,297.9963631525476,195.5433978534442,1.831244319656715,10,NaN,23,NaN,1.851502273483244,0.1876306702553389,NaN,NaN,1.723925663986231,0,NaN,0,0,0,0,1
118.6,75,100,90,0,43.91120149414888,7.277104357554467,0.0001,100,1,-0,0.0008493905340945134,12.26831213694166,16.11850218626843,84139.66402887786,92033.73191232429,6.495541767512208,297.9940068163885,194.5990454754291,1.832954568475778,10,NaN,23,NaN,1.83782833212787,0.1877311206332893,NaN,NaN,1.725574906709947,0,NaN,0,0,0,0,1
118.8,75,100,90,0,46.20647415635234,6.320167071490264,0.0001,100,1,-0,0.0008315948030704782,12.30431273587553,16.14727093239021,84181.25073006193,92085.02843008228,6.498948477012664,297.9896598059194,192.8559778974666,1.834622234665426,10,NaN,23,NaN,1.817218354299354,0.187884207820383,NaN,NaN,1.727183157908478,0,NaN,0,0,0,0,1
119,75,100,90,0,47.13626313623313,4.613376595421304,0.0001,100,1,-0,0.0008544685191301918,12.27957544263712,16.17645212627732,84223.02076157661,92136.61155333291,6.502454317670164,297.9882856093221,192.3046557922704,1.836306391384979,10,NaN,23,NaN,1.810043197433536,0.1879353750987428,NaN,NaN,1.728807384417756,0,NaN,0,0,0,0,1
119.2,75,100,90,0,46.67393838121234,3.784124069835347,0.0001,100,1,-0,0.0008590048617614292,12.25831080259204,16.20565897008758,84264.69490798804,92188.12975814627,6.504926992885468,297.9879408386333,192.166257491071,1.838010325120844,10,NaN,23,NaN,1.818997703397768,0.1878642340372101,NaN,NaN,1.730450758128784,0,NaN,0,0,0,0,1
119.4,75,100,90,0,45.22624954242283,3.236195006257876,0.0001,100,1,-0,0.0008686295907932834,12.22186760897882,16.23513610484492,84306.07556147422,92239.40757176676,6.50465830337303,297.9891571335793,192.654739436572,1.839728893506962,10,NaN,23,NaN,1.837295452527531,0.1877222068138659,NaN,NaN,1.73210832169766,0,NaN,0,0,0,0,1
119.6,75,100,90,0,43.89172205550067,3.206183991563083,0.0001,100,1,-0,0.000853794210815703,12.23872620911347,16.26409236425518,84347.18546281752,92290.34781960594,6.503129293200614,297.988380185147,192.3425305286351,1.841429496252528,10,NaN,23,NaN,1.831337276231638,0.1877641355250588,NaN,NaN,1.733748631847503,0,NaN,0,0,0,0,1
119.8,75,100,90,0,43.16416012218099,2.522407079528566,0.0001,100,1,-0,0.0008432073988820927,12.24350945592623,16.293055037786,84388.14646626714,92341.12271832053,6.501017074956197,297.9874052143458,191.9505448447521,1.843104756549059,10,NaN,23,NaN,1.825153752909581,0.1878078145025247,NaN,NaN,1.73536457048314,0,NaN,0,0,0,0,1
120,75,100,90,0,43.2793653829922,1.756126209380458,0.0001,100,1,-0,0.0008310394649321385,12.2588901556285,16.3218189275731,84429.12735116517,92391.88400998781,6.498556776347989,297.985682392459,191.2575311901415,1.84475630095987,10,1678.733489567815,23,1775.425954105593,1.813042263369633,0.1878964663557671,16.20565897008758,23.72185326447835,1.736957703415487,0,53.25472298992626,0,0,0,0,1
120.2,75,100,90,0,44.3779655248493,0.6967604773911411,0.0001,100,1,-0,0.0008633559008976946,12.20236879817709,16.35110386492321,84470.32426736568,92442.98521935879,6.4959909324991,297.9872595114529,191.8922576629018,1.8464318418609,10,NaN,23,NaN,1.837912625241564,0.1877047079743192,NaN,NaN,1.738574055561698,0,NaN,0,0,0,0,1
120.4,75,100,90,0,46.50213553748736,0.7168774116710246,0.0001,100,1,-0,0.0008513431088278408,12.24222411013624,16.37995508922571,84511.94193481724,92494.46894846615,6.495891246216112,297.987170037228,191.8562213376373,1.848110180489734,10,NaN,23,NaN,1.807542374444682,0.1879317298759248,NaN,NaN,1.740193178732122,0,NaN,0,0,0,0,1
120.6,75,100,90,0,48.65775332173439,0.1964120911028182,0.0001,100,1,-0,0.0008360177873406016,12.2625508548135,16.40827431157755,84553.98737631374,92546.32244082887,6.498540117387178,297.9850616066075,191.0067548577535,1.849759209159556,10,NaN,23,NaN,1.79998384000099,0.1879858506690232,NaN,NaN,1.741784096374334,0,NaN,0,0,0,0,1
120.8,75,100,90,0,49.75269907331636,0.0001,0.0001,100,1,-0,0.0008215462204829529,12.27961780160539,16.43639085652116,84596.24923410965,92598.34075978005,6.503422090678979,297.9810837753181,189.4032765355931,1.851372456260976,10,NaN,23,NaN,1.793322684184897,0.1880332310583753,NaN,NaN,1.743340560818838,0,NaN,0,0,0,0,1
121,75,100,90,0,48.89632631707524,0.0001,0.0001,100,1,-0,0.0008028635671041073,12.30398772977171,16.4641072629103,84638.33803820403,92650.11638709401,6.50994178244654,297.9751313255684,187.0025467843935,1.852945575898975,10,NaN,23,NaN,1.779747520993225,0.1881330519988899,NaN,NaN,1.744858374436501,0,NaN,0,0,0,0,1
121.2,75,100,90,0,45.43385106399541,0.0001,0.0001,100,1,-0,0.0007807580292306673,12.32311951539383,16.4914160452951,84679.73339910095,92701.11076140284,6.514646454317263,297.9673273902548,183.8534155494517,1.85447077434066,10,NaN,23,NaN,1.7700592019346,0.1882035020455437,NaN,NaN,1.746330012184981,0,NaN,0,0,0,0,1
121.4,75,100,90,0,40.10070102701049,0.0001,0.0001,100,1,-0,0.0007612333993601718,12.32880148790068,16.5187096995937,84720.06185886565,92750.96952851345,6.51458167626706,297.9585340036055,180.3031817635344,1.855947650111323,10,NaN,23,NaN,1.766118957737822,0.18823050675117,NaN,NaN,1.747755081047931,0,NaN,0,0,0,0,1
121.6,75,100,90,0,34.80329794217752,0.0001,0.0001,100,1,-0,0.0007280402588169261,12.33768671578448,16.54552704943173,84759.33133391979,92799.63871133322,6.50858777567657,297.9474762885015,175.8365195429827,1.857363965555811,10,NaN,23,NaN,1.773121824165932,0.1881747617270277,NaN,NaN,1.749121766488099,0,NaN,0,0,0,0,1
121.8,75,100,90,0,31.90764037572587,0.0001,11.62381016859538,100,1,-0,0.0007413873921232834,12.30281766997445,16.57298124314248,84798.01683987996,92847.80013344926,6.498688676897618,297.9648278457925,182.8489548265819,1.858774424328243,10,NaN,23,NaN,1.77867164042608,0.1881300273767363,NaN,NaN,1.750482851593226,0,NaN,0,0,0,0,1
122,75,100,90,0,32.96545817878389,4.09968094748859,1.162381016859538,100,1,-0,0.0007352918890928863,12.30249537554034,16.60048121736656,84836.90882259457,92896.15717543502,6.491950756156397,297.955041118659,178.891807192027,1.860183000428014,10,NaN,23,NaN,1.780405923401676,0.1881141923969008,NaN,NaN,1.751842170833869,0,NaN,0,0,0,0,1
122.2,75,100,90,0,36.69557898016359,0.0001,0.1162381016859538,100,1,-0,0.0007234513098259144,12.33048783025338,16.62742158498977,84876.54769749925,92945.22638863511,6.48986021805605,297.9434599768891,174.20678992849,1.861572979853497,10,NaN,23,NaN,1.765647869881779,0.1882232847990074,NaN,NaN,1.75318359358229,0,NaN,0,0,0,0,1
122.4,75,100,90,0,41.25678737634088,0.0001,12.33576536974706,100,1,-0,0.0007257627681678568,12.33307979641295,16.65412627251369,84917.09444959382,92995.21528206649,6.493243105729873,297.9583944270476,180.251381283675,1.862954421253479,10,NaN,23,NaN,1.765476481379371,0.1882219329338295,NaN,NaN,1.754516825653215,0,NaN,0,0,0,0,1
122.6,75,100,90,0,44.46175949090063,3.119093001291131,1.233576536974706,100,1,-0,0.0006982651163172729,12.37814766855752,16.68022241565985,84958.27882782782,93045.7373544693,6.498699913178898,297.94197756655,173.6033793621281,1.864294635112478,10,NaN,23,NaN,1.750660681272662,0.1883315213270433,NaN,NaN,1.755810315703901,0,NaN,0,0,0,0,1
122.8,75,100,90,0,45.49472113146483,0.9357279003873391,23.3822503802173,100,1,-0,0.0007027480406499283,12.36324216018567,16.70615704809032,84999.66211472313,93096.48291076021,6.505423341131394,297.9772811235707,187.9068774286357,1.865621728740712,10,NaN,23,NaN,1.755412552021328,0.1882930057495178,NaN,NaN,1.757091188321899,0,NaN,0,0,0,0,1
123,75,100,90,0,43.84079361906002,11.06274027188831,2.33822503802173,100,1,-0,0.00070649817244915,12.3361381862344,16.73203180733104,85040.7077489339,93146.90085794295,6.510447578747915,297.9570795948618,179.7178544820098,1.86695476246843,10,NaN,23,NaN,1.771985540647812,0.188164976778288,NaN,NaN,1.758377839624055,0,NaN,0,0,0,0,1
123.2,75,100,90,0,40.18679758995963,2.976478323573692,0.233822503802173,100,1,-0,0.0007085915813012034,12.31924174319338,16.75803132977451,85081.02668696156,93196.60031550481,6.510948860132997,297.9397750902358,172.6996183248829,1.868287772267961,10,NaN,23,NaN,1.777183354155883,0.18812306140583,NaN,NaN,1.75966451340415,0,NaN,0,0,0,0,1
123.4,75,100,90,0,36.34168689419072,0.8929434970721077,15.16242948699641,100,1,-0,0.0006918661718337523,12.34060131247633,16.78349558490041,85120.57308136676,93245.44784030304,6.508231742711723,297.9565303014017,179.4984577127544,1.869593953024455,10,NaN,23,NaN,1.763301805556645,0.1882256625151796,NaN,NaN,1.760925334939578,0,NaN,0,0,0,0,1
123.6,75,100,90,0,33.5795060550757,4.544841017845241,1.516242948699641,100,1,-0,0.0007239350495199232,12.2658428900472,16.80996295213206,85159.56262016288,93293.89237395047,6.501838966564735,297.9439783285014,174.4026729708414,1.870928509250097,10,NaN,23,NaN,1.789157368160786,0.1880273157546315,NaN,NaN,1.762213591758441,0,NaN,0,0,0,0,1
123.8,75,100,90,0,33.37619295919568,1.363452305353572,23.70356997914351,100,1,-0,0.0006795523670970649,12.33010514475812,16.83530262128533,85198.50337100313,93342.09646684372,6.495890829810742,297.9784233491959,188.3932926423294,1.872220684936482,10,NaN,23,NaN,1.771386812531262,0.1881594129631398,NaN,NaN,1.763460981867649,0,NaN,0,0,0,0,1
124,75,100,90,0,35.5389140397816,11.2403115605021,2.370356997914351,100,1,-0,0.0006821508253443605,12.32036243516835,16.86041780205825,85237.87058735,93390.74164990762,6.492521038415331,297.9562803544953,179.3949982632533,1.873483206803818,10,NaN,23,NaN,1.777234450026168,0.1881127146038322,NaN,NaN,1.764679787300261,0,NaN,0,0,0,0,1
124.2,75,100,90,0,39.04251755181323,2.533516328440182,0.2370356997914351,100,1,-0,0.0006819361494020924,12.32138614714547,16.88532213050989,85277.94393252619,93440.09267431917,6.493499536144306,297.9354436774785,170.9233124603143,1.874740350905291,10,NaN,23,NaN,1.781406114021544,0.1880787147402735,NaN,NaN,1.765893441809308,0,NaN,0,0,0,0,1
124.4,75,100,90,0,42.14871028907458,0.7600548985320547,16.16003526264282,100,1,-0,0.0006770780050087601,12.32454333086922,16.91033450962847,85318.63591829079,93490.05080940928,6.497639575812285,297.9506514585286,177.1094840001438,1.87598302738343,10,NaN,23,NaN,1.785558182694917,0.1880448892965612,NaN,NaN,1.767093169035687,0,NaN,0,0,0,0,1
124.6,75,100,90,0,43.60243182678219,3.742152343883341,1.616003526264282,100,1,-0,0.000649196881374526,12.37523667963873,16.93449926220151,85359.61671482764,93540.1768960531,6.503443175841007,297.9270895401083,167.5201843948742,1.877181324615104,10,NaN,23,NaN,1.762975784734315,0.1882135770078179,NaN,NaN,1.768250088368819,0,NaN,0,0,0,0,1
124.8,75,100,90,0,42.73937380922256,1.122645703165002,29.19476511080706,100,1,-0,0.0006632993126345246,12.32744003548293,16.95937226221701,85400.4172784519,93590.20888674671,6.508337053058409,297.9693660326341,184.734691600141,1.878375162848909,10,NaN,23,NaN,1.784804114182854,0.188046015607932,NaN,NaN,1.769402739312449,0,NaN,0,0,0,0,1
125,75,100,90,0,39.92707218867768,13.15060776675625,2.919476511080706,100,1,-0,0.000685333201847811,12.28501803781085,16.98478555678925,85440.64795072813,93639.77041243909,6.509724246067142,297.9452432121193,174.9071960396787,1.879602808200425,10,NaN,23,NaN,1.794999701333356,0.1879664451662479,NaN,NaN,1.770588069169921,0,NaN,0,0,0,0,1
125.2,75,100,90,0,36.5684841758479,3.945182330026874,41.90793462876275,100,1,-0,0.0006933152186332414,12.24098505954106,17.01058371715568,85480.19317781685,93688.68923361244,6.507347005864245,298.0174837225229,204.3521085549566,1.880853859646472,10,NaN,23,NaN,1.819092412632976,0.1877815216033722,NaN,NaN,1.771796038126661,0,NaN,0,0,0,0,1
125.4,75,100,90,0,34.16191819564322,26.9957000276091,4.190793462876274,100,1,-0,0.0006878155148955828,12.22083903919328,17.03634783631302,85519.24499528781,93737.10298252813,6.50205008661123,297.9861315566429,191.5668426259044,1.88209999998774,10,NaN,23,NaN,1.83860420484279,0.1876312552243015,NaN,NaN,1.772999305029225,0,NaN,0,0,0,0,1
125.6,75,100,90,0,33.8716502776519,16.29303856559803,0.4190793462876274,100,1,-0,0.0007006563399148716,12.19548244604864,17.06235645787466,85558.24790756416,93785.52225675281,6.49706088329558,297.9568125357359,179.6048717706777,1.883356858569468,10,NaN,23,NaN,1.846062490544369,0.1875723109185849,NaN,NaN,1.774212961777134,0,NaN,0,0,0,0,1
125.8,75,100,90,0,35.56671140468556,5.893050970894102,0.04190793462876274,100,1,-0,0.0007072443541867683,12.15854063564037,17.08887880454545,85597.59670368391,93834.34700964084,6.493330921105705,297.9362584242818,171.2148307053824,1.884629477660431,10,NaN,23,NaN,1.872077092530644,0.1873726023809757,NaN,NaN,1.77544187860671,0,NaN,0,0,0,0,1
126,75,100,90,0,38.75061178777632,1.767915291268231,17.4778443240311,100,1,-0,0.0006638450903908726,12.2246512653468,17.11450092842284,85637.57947560005,93883.64616014047,6.493350660131943,297.9529175673507,178.0183120230562,1.885851356548626,10,NaN,23,NaN,1.8524438952082,0.1875191599106691,NaN,NaN,1.776621836785754,0,NaN,0,0,0,0,1
126.2,75,100,90,0,41.91834711198535,5.279166396519122,1.74778443240311,100,1,-0,0.000634225270904072,12.26463444370018,17.13949359980574,85678.1938550273,93933.47751414607,6.497149061681965,297.9281218276933,167.8868259061087,1.887008047128115,10,NaN,23,NaN,1.83949689126234,0.1876151028208419,NaN,NaN,1.777738878469711,0,NaN,0,0,0,0,1
126.4,75,100,90,0,43.56632684699936,1.583749918955737,31.25830852231068,100,1,-0,0.0006449134742271844,12.24347062290703,17.16491592182598,85719.12995616133,93983.69379168304,6.502105658563461,297.9728090836891,186.1551158011719,1.88815541660655,10,NaN,23,NaN,1.844542820242527,0.1875746580001528,NaN,NaN,1.77884695248716,0,NaN,0,0,0,0,1
126.6,75,100,90,0,43.23996066880376,14.49138982342521,3.125830852231068,100,1,-0,0.0006393806933299744,12.24169614945283,17.18997687009318,85759.99402830547,94033.81680280244,6.506991001736801,297.9431418909561,174.0208819851184,1.889299910972997,10,NaN,23,NaN,1.848283097216091,0.1875441145994037,NaN,NaN,1.779952283524681,0,NaN,0,0,0,0,1
126.8,75,100,90,0,40.96339715849555,4.347416947027564,45.93498345103928,100,1,-0,0.000610737766270806,12.29093389230433,17.21438247629392,85800.39034030071,94083.34016938858,6.509976256110805,298.0139680991634,203.0039731843387,1.890396756196568,10,NaN,23,NaN,1.823177745992836,0.1877323023984674,NaN,NaN,1.781011627473119,0,NaN,0,0,0,0,1
127,75,100,90,0,37.49873617798133,26.87278363490952,4.593498345103928,100,1,-0,0.0005982891904809429,12.28485333126645,17.23878806125135,85840.08426195767,94132.11826623978,6.509515875975814,297.9722060498883,185.905767321284,1.891453145981379,10,NaN,23,NaN,1.825426931309378,0.1877132373432429,NaN,NaN,1.78203192835512,0,NaN,0,0,0,0,1
127.2,75,100,90,0,34.22344864849529,12.45748379206651,0.4593498345103928,100,1,-0,0.0005978954316798363,12.26971736313847,17.26327439966445,85879.13594372642,94180.26407451846,6.505491834220201,297.9347912587377,170.5801081023955,1.892497923128552,10,NaN,23,NaN,1.828820369725727,0.1876855227682222,NaN,NaN,1.783041041493877,0,NaN,0,0,0,0,1
127.4,75,100,90,0,32.55844060094149,3.737245137619952,26.28315707094265,100,1,-0,0.0005786049333127621,12.29146914637828,17.28765758753286,85917.85337045454,94228.01518387759,6.498832710802312,297.9611936078077,181.4000669278819,1.893514180490353,10,NaN,23,NaN,1.816992113546618,0.1877732053443909,NaN,NaN,1.784022635271084,0,NaN,0,0,0,0,1
127.6,75,100,90,0,33.55432127120928,10.68133870308113,2.628315707094265,100,1,-0,0.0005620831892681472,12.32090777779509,17.31180712328917,85956.7681695677,94275.91033293642,6.494664484327109,297.9266870039841,167.2521335364515,1.894491101384246,10,NaN,23,NaN,1.800566410940764,0.1878957638835277,NaN,NaN,1.784966259305937,0,NaN,0,0,0,0,1
127.8,75,100,90,0,36.20089012826698,3.204401610924338,42.29650632088489,100,1,-0,0.0005530399871536604,12.33599027856429,17.33557490664894,85996.20368072788,94324.28802424438,6.494526818118129,297.9850911695427,191.2097123965704,1.895439769578806,10,NaN,23,NaN,1.79578546679053,0.1879301559828437,NaN,NaN,1.785882617042113,0,NaN,0,0,0,0,1
128,75,100,90,0,38.89727610146009,20.86340090674524,4.229650632088489,100,1,-0,0.0005598348876876729,12.33785413270302,17.35922133945737,86036.17191715968,94373.21426230464,6.49695268128776,297.9423986019751,173.6883685745469,1.896381828175089,10,NaN,23,NaN,1.792166145379628,0.1879557602487014,NaN,NaN,1.786792613161038,0,NaN,0,0,0,0,1
128.2,75,100,90,0,40.62780622329103,6.259020272023572,59.79249217169523,100,1,-0,0.0005401742792491178,12.36913808275878,17.38228311233447,86076.4720767359,94422.39480283162,6.501144845676079,298.0333734360032,211.0429839162259,1.897297220256475,10,NaN,23,NaN,1.781465832781133,0.1880350273884885,NaN,NaN,1.787676872174921,0,NaN,0,0,0,0,1
128.4,75,100,90,0,40.6838804158084,35.80547984253669,5.979249217169524,100,1,-0,0.0005446317556396631,12.35791252232509,17.40525193423284,86116.77237190001,94471.61160062499,6.504761419993175,297.9783248642954,188.4286565898996,1.898206470135839,10,NaN,23,NaN,1.780913263033279,0.1880374680896403,NaN,NaN,1.788555219187095,0,NaN,0,0,0,0,1
128.6,75,100,90,0,39.30086498082107,17.38291519825338,0.5979249217169523,100,1,-0,0.000558983145395147,12.31637407726426,17.42881859382393,86156.81406187263,94520.64547615698,6.507873547589741,297.9301298776315,168.6201713914535,1.899133371390006,10,NaN,23,NaN,1.800067481619749,0.1878906515249306,NaN,NaN,1.789450639504424,0,NaN,0,0,0,0,1
128.8,75,100,90,0,36.67281120422276,5.214874559476013,32.05329274413941,100,1,-0,0.0005694741204800609,12.28596388686899,17.45276051104979,86196.32938719455,94569.2041228579,6.508019095987955,297.9646550794249,182.8171686381921,1.900078892829907,10,NaN,23,NaN,1.811534658318536,0.1878019840686419,NaN,NaN,1.790364070329729,0,NaN,0,0,0,0,1
129,75,100,90,0,33.99465421860349,14.86740198935075,3.205329274413941,100,1,-0,0.0005627657144121993,12.28380855814408,17.47651806146103,86235.30635622962,94617.19114385902,6.504551531800002,297.9266794819351,167.1937833638005,1.901017838655672,10,NaN,23,NaN,1.814335118406312,0.1877789721770582,NaN,NaN,1.79127117143397,0,NaN,0,0,0,0,1
129.2,75,100,90,0,32.70588086401328,4.460220596805224,49.55548529762717,100,1,-0,0.0005615161191940479,12.28536994225202,17.50049487633557,86274.01397937804,94664.92541175529,6.499771430471587,298.0004427930232,197.5548996336481,1.901946910127658,10,NaN,23,NaN,1.804925474473103,0.1878484696489057,NaN,NaN,1.792168755362109,0,NaN,0,0,0,0,1
129.4,75,100,90,0,33.32189120233414,27.44386047595888,4.955548529762718,100,1,-0,0.0005589623639682133,12.28749430934134,17.52427009002594,86312.83549222664,94712.75869487425,6.495474067574495,297.9573046440016,179.7906924632668,1.902864818653466,10,NaN,23,NaN,1.804918236001885,0.1878467667654231,NaN,NaN,1.793055576442179,0,NaN,0,0,0,0,1
129.6,75,100,90,0,35.65106319858764,12.02457896871188,0.4955548529762718,100,1,-0,0.0005733503506335009,12.2774780995168,17.54838800235451,86352.13671406374,94761.15010676435,6.495044723592324,297.917072943278,163.2155390754307,1.903794002704127,10,NaN,23,NaN,1.799630096695357,0.1878850375184278,NaN,NaN,1.793953313210726,0,NaN,0,0,0,0,1
129.8,75,100,90,0,38.14083044864892,3.607373690613562,29.89496327481625,100,1,-0,0.0005796791881159393,12.26058266532485,17.57280740321454,86391.93398476709,94810.07743798709,6.496777947966688,297.9489205518273,176.3428080204437,1.904735766980717,10,NaN,23,NaN,1.810041115629298,0.1878043821423055,NaN,NaN,1.794863227067711,0,NaN,0,0,0,0,1
130,75,100,90,0,39.94259238528284,1.082212107184069,0.0001,100,1,-0,0.0005991147737283722,12.22552059120065,17.59769918054314,86432.08778896742,94859.4558042946,6.499959014029686,297.9180826368499,163.6255111658221,1.905699844318736,10,NaN,23,NaN,1.827185739420925,0.1876726525224502,NaN,NaN,1.795794722955864,0,NaN,0,0,0,0,1
130.2,75,100,90,0,40.47409919471963,0.3246636321552206,34.67896136774878,100,1,-4000,0.0006077693118659097,12.22101488955289,17.62285518040593,85771.69331328604,94108.95079214039,6.530033446190063,297.9639066423393,182.4553905858831,1.896804993374604,10,NaN,23,NaN,1.813436331524276,0.1877938453287381,NaN,NaN,1.787201383568529,0,NaN,0,0,0,0,1
130.4,75,100,90,0,28.89225599260995,13.29332877020152,3.467896136774878,100,1,-4000,0.0006278847633967722,12.1534796477948,17.64906272696006,85109.05730128287,93356.21418514974,6.546859169818147,297.9359946305012,171.0733297032136,1.882931429018471,10,NaN,23,NaN,1.812972670915958,0.187823915814312,NaN,NaN,1.773802150921141,0,NaN,0,0,0,0,1
130.6,75,100,90,0,10.70963787476438,3.987998631060457,45.92400759372441,100,1,-4000,0.0006501099127069398,12.04722221825606,17.67656958517362,84442.8544985608,92599.93633450223,6.539065984511383,298.0152190848266,203.1286083746996,1.868730660701639,10,NaN,23,NaN,1.831237959096013,0.1877126649420687,NaN,NaN,1.76009201692346,0,NaN,0,0,0,0,1
130.8,75,100,90,0,0,29.12957410590931,4.592400759372441,100,1,-4000,0.0006569671752056037,11.99003251834412,17.70453861173101,83774.58082998155,91841.53812872348,6.516523917504093,297.9883794613672,192.3537980208907,1.854515850271887,10,NaN,23,NaN,1.837978591822405,0.1876887482668541,NaN,NaN,1.746373506083104,0,NaN,0,0,0,0,1
131,75,100,90,0,0,19.8464362859519,0.4592400759372441,100,1,-4000,0.0006751860486836136,11.95859320645363,17.73271306540653,83106.40103315783,91083.22680986536,6.495017181368135,297.9597129860979,180.9366708894336,1.840312584588143,10,NaN,23,NaN,1.831126448551961,0.1877678706606428,NaN,NaN,1.732671310440647,0,NaN,0,0,0,0,1
131.2,75,100,90,0,2.511534932848432,9.72202929528148,0.04592400759372442,100,1,-4000,0.0006917990680428201,11.94125767571435,17.76132648242175,82438.81670693395,90325.50723930508,6.477606082304026,297.9368955630088,171.9214864627173,1.826126066468546,10,NaN,23,NaN,1.813077125869118,0.1879318655151015,NaN,NaN,1.718990430988647,0,NaN,0,0,0,0,1
131.4,75,100,90,0,11.97738886053306,2.916608788584444,22.0215248029464,100,1,-4000,0.0007229333777422996,11.91443442373284,17.79030038620288,81773.20680131135,89569.81506393783,6.472669294162001,297.9694898276281,184.6951216462561,1.811973772627838,10,NaN,23,NaN,1.806410302568336,0.1880095029818703,NaN,NaN,1.705347690944614,0,NaN,0,0,0,0,1
131.6,75,100,90,0,23.39014834383327,11.96634436824887,2.20215248029464,100,1,-4000,0.0007573205326767414,11.90957509899177,17.81968348341626,81109.9595594464,88816.54525124072,6.482428171891518,297.9502510602595,177.2157047796966,1.797865148519851,10,NaN,23,NaN,1.780840061096868,0.1882303529640739,NaN,NaN,1.691752150559817,0,NaN,0,0,0,0,1
131.8,75,100,90,0,30.89107274621896,3.940381177465685,0.220215248029464,100,1,-4000,0.0007802406004792474,11.90592549451541,17.84882368063595,80448.30271792006,88064.8543573293,6.500566137420072,297.9305593907734,169.6221128321131,1.78378488717033,10,NaN,23,NaN,1.762610861672826,0.1883954897741204,NaN,NaN,1.678189017731567,0,NaN,0,0,0,0,1
132,75,100,90,0,31.15635365999102,1.182114353239706,18.92631202643664,100,1,-4000,0.0007840540218695751,11.90600417234498,17.87783884039247,79786.78006954618,87313.23536160517,6.520083944333363,297.9569986041808,179.7340347865326,1.769706689475799,10,1845.7682063225,23,1844.042938605766,1.737838977763632,0.1886101754042671,17.76132648242175,24.17445275672569,1.664632940047543,0,61.58782138926501,0,0,0,0,1
132.2,75,100,90,0,23.63679900966155,7.847307653940583,1.892631202643664,100,1,-0,0.000796311670628589,11.85959012286258,17.90787230717873,79824.26541008617,87360.20473145026,6.500721636691907,297.9422514203917,174.1154954938867,1.765854548040125,10,NaN,23,NaN,1.737238194020309,0.1886221226730856,NaN,NaN,1.660924546032592,0,NaN,0,0,0,0,1
132.4,75,100,90,0,23.99410968408537,2.354192296182175,30.43098206418008,100,1,-0,0.0007866006461485832,11.85823056415001,17.93779941407568,79861.81080236747,87407.21730262479,6.483710663317954,297.9978843169902,195.3217547353121,1.766745246931236,10,NaN,23,NaN,1.744759185581722,0.1885634388342947,NaN,NaN,1.661781973697165,0,NaN,0,0,0,0,1
132.6,75,100,90,0,31.02368096511777,19.49257376576044,3.043098206418008,100,1,-0,0.0007714376730935324,11.88363061498572,17.96703946654544,79900.75254402551,87455.58009028847,6.4760186437865,297.9735319806869,186.0343220942192,1.767881348356556,10,NaN,23,NaN,1.748609585434321,0.1885320873652398,NaN,NaN,1.662875666527729,0,NaN,0,0,0,0,1
132.8,75,100,90,0,41.10701815978413,10.59443290376153,0.3043098206418008,100,1,-0,0.0007753809777230335,11.93755650394053,17.99592654916027,79941.71748510061,87505.97315065932,6.479874504542532,297.9459033085777,175.4917695657623,1.76901827245567,10,NaN,23,NaN,1.714974195389861,0.1887846520088105,NaN,NaN,1.663970184336448,0,NaN,0,0,0,0,1
133,75,100,90,0,49.63995465699094,3.178329871128458,23.61428874512826,100,1,-0,0.0007885963130387626,11.94177705159818,18.02478783691521,79984.38426647871,87558.13833035827,6.491695836772061,297.9779161032259,187.7140051793411,1.770166037811825,10,NaN,23,NaN,1.711076248105175,0.1888119574192655,NaN,NaN,1.665075172533222,0,NaN,0,0,0,0,1
133.2,75,100,90,0,53.45518473287318,12.40133313722461,2.361428874512826,100,1,-0,0.0008020496090294987,11.94394491846541,18.05371457393706,80027.80878883548,87611.11364387041,6.505977855382525,297.9535938372034,178.4226707438907,1.771331173874037,10,NaN,23,NaN,1.701347447259172,0.1888833638565172,NaN,NaN,1.666196918459718,0,NaN,0,0,0,0,1
133.4,75,100,90,0,51.57502582195519,2.941909270583185,0.2361428874512826,100,1,-0,0.0008259273275489422,11.8916948819958,18.08320290693814,80070.86227223667,87663.80134262526,6.516791024722449,297.9322666367502,170.2708331862867,1.772518771057302,10,NaN,23,NaN,1.727625328882821,0.1886821304288795,NaN,NaN,1.667340324744793,0,NaN,0,0,0,0,1
133.6,75,100,90,0,45.38885119709396,0.8825727811749555,16.80617555087688,100,1,-0,0.0008172260330610825,11.88711059621244,18.11284962803565,80112.67488818949,87715.21125002122,6.521525712871721,297.9521084829921,177.8591977729239,1.773697592249659,10,NaN,23,NaN,1.726396966926096,0.1886891681056616,NaN,NaN,1.668475317239229,0,NaN,0,0,0,0,1
133.8,75,100,90,0,37.31763841316362,5.347962616139339,1.680617555087688,100,1,-0,0.0008073374637324279,11.87675758952674,18.14239289184869,80152.86928562821,87764.96371747321,6.519159899195041,297.933916693089,170.8981040553443,1.774855840472618,10,NaN,23,NaN,1.723195105989184,0.1887111886298788,NaN,NaN,1.669590536257299,0,NaN,0,0,0,0,1
134,75,100,90,0,30.1965896060843,1.604388784841802,28.98262252972785,100,1,-0,0.0008052292204261915,11.85657222978412,18.17216614506559,80191.62952891507,87813.2982837961,6.507970353296329,297.9844371148277,190.2398808648847,1.776006461631267,10,NaN,23,NaN,1.719942411980912,0.1887336066396148,NaN,NaN,1.670698445505352,0,NaN,0,0,0,0,1
134.2,75,100,90,0,27.55757939433497,16.69224869981144,2.898262252972785,100,1,-0,0.0008543677151355199,11.77319088438432,18.20328733187259,80229.85163185337,87861.28539980619,6.493418230723005,297.9690085786507,184.3300184873644,1.777203540222121,10,NaN,23,NaN,1.745521188580788,0.1885375914148956,NaN,NaN,1.671851123564495,0,NaN,0,0,0,0,1
134.4,75,100,90,0,30.72221152029748,10.40689236174055,0.2898262252972785,100,1,-0,0.0008438002650844841,11.79712812460901,18.23383173825553,80268.71012298499,87909.88327153731,6.483756830348979,297.9488886163373,176.6191431175715,1.778411896068203,10,NaN,23,NaN,1.738262972467481,0.1885902493830227,NaN,NaN,1.673014697741855,0,NaN,0,0,0,0,1
134.6,75,100,90,0,37.72460198169824,3.122067708522164,22.80802374405093,100,1,-0,0.0008198624580206725,11.84335965658278,18.26362191458268,80308.96288766971,87959.80571383926,6.485192423296467,297.9822359473284,189.406040637456,1.779586362400567,10,NaN,23,NaN,1.728443588520494,0.1886623583127624,NaN,NaN,1.674145674116143,0,NaN,0,0,0,0,1
134.8,75,100,90,0,44.13200743704685,12.86111973044742,2.280802374405093,100,1,-0,0.0008188990413575139,11.86301487781653,18.29311198308219,80350.49180147819,88011.01866829627,6.49398306077335,297.9572265985782,179.8111023971832,1.780744213174574,10,NaN,23,NaN,1.719191260402222,0.1887301902757068,NaN,NaN,1.675260684712188,0,NaN,0,0,0,0,1
135,75,100,90,0,47.03454373421465,3.316637454013314,0.2280802374405093,100,1,-0,0.0008049973004063816,11.87355281333565,18.32228448312087,80392.60698012657,88062.79840237509,6.504318174821168,297.9336491358854,170.7605046751892,1.781890314001066,10,NaN,23,NaN,1.718797013760101,0.1887309728335939,NaN,NaN,1.676364413854984,0,NaN,0,0,0,0,1
135.2,75,100,90,0,45.82150467159671,0.9949912362039942,17.40771189719967,100,1,-0,0.0007942961328892885,11.87406854929547,18.35138819331983,80434.47666866599,88114.31119766978,6.513638158165162,297.9521114831067,177.8514973564142,1.783019812864555,10,NaN,23,NaN,1.718977716872348,0.1887274343738519,NaN,NaN,1.677452187666757,0,NaN,0,0,0,0,1
135.4,75,100,90,0,40.88874422511658,5.053174593438236,1.740771189719967,100,1,-0,0.0007655661680628427,11.88398795946812,18.38003169399541,80475.35707368677,88164.73962125703,6.51888326357281,297.9289017484286,168.9322549568758,1.784110933769461,10,NaN,23,NaN,1.720998412144579,0.1887100392646954,NaN,NaN,1.678503032218921,0,NaN,0,0,0,0,1
135.6,75,100,90,0,33.86805879695645,1.515952378031471,30.85133211647142,100,1,-0,0.0007568023035927253,11.88102829671379,18.40851972646715,80514.82454915375,88213.72123516597,6.516217947576646,297.97748966346,187.6139047012602,1.785174607475682,10,NaN,23,NaN,1.711908508724519,0.1887768089041609,NaN,NaN,1.679527472024033,0,NaN,0,0,0,0,1
135.8,75,100,90,0,27.92640634007005,15.78667164002891,3.085133211647142,100,1,-0,0.0007270510607196339,11.8863987385797,18.43709943829229,80553.09664184402,88261.44037083561,6.506640800606921,297.9475704794137,176.104325787104,1.78620185591855,10,NaN,23,NaN,1.708418787936859,0.1888012492610886,NaN,NaN,1.680516857578932,0,NaN,0,0,0,0,1
136,75,100,90,0,25.81297012817455,4.736001492008674,47.3953097290146,100,1,-0,0.0007293140544886037,11.87684433430775,18.46561200361695,80590.93197883993,88308.72527945174,6.4956703524255,298.0310844311421,208.2472888937326,1.78720834212808,10,NaN,23,NaN,1.712151697466193,0.1887710590823197,NaN,NaN,1.681486272333766,0,NaN,0,0,0,0,1
136.2,75,100,90,0,28.07016535770651,31.8066016966417,4.73953097290146,100,1,-0,0.0007031610480049552,11.92114776650517,18.49319824843241,80629.20778888842,88356.35990733036,6.488626551196525,297.9857954499219,190.807647460508,1.788182828428678,10,NaN,23,NaN,1.695839881121529,0.188892638387325,NaN,NaN,1.682424890497107,0,NaN,0,0,0,0,1
136.4,75,100,90,0,33.12754311294705,16.72121470553412,0.473953097290146,100,1,-0,0.00067877125778685,11.96059473324917,18.51995336918048,80668.50949182276,88404.95046148699,6.489153308460559,297.9406529760932,173.4155048670334,1.789117267075688,10,NaN,23,NaN,1.686901700275774,0.1889584708467806,NaN,NaN,1.683324957854994,0,NaN,0,0,0,0,1
136.6,75,100,90,0,37.96195180096459,5.016364411660235,30.81111633041365,100,1,-0,0.0006819501280339345,11.96648585674031,18.54638847238047,80708.77607928093,88454.52279486884,6.494662449460047,297.9769866470045,187.421073217199,1.790038843030019,10,NaN,23,NaN,1.687910234725319,0.1889490674205498,NaN,NaN,1.68421265751491,0,NaN,0,0,0,0,1
136.8,75,100,90,0,40.60058765771242,15.66453603324699,3.081111633041365,100,1,-0,0.0006333705354374874,12.05273619566945,18.57163311161029,80749.56843367415,88504.44449783789,6.504540569086269,297.9319941349043,170.0685993040457,1.790903018846669,10,NaN,23,NaN,1.653328002854463,0.1892089588403092,NaN,NaN,1.685045086744922,0,NaN,0,0,0,0,1
137,75,100,90,0,39.28958904202909,4.699360809974096,51.84688041024909,100,1,-0,0.0006406738259261513,12.0294469061956,18.59711443702764,80790.08774486327,88554.12979355722,6.510948236728935,298.0130631112942,201.3513393035805,1.791745336708637,10,NaN,23,NaN,1.659178287061754,0.1891631013829562,NaN,NaN,1.685856479378607,0,NaN,0,0,0,0,1
137.2,75,100,90,0,35.44088718339103,30.45538156414263,5.184688041024909,100,1,-0,0.0006133333996789771,12.05921335005448,18.62211117174149,80829.82846696267,88602.95066674429,6.514046812303528,297.9589486678468,180.4588087237335,1.792557699993051,10,NaN,23,NaN,1.643148740135669,0.1892827250877872,NaN,NaN,1.686639034387928,0,NaN,0,0,0,0,1
137.4,75,100,90,0,30.35250347055169,11.66774792541058,0.518468804102491,100,1,-0,0.0006203994246169762,12.01874880284816,18.64761308947625,80868.56762614122,88650.80650156179,6.511724656281211,297.9132466250344,162.8051663652186,1.793359617033376,10,NaN,23,NaN,1.658955547442612,0.1891616762707675,NaN,NaN,1.687411543013048,0,NaN,0,0,0,0,1
137.6,75,100,90,0,26.20017307165928,3.500324377623174,29.20042490041918,100,1,-0,0.0006381628973411249,11.96156452737456,18.67400073819429,80906.47548623088,88697.90762499534,6.504398945610748,297.9453098198703,175.1965988879689,1.794176319392662,10,NaN,23,NaN,1.687284400663811,0.1889458419208592,NaN,NaN,1.688198311644388,0,NaN,0,0,0,0,1
137.8,75,100,90,0,24.97719225908776,1.050097313286952,0.0001,100,1,-0,0.0006303430448090647,11.97336766984488,18.70016791699856,80944.13590406317,88744.73758008644,6.496325408104865,297.9103721845849,161.687613156299,1.794987091300337,10,NaN,23,NaN,1.681119383441695,0.1889909197166014,NaN,NaN,1.688979384060213,0,NaN,0,0,0,0,1
138,75,100,90,0,26.97006794601552,0.3150291939860856,37.47274969088241,100,1,-0,0.000640415361037118,11.9767238230918,18.72636033608892,80982.18752151729,88792.00160552701,6.490718718888584,297.9642107062577,182.5151502426296,1.795799329303331,10,NaN,23,NaN,1.669914129098955,0.1890741084225802,NaN,NaN,1.689761885724825,0,NaN,0,0,0,0,1
138.2,75,100,90,0,31.19513501119233,15.79030835769135,3.747274969088241,100,1,-0,0.0006196407422151757,12.02253169357775,18.75177966615675,81021.07834163483,88840.04449348547,6.492102604447251,297.92313981762,166.6188929837339,1.79659418202261,10,NaN,23,NaN,1.648667926828037,0.1892332243707656,NaN,NaN,1.690527654923546,0,NaN,0,0,0,0,1
138.4,75,100,90,0,34.8516126821676,4.737092507307405,56.94324184323438,100,1,-0,0.0006346658795341998,12.00764565272618,18.77745674711931,81060.68649879393,88888.87400844756,6.497923295702251,298.0159934385578,202.5756860150031,1.797390111684214,10,NaN,23,NaN,1.654320883234573,0.1891889543521915,NaN,NaN,1.691294477852151,0,NaN,0,0,0,0,1
138.6,75,100,90,0,36.18763096773843,34.197366556372,5.694324184323438,100,1,-0,0.0006054858099090634,12.02747328924091,18.80261266902525,81100.55034660829,88937.85760895384,6.505951398580567,297.963915231237,182.3984428196656,1.79815431795607,10,NaN,23,NaN,1.666366315157692,0.1890964040754341,NaN,NaN,1.692030752747084,0,NaN,0,0,0,0,1
138.8,75,100,90,0,34.31936557008665,16.13373681958214,0.5694324184323438,100,1,-0,0.0005758105607941569,12.07112086141143,18.82733586432804,81140.05754096377,88986.39016230928,6.51047739325996,297.9122925490695,162.3874085143762,1.798865970202212,10,NaN,23,NaN,1.643455155119769,0.1892682505775965,NaN,NaN,1.692716407873991,0,NaN,0,0,0,0,1
139,75,100,90,0,30.65925293276468,4.840121045874642,36.14247982570097,100,1,-0,0.0005633765369688405,12.07658887120557,18.85148646525422,81178.83157746175,89034.13788285853,6.510639302283901,297.9507423549637,177.2996145886106,1.79954334765771,10,NaN,23,NaN,1.640384379800616,0.1892901553189909,NaN,NaN,1.693369052324743,0,NaN,0,0,0,0,1
139.2,75,100,90,0,26.93748414057968,15.20344478570891,3.614247982570097,100,1,-0,0.0005663590379527499,12.05898344449678,18.87596594382474,81216.85893184108,89081.17266073632,6.505067187838535,297.9070794825339,160.3572297405057,1.800215018010115,10,NaN,23,NaN,1.639107410367573,0.1892985120516852,NaN,NaN,1.694016209644743,0,NaN,0,0,0,0,1
139.4,75,100,90,0,25.44940364942297,4.561033435712674,56.49886148138691,100,1,-0,0.0005591393159612527,12.07506583108037,18.90019094520111,81254.5766022293,89127.88026213238,6.497813008859462,297.9940138491197,194.1066076300516,1.800878225294457,10,NaN,23,NaN,1.623513655978685,0.1894150726895635,NaN,NaN,1.694655224085286,0,NaN,0,0,0,0,1
139.6,75,100,90,0,26.85016304646422,31.39634204604145,5.649886148138691,100,1,-0,0.0005465038933514692,12.11895879491106,18.92379879765056,81292.56443691958,89174.81274109671,6.494443623284502,297.9402856076999,173.2382139794925,1.80152102940163,10,NaN,23,NaN,1.5919726528254,0.1896520736453615,NaN,NaN,1.695274590365278,0,NaN,0,0,0,0,1
139.8,75,100,90,0,29.58055194461635,9.418902613812437,81.19128457840826,100,1,-0,0.0005542948463785869,12.09644794009186,18.94767523213856,81331.07801612692,89222.32068737163,6.493878926907528,298.0783832254087,226.9025897240413,1.802161292386021,10,NaN,23,NaN,1.607835643908653,0.1895310367494343,NaN,NaN,1.695891518684614,0,NaN,0,0,0,0,1
140,75,100,90,0,32.54005135188171,55.22625282272725,8.119128457840826,100,1,-0,0.0005743560091386894,12.07698083625863,18.97215589392895,81370.16580481993,89270.49488253653,6.495949795052683,298.0123575652865,201.2323079729551,1.802820687277413,10,NaN,23,NaN,1.61221994643722,0.1894966467949534,NaN,NaN,1.696526892602513,0,NaN,0,0,0,0,1
140.2,75,100,90,0,34.67153385488619,34.3510389005807,0.8119128457840827,100,1,-0,0.0005685005539842652,12.08725103283496,18.99625870487092,81409.70283224942,89319.10952544569,6.500263298187936,297.9454953955496,175.2236210972141,1.80348046539808,10,NaN,23,NaN,1.612669647663356,0.1894919765876715,NaN,NaN,1.697162646922747,0,NaN,0,0,0,0,1
140.4,75,100,90,0,35.07869306749264,10.30531167017421,48.80419568118765,100,1,-0,0.0005696336723942402,12.08367750534423,19.02041785800173,81449.31832432207,89367.81625971875,6.505008523627545,298.0077791774718,199.4635972863527,1.804133952055387,10,NaN,23,NaN,1.614516938914956,0.1894767610820507,NaN,NaN,1.697792349842369,0,NaN,0,0,0,0,1
140.6,75,100,90,0,33.59352248706553,30.25076003948562,4.880419568118765,100,1,-0,0.0005635522712328715,12.08098745651018,19.04421401879903,81488.63228730799,89416.18588366908,6.509722963107629,297.951068126696,177.3812340982291,1.804773375414527,10,NaN,23,NaN,1.622856215045509,0.1894125265744542,NaN,NaN,1.698408511875394,0,NaN,0,0,0,0,1
140.8,75,100,90,0,30.22405860392591,10.5100383125957,0.4880419568118766,100,1,-0,0.0005730800046119204,12.05629352754674,19.06835232852233,81527.29007077876,89463.94985002355,6.509144101911374,297.9006102932584,157.7239926216776,1.805414386592174,10,NaN,23,NaN,1.627732792560414,0.1893744446456579,NaN,NaN,1.699026214464416,0,NaN,0,0,0,0,1
141,75,100,90,0,27.10340271043646,3.153011493778711,31.34756699825367,100,1,-0,0.0005635159610770374,12.05537333973931,19.09249498527462,81565.32476278636,89511.06733020356,6.504662227628488,297.9279273665012,168.3713679665408,1.806046129883798,10,NaN,23,NaN,1.627513057681306,0.1893748865802914,NaN,NaN,1.699634996454785,0,NaN,0,0,0,0,1
141.2,75,100,90,0,25.77135985086102,0.9459034481336133,0.0001,100,1,-0,0.0005924343248360156,12.02770288095541,19.11730616068162,81603.09247409047,89558.0306113949,6.498772659550111,297.8867285542561,152.3055046083432,1.806698016564024,10,NaN,23,NaN,1.620886702158281,0.1894236937419156,NaN,NaN,1.700263200408868,0,NaN,0,0,0,0,1
141.4,75,100,90,0,26.78727181640838,0.2837710344400839,42.78910458113337,100,1,-0,0.0006009122742068016,12.02462545097345,19.14204441631238,81641.05635140384,89605.22471449648,6.495004546069851,297.9457711622503,175.3409278737225,1.807368859248723,10,NaN,23,NaN,1.617090946360888,0.1894510748114348,NaN,NaN,1.700909683057577,0,NaN,0,0,0,0,1
141.6,75,100,90,0,29.2989661828323,0.08513131033202519,0.0001,100,1,-0,0.0006119261430675543,12.02022642371467,19.16722111284358,81679.51539717402,89652.98010904023,6.494250898699338,297.9056171855711,159.6671579932948,1.808049322235388,10,NaN,23,NaN,1.613414220972614,0.189477535733021,NaN,NaN,1.701565448434627,0,NaN,0,0,0,0,1
141.8,75,100,90,0,32.10902070333549,0.02553939309960756,45.76853919839242,100,1,-0,0.0006246284323543997,12.01449663347497,19.19242806510264,81718.52758204579,89701.3457108935,6.498401276754096,297.9719479242976,185.5716809743539,1.808743093857708,10,NaN,23,NaN,1.612584354127244,0.1894824654443389,NaN,NaN,1.702234051604781,0,NaN,0,0,0,0,1
142,75,100,90,0,33.25248509009168,19.67144353774897,4.576853919839243,100,1,-0,0.0006143416810332221,12.03277136624781,19.21722742576656,81757.76077493417,89749.90338832865,6.503992184543097,297.9268422770673,167.9474786541289,1.809429416898122,10,NaN,23,NaN,1.605256904047306,0.1895364847492431,NaN,NaN,1.702895488529805,0,NaN,0,0,0,0,1
142.2,75,100,90,0,32.17055430508,5.901433061324691,64.41736697499918,100,1,-0,0.0006202655453627512,12.02712751987986,19.24255508532686,81796.76210172498,89798.2688212217,6.5076164237787,298.0313599117754,208.8062843728819,1.81011042400181,10,NaN,23,NaN,1.597312576121259,0.1895951640146242,NaN,NaN,1.70355181418873,0,NaN,0,0,0,0,1
142.4,75,100,90,0,29.64998819383212,39.55489477986583,6.441736697499919,100,1,-0,0.0006214453462025877,12.02148021943261,19.26791122058448,81835.24518841205,89846.13396334575,6.507225523215357,297.980308192029,188.8388083185297,1.810790960128035,10,NaN,23,NaN,1.591774990458485,0.189635662924999,NaN,NaN,1.704207697795742,0,NaN,0,0,0,0,1
142.6,75,100,90,0,27.29265862709089,22.33416589864469,0.6441736697499919,100,1,-0,0.0006195965781885215,12.00696185821857,19.29329831845731,81873.27419620271,89893.54868254918,6.50384627573071,297.9271665961058,168.0437188648361,1.811465619931742,10,NaN,23,NaN,1.600961743189661,0.1895649910681652,NaN,NaN,1.70485792965012,0,NaN,0,0,0,0,1
142.8,75,100,90,0,26.283981384754,6.700249769593407,40.08039551784798,100,1,-0,0.0006441153177870911,11.97348874777333,19.31912853810722,81911.09839987983,89940.85084946467,6.499113087848084,297.977766269814,187.8537513243911,1.812158946769973,10,NaN,23,NaN,1.608367414276479,0.1895077240886678,NaN,NaN,1.705526164783468,0,NaN,0,0,0,0,1
143,75,100,90,0,27.1634575098246,21.82444652230786,4.008039551784798,100,1,-0,0.0005969282416922795,12.02667636900869,19.34403542512914,81949.09436795762,89988.17573523964,6.496628311253236,297.9311655115401,169.6004195027238,1.812813804712591,10,NaN,23,NaN,1.599152452034686,0.1895760509031733,NaN,NaN,1.70615733451971,0,NaN,0,0,0,0,1
143.2,75,100,90,0,29.02513687453693,6.547333956692357,62.22149012351665,100,1,-0,0.000594803235694365,12.02496481576582,19.36867438303758,81987.4486834032,90035.85903531367,6.496944014201333,298.0276380334747,207.4069013979679,1.81343867481314,10,NaN,23,NaN,1.607148088090085,0.1895144630517742,NaN,NaN,1.706759611398693,0,NaN,0,0,0,0,1
143.4,75,100,90,0,30.75854440323062,37.59856639394722,6.222149012351665,100,1,-0,0.0006009354216756444,12.02728580630811,19.39331241355761,82026.13775133483,90083.91306379512,6.500511693533299,297.9765186435714,187.3639269994461,1.8140629994957,10,NaN,23,NaN,1.601466817987836,0.1895561624542699,NaN,NaN,1.707361372560776,0,NaN,0,0,0,0,1
143.6,75,100,90,0,31.06317525113619,20.27525921807917,0.6222149012351665,100,1,-0,0.0005625086066876715,12.08453226278518,19.41710854936018,82064.9057420109,90131.92822981592,6.505902057123262,297.9194955996926,164.9953004436268,1.814650951841543,10,NaN,23,NaN,1.57600578978449,0.1897472485479781,NaN,NaN,1.707928085028813,0,NaN,0,0,0,0,1
143.8,75,100,90,0,29.21608858311844,6.082577765423751,40.70320496734662,100,1,-0,0.0005547203079305168,12.08607515930048,19.44084841653533,82103.30335959072,90179.55343982691,6.508422967312954,297.9632033133824,182.1491218695396,1.815207689823118,10,NaN,23,NaN,1.573577639965865,0.1897644992710756,NaN,NaN,1.708464718912714,0,NaN,0,0,0,0,1
144,75,100,90,0,26.37588223600267,18.57049680596718,4.070320496734662,100,1,-0,0.0005347617617470064,12.08681082379063,19.46430164721317,82141.13106026582,90226.54363076987,6.506642886246691,297.9132675831505,162.5414227654463,1.815733250741479,10,2023.609369789172,23,1919.450612796547,1.583824466676623,0.1896861394658092,19.36867438303758,24.41368954827594,1.70897130883308,0,69.26110988523533,0,0,0,0,1
144.2,75,100,90,0,24.25263331583046,5.571149041790155,61.82462766787795,100,1,-0,0.0005421210493071582,12.07819756528879,19.48755938714804,82178.52196066992,90273.12940963569,6.501787664951951,298.0055011561911,198.7748205096932,1.816251262219502,10,NaN,23,NaN,1.582619210544481,0.1896942368242469,NaN,NaN,1.709470628741314,0,NaN,0,0,0,0,1
144.4,75,100,90,0,24.06779620148457,34.51378408569098,6.182462766787795,100,1,-0,0.0005478128459247986,12.07419140829469,19.51111089724654,82215.86445585036,90319.71465783659,6.495706633312438,297.9539682076463,178.5207339950137,1.816774737245495,10,NaN,23,NaN,1.575632527631236,0.1897459614790367,NaN,NaN,1.709975222032312,0,NaN,0,0,0,0,1
144.6,75,100,90,0,26.30955195214371,16.24945839706754,0.6182462766787795,100,1,-0,0.0005707722964480367,12.05197326633013,19.53500176367199,82253.67309124295,90366.85083597201,6.492214735172376,297.8998228676374,157.2297467381812,1.817316702842058,10,NaN,23,NaN,1.583112190005422,0.1896884570658887,NaN,NaN,1.710497646329805,0,NaN,0,0,0,0,1
144.8,75,100,90,0,29.93565200784626,4.87483751912026,39.64524973602352,100,1,-0,0.0005716834431058782,12.07503078325282,19.55868775896888,82292.2059067481,90414.71998248565,6.494228030253582,297.9415508191033,173.6459062325941,1.817865815163914,10,NaN,23,NaN,1.566941968386603,0.1898094393841194,NaN,NaN,1.711026967336065,0,NaN,0,0,0,0,1
145,75,100,90,0,32.7466622244991,1.462451255736078,0.0001,100,1,-0,0.0005632959661921233,12.10635381420752,19.58201170565352,82331.29891669126,90463.13146815877,6.500693896490123,297.8924206930565,154.3081299084243,1.818403673250236,10,NaN,23,NaN,1.547198426730272,0.1899573602718341,NaN,NaN,1.711545447219226,0,NaN,0,0,0,0,1
145.2,75,100,90,0,32.97433813145387,0.4387353767208234,48.14933832492436,100,1,-0,0.0005554415507400605,12.11444299905195,19.60525825230634,82370.43139606345,90511.56430405901,6.50717992950268,297.9539426674402,178.53534613739,1.818921936295527,10,NaN,23,NaN,1.545525708623819,0.1899689752099689,NaN,NaN,1.712045045046558,0,NaN,0,0,0,0,1
145.4,75,100,90,0,30.62178291405762,17.99806847405092,4.814933832492437,100,1,-0,0.000552746986780138,12.11799383681839,19.6284606458232,82409.08800590537,90559.5169113132,6.511507987885327,297.9030417419638,158.4806393942465,1.819424606450019,10,NaN,23,NaN,1.538728675217473,0.1900192695975708,NaN,NaN,1.712529618129109,0,NaN,0,0,0,0,1
145.6,75,100,90,0,26.54514703407182,5.399420542215276,68.0404913201353,100,1,-0,0.0005557297893257132,12.08452045877117,19.65180828817741,82446.91476845868,90606.65197349276,6.509650872151022,298.0072087527482,199.5414356075292,1.819919814941178,10,NaN,23,NaN,1.561190058626101,0.1898488705270511,NaN,NaN,1.713007004507562,0,NaN,0,0,0,0,1
145.8,75,100,90,0,23.22473930009592,38.08286152756992,6.804049132013531,100,1,-0,0.0005239106757505262,12.1053668250751,19.67425642217821,82484.06575458113,90653.00310950706,6.504589731650438,297.9446973696034,174.8888200108471,1.820382250336695,10,NaN,23,NaN,1.563378386784633,0.1898314645609694,NaN,NaN,1.713452802933552,0,NaN,0,0,0,0,1
146,75,100,90,0,21.91950441041279,11.42485845827098,93.93855524643826,100,1,-0,0.0004546675980422908,12.19531754766846,19.69467742244942,82520.93445581908,90698.8310141007,6.499812199297527,298.0949735520198,234.1807657110309,1.820764951395428,10,NaN,23,NaN,1.533692250547634,0.1900546581940891,NaN,NaN,1.713821739753315,0,NaN,0,0,0,0,1
146.2,75,100,90,0,22.51409934791755,61.66512812562588,9.393855524643826,100,1,-0,0.00042830239455742,12.22810014378322,19.71452547517262,82557.90485085663,90744.69358009046,6.497588739294272,298.0141658944599,202.2830280684026,1.821089296224712,10,NaN,23,NaN,1.519124517476956,0.1901638734932748,NaN,NaN,1.714134422121283,0,NaN,0,0,0,0,1
146.4,75,100,90,0,23.99060847548996,36.22092310008385,0.9393855524643826,100,1,-0,0.0004426806719235356,12.18398132067591,19.73497432267427,82595.19973018349,90790.95604353494,6.496832007694628,297.9335130810418,170.4316363053941,1.821407966249545,10,NaN,23,NaN,1.551562586104282,0.1899186269055147,NaN,NaN,1.714441636356692,0,NaN,0,0,0,0,1
146.6,75,100,90,0,25.77317240527536,10.86627693002515,53.51223652716102,100,1,-0,0.0004306205704110518,12.20279990592375,19.75480904730384,82632.85268034023,90837.53612420312,6.498633543775441,297.9893686654456,192.5004470972486,1.821715352696553,10,NaN,23,NaN,1.554012305720228,0.1898995518250296,NaN,NaN,1.714737975108276,0,NaN,0,0,0,0,1
146.8,75,100,90,0,26.83142431563485,28.24809018901636,5.351223652716103,100,1,-0,0.000430396104425342,12.21839499217169,19.7747676772763,82670.71609015173,90884.34380293684,6.50225084357976,297.9226361452775,166.1216451544159,1.822010005217833,10,NaN,23,NaN,1.539520129148628,0.1900082967155722,NaN,NaN,1.71502203987166,0,NaN,0,0,0,0,1
147,75,100,90,0,26.44498705583132,8.474427056704906,77.70451328485808,100,1,-0,0.0004379793251459246,12.2266439377828,19.79500844437349,82708.4893769098,90931.1068488036,6.505237111041908,298.0355433600471,210.7739842883068,1.822305287486288,10,NaN,23,NaN,1.51904869160257,0.190162089878727,NaN,NaN,1.715306713983473,0,NaN,0,0,0,0,1
147.2,75,100,90,0,24.87192304116599,45.02676550137183,7.770451328485809,100,1,-0,0.0004482688635513062,12.21279793080002,19.81542451570973,82745.93670559106,90977.58560741269,6.504321049983638,297.9627948432948,181.9899261844205,1.822607238024597,10,NaN,23,NaN,1.518612338993498,0.190164794671952,NaN,NaN,1.715597819112932,0,NaN,0,0,0,0,1
147.4,75,100,90,0,23.67606378386091,20.41459911281793,0.7770451328485809,100,1,-0,0.0004386850674492561,12.22341221054886,19.83561550385775,82783.17068563006,91023.83543880763,6.501144803730468,297.8904613965436,153.3568001603242,1.82290245552581,10,NaN,23,NaN,1.51150305044746,0.1902178155061707,NaN,NaN,1.715882435298269,0,NaN,0,0,0,0,1
147.6,75,100,90,0,23.74562898399764,6.124379733845379,45.83522464138598,100,1,-0,0.000462098124511937,12.20618565880957,19.85645987585317,82820.42092251148,91070.19500029336,6.497530328079565,297.9341342964662,170.6527351223189,1.823210889969985,10,NaN,23,NaN,1.504517627545397,0.1902698695898035,NaN,NaN,1.716179796187213,0,NaN,0,0,0,0,1
147.8,75,100,90,0,25.2551892442966,1.837313920153614,0.0001,100,1,-0,0.0004653167423436818,12.22076094453339,19.87700065656197,82857.97291047683,91116.86752669848,6.495983288781265,297.8753813623396,147.3736727345967,1.823527321824092,10,NaN,23,NaN,1.492330692929095,0.190361096631432,NaN,NaN,1.716484869890719,0,NaN,0,0,0,0,1
148,75,100,90,0,27.37538169860633,0.5511941760460841,55.30514667088583,100,1,-0,0.0004728292033183969,12.22664690707261,19.89754661463871,82895.94317839733,91163.99196321756,6.497299667660948,297.9438689760017,174.5226182795562,1.823845856475525,10,NaN,23,NaN,1.485016411592446,0.1904155887489949,NaN,NaN,1.716791973502134,0,NaN,0,0,0,0,1
148.2,75,100,90,0,28.96624638574729,0.1653582528138252,0.0001,100,1,-0,0.0004550480344706566,12.25432168310816,19.91767896354929,82934.22662493133,91211.39415435643,6.501064306887447,297.8842997190197,150.8978072587941,1.824148460903731,10,NaN,23,NaN,1.47358074652226,0.1905011486713931,NaN,NaN,1.717083720973913,0,NaN,0,0,0,0,1
148.4,75,100,90,0,29.05238802652039,0.04960747584414757,58.29809495900977,100,1,-0,0.0004464617846702668,12.26039194823011,19.93752069018853,82972.52110120576,91258.79733965977,6.504699548988195,297.9571707261884,179.8117628356247,1.824432622689796,10,NaN,23,NaN,1.474122695255698,0.1904965151238898,NaN,NaN,1.717357689630304,0,NaN,0,0,0,0,1
148.6,75,100,90,0,27.69269168267677,21.29811383963622,5.829809495900977,100,1,-0,0.0004298536167919364,12.29538828552495,19.95689046884446,83010.5388119101,91305.8773141898,6.507571923271457,297.8912548432099,153.6450569104194,1.824693116563054,10,NaN,23,NaN,1.449907333279954,0.1906783671340246,NaN,NaN,1.717608841178878,0,NaN,0,0,0,0,1
148.8,75,100,90,0,25.18613376116724,6.389434151890867,81.03966188335116,100,1,-0,0.0003885323121538162,12.3387216621587,19.97492198908346,83048.0418847071,91352.29824483828,6.507517664695986,298.0056362487895,199.0724024426652,1.824905601576354,10,NaN,23,NaN,1.438003870192896,0.1907675642736044,NaN,NaN,1.717813706938852,0,NaN,0,0,0,0,1
149,75,100,90,0,22.70843744860672,42.26744481956143,8.103966188335116,100,1,-0,0.0003938034460641054,12.33841844362691,19.9931364521714,83085.04015821603,91398.24812651206,6.503144651134485,297.921004938581,165.444954459091,1.825099630282381,10,NaN,23,NaN,1.424186860872642,0.1908711766877104,NaN,NaN,1.718000779204674,0,NaN,0,0,0,0,1
149.2,75,100,90,0,21.98474685185302,12.68023344586843,112.0512015608149,100,1,-0,0.0003998296704802192,12.328565388219,20.01159295430376,83121.87097175808,91444.06608645647,6.497451824830408,298.0999135301878,236.5649723277831,1.825292683263804,10,NaN,23,NaN,1.426873271144683,0.1908505851018116,NaN,NaN,1.71818691168492,0,NaN,0,0,0,0,1
149.4,75,100,90,0,23.52869574657027,72.07611757358043,11.20512015608149,100,1,-0,0.00035980003990834,12.37456103171268,20.0287945007415,83158.99377582749,91490.046167768,6.49541144485648,297.9877188489154,191.9447858270703,1.825448832862152,10,NaN,23,NaN,1.421874855006068,0.1908878956330399,NaN,NaN,1.71833746438082,0,NaN,0,0,0,0,1
149.6,75,100,90,0,25.87259320611956,35.77389547957614,1.120512015608149,100,1,-0,0.0003204168484110593,12.42247514166426,20.04505875470583,83196.62508506046,91536.4131677713,6.498364401233601,297.8879163318933,152.2347463828444,1.825550613777045,10,NaN,23,NaN,1.412666186275811,0.1909569853745487,NaN,NaN,1.718435597477378,0,NaN,0,0,0,0,1
149.8,75,100,90,0,27.0306177998458,10.73216864387284,60.08271388941159,100,1,-0,0.0003602355756725248,12.38664607089225,20.06237385939297,83234.49279044676,91583.17179449451,6.500895142193074,297.9470814278761,175.7866413197008,1.825661676814104,10,NaN,23,NaN,1.415214683206582,0.1909375952463237,NaN,NaN,1.718542680328381,0,NaN,0,0,0,0,1
150,75,100,90,0,27.19370955267589,3.219650593161852,0.0001,100,1,-0,0.0004008110333048215,12.3316195062523,20.08080391832607,83272.39167309392,91630.11890967656,6.502901322213352,297.8782387574898,148.3695830309044,1.825814985714115,10,NaN,23,NaN,1.436563326286312,0.1907766402216445,NaN,NaN,1.718690495588662,0,NaN,0,0,0,0,1
150.2,75,100,90,0,26.55469876793905,0.9658951779485556,63.01597420674725,0,0.9,-4000,0.0004208663062946052,11.1086817365786,20.10436459449257,82591.15151890837,90856.97727358095,6.531888537263647,297.9823479248444,189.6720414276885,1.81605485750815,10,NaN,23,NaN,1.520910226713331,0.1901601611561511,NaN,NaN,1.709281310154025,0,NaN,0,0,0,0,1
150.4,75,100,90,0,14.23062557318007,32.83383134902452,6.301597420674725,0,0.9,-4000,0.0004458925937000942,11.01548135652926,20.12913966139912,81907.51495030486,90081.46204298989,6.541135859724372,297.925624517955,167.3528816161425,1.801484330417229,10,NaN,23,NaN,1.553311775208578,0.1899439692266332,NaN,NaN,1.695239229209234,0,NaN,0,0,0,0,1
150.6,75,100,90,0,0,9.850149404707356,90.75324166344204,0,0.9,-4000,0.0004301195332138569,10.98787960749936,20.15419239274952,81221.08978636281,89303.0325848691,6.525494378422609,298.0915889463217,232.1085701744601,1.786593514009882,10,NaN,23,NaN,1.53593340587113,0.1901038996841785,NaN,NaN,1.680894086825198,0,NaN,0,0,0,0,1
150.8,75,100,90,0,0,64.74422216618053,9.075324166344204,0,0.9,-4000,0.0004357633710507491,10.98063598465701,20.17928896732393,80534.72853055751,88524.61726439877,6.510516478488,298.0048373038208,198.5417083333216,1.771677148948401,10,NaN,23,NaN,1.512482697208146,0.1903096759850061,NaN,NaN,1.666530015962669,0,NaN,0,0,0,0,1
151,75,100,90,0,0,37.004757777693,0.9075324166344205,0,0.9,-4000,0.0004705076441894897,10.93608954792644,20.20521854891643,79848.47865925515,87746.36029019715,6.49543439902311,297.9330720492888,171.0084393304045,1.756783801869976,10,NaN,23,NaN,1.502771453273942,0.1904117768481391,NaN,NaN,1.652193783214685,0,NaN,0,0,0,0,1
151.2,75,100,90,0,2.347780331610077,11.1014273333079,50.23201365431903,0,0.9,-4000,0.00045921455600735,10.94717157950445,20.2305773800218,79162.77835759229,86968.53808533459,6.485403264045499,298.0066247913117,198.9851514870907,1.741890384073506,10,NaN,23,NaN,1.486580679374797,0.1905627486087506,NaN,NaN,1.637863147196636,0,NaN,0,0,0,0,1
151.4,75,100,90,0,8.691114181849374,34.50556458851281,5.023201365431904,0,0.9,-4000,0.0005118026690613842,10.91727052886668,20.25700117766515,78478.42448622306,86192.15068646944,6.485196404008339,297.9435243478367,175.1888172946746,1.727024393665309,10,NaN,23,NaN,1.467035692468425,0.1907389542780283,NaN,NaN,1.623564548098528,0,NaN,0,0,0,0,1
151.6,75,100,90,0,15.10113144750732,10.35166937655384,83.1190135693862,0,0.9,-4000,0.0005171835699614756,10.94022913445951,20.28315454557007,77795.41530358355,85417.06202731069,6.496016550354307,298.098263751585,233.0384167965719,1.712174964288254,10,NaN,23,NaN,1.433286752461063,0.1910221610759508,NaN,NaN,1.609287506032549,0,NaN,0,0,0,0,1
151.8,75,100,90,0,17.17835927365082,62.09218003965299,8.31190135693862,0,0.9,-4000,0.0005094071557153511,10.95585273194028,20.30866499463471,77112.88904127238,84642.34699200543,6.511301785182853,298.0077617489377,199.4985908636217,1.697316230798599,10,NaN,23,NaN,1.409513312047404,0.1912301622552636,NaN,NaN,1.595007145507626,0,NaN,0,0,0,0,1
152,75,100,90,0,13.16213409857892,33.39333428266892,0.831190135693862,0,0.9,-4000,0.0005446067634914734,10.92220669047803,20.33523880645194,76429.67041154447,83866.96888939705,6.518531143785582,297.9355014534621,172.9550602524289,1.682470959954506,10,NaN,23,NaN,1.379076521345968,0.1914882863467488,NaN,NaN,1.58074534151485,0,NaN,0,0,0,0,1
152.2,75,100,90,0,6.294877039580538,10.01800028480067,45.34563157110577,0,0.9,-0,0.0005335080602599212,10.89262682013365,20.36194360540761,76443.98541587556,83890.2274303649,6.486149300768358,298.0044822435797,198.1845243380893,1.677907564179167,10,NaN,23,NaN,1.38721215363268,0.191435908057493,NaN,NaN,1.576362429744019,0,NaN,0,0,0,0,1
152.4,75,100,90,0,12.48450312486259,31.93962959627589,4.534563157110577,0,0.9,-0,0.0005448560395713887,10.91873587150277,20.38845033791608,76459.53544992345,83914.76177366839,6.466383129160777,297.9439462825178,176.0388117903644,1.677911580488678,10,NaN,23,NaN,1.364097391574534,0.1916099434669459,NaN,NaN,1.576366286973858,0,NaN,0,0,0,0,1
152.6,75,100,90,0,26.41246260576965,9.581888878882767,78.55635894070025,0,0.9,-0,0.0005357959573581824,10.99136306730569,20.41390063395901,76477.8537278265,83942.0481375206,6.468100856490809,298.0885402726168,228.9482859997778,1.678136949910759,10,NaN,23,NaN,1.331511501972456,0.191854730124669,NaN,NaN,1.5765827305274,0,NaN,0,0,0,0,1
152.8,75,100,90,0,39.62323411465941,57.81882076541869,7.855635894070025,0,0.9,-0,0.0005179111264788295,11.05231636342441,20.43824431921802,76498.80379510242,83971.93426936136,6.487711878712539,297.9902040472005,192.9552577036721,1.678354970790512,10,NaN,23,NaN,1.315035892279621,0.1919782341849679,NaN,NaN,1.576792117811957,0,NaN,0,0,0,0,1
153,75,100,90,0,44.99965520421257,26.12862829416649,0.7855635894070025,0,0.9,-0,0.0005276027428835643,11.05578181701277,20.46248936329177,76520.85943561158,84002.97081234663,6.510906668966811,297.9165930311656,166.0039586050567,1.678569881011351,10,NaN,23,NaN,1.315109136545015,0.1919772637053192,NaN,NaN,1.57699851880373,0,NaN,0,0,0,0,1
153.2,75,100,90,0,41.14366397656364,7.838588488249947,40.30927051739859,0,0.9,-0,0.0005223002482994398,11.05162353998479,20.48676531982529,76542.14670321892,84033.22814541555,6.52927220475944,297.9639885442413,183.3622196379017,1.678777258504624,10,NaN,23,NaN,1.308627103891598,0.1920256058390306,NaN,NaN,1.57719768643622,0,NaN,0,0,0,0,1
153.4,75,100,90,0,29.96876644420138,21.61436178833359,4.030927051739859,0,0.9,-0,0.000519881721696157,10.99870434002417,20.51165568406415,76561.19919655276,84061.26996244754,6.53268959450032,297.9062063780985,162.1938462831235,1.678976126057671,10,NaN,23,NaN,1.324945807307738,0.1919024841208719,NaN,NaN,1.577388682056751,0,NaN,0,0,0,0,1
153.6,75,100,90,0,17.46048932025951,6.484308536500077,69.55661428037732,0,0.9,-0,0.0005119612878246361,10.94858201160171,20.53720610564337,76577.73549611206,84086.81000390893,6.516291772121243,298.0324392953596,208.4508063942985,1.679166016036673,10,NaN,23,NaN,1.337642006767962,0.1918065989479539,NaN,NaN,1.577571056409515,0,NaN,0,0,0,0,1
153.8,75,100,90,0,11.52850097633641,46.9507704163136,6.955661428037732,0,0.9,-0,0.0005355393179548,10.8997456670826,20.56352891728764,76593.07565100587,84111.23790904459,6.491292375485643,297.9509117324372,178.5687700646416,1.679363450699067,10,NaN,23,NaN,1.348573478656768,0.1917239571208365,NaN,NaN,1.577760677809377,0,NaN,0,0,0,0,1
154,75,100,90,0,15.56107577143089,19.09348790464445,0.6955661428037733,0,0.9,-0,0.0005063369151504185,10.95183240709792,20.58875005346856,76609.2476175019,84136.41604950977,6.475036163194829,297.8896061113813,156.0934351673222,1.67954354225804,10,NaN,23,NaN,1.327802384786854,0.191879888467497,NaN,NaN,1.577933643305909,0,NaN,0,0,0,0,1
154.2,75,100,90,0,26.03993280057943,5.728046371393334,39.18206121457284,0,0.9,-0,0.0004640436910752859,11.01612177947518,20.61242277901371,76627.51659091776,84163.59034545886,6.475291806129183,297.9358240905845,173.0416521836121,1.679683422462701,10,NaN,23,NaN,1.32195449583046,0.1919236040298726,NaN,NaN,1.578067989145397,0,NaN,0,0,0,0,1
154.4,75,100,90,0,36.39035196075081,1.718413911418,0.0001,0,0.9,-0,0.000485342018361871,11.03184775014304,20.63579947331679,76647.85428531395,84192.8858696348,6.489535408043344,297.888453146265,155.6658560559694,1.67981331195647,10,NaN,23,NaN,1.316625283864032,0.1919634331669843,NaN,NaN,1.578192740002931,0,NaN,0,0,0,0,1
154.6,75,100,90,0,41.05028778652467,0.5155241734254,49.79356275504915,0,0.9,-0,0.0004657313435603785,11.07572923763039,20.65850153836056,76669.11688937219,84223.01207418922,6.509638261761635,297.9628465674236,182.961475089763,1.679925819263084,10,NaN,23,NaN,1.295234036907401,0.192124062781712,NaN,NaN,1.578300796687656,0,NaN,0,0,0,0,1
154.8,75,100,90,0,37.69462524779988,22.35352954048301,4.979356275504916,0,0.9,-0,0.0005004604756920476,11.0127724068781,20.68222960125519,76689.70406192486,84252.51532061158,6.524924369900405,297.9015173566407,160.4526494514015,1.680047730044895,10,NaN,23,NaN,1.318686597645238,0.1919474722090027,NaN,NaN,1.578417885223913,0,NaN,0,0,0,0,1
155,75,100,90,0,28.25906798484128,6.706058862144902,79.04717673688856,0,0.9,-0,0.0005644876787555923,10.91538620473282,20.70859193368565,76708.38599756866,84280.27809602974,6.524475964886399,298.0496297939595,214.8275216469891,1.680212444117332,10,NaN,23,NaN,1.332146493425387,0.1918459031376891,NaN,NaN,1.578576084545038,0,NaN,0,0,0,0,1
155.2,75,100,90,0,19.03906834477167,54.57171969202408,7.904717673688856,0,0.9,-0,0.0006183359020002966,10.82952151040772,20.73647050815536,76725.20979187879,84306.28114119622,6.508789067257495,297.9686913212063,185.1058539377181,1.680421727518806,10,NaN,23,NaN,1.351501024366712,0.1916998617597149,NaN,NaN,1.57877709139095,0,NaN,0,0,0,0,1
155.4,75,100,90,0,16.09345956995172,27.39822058576296,0.7904717673688857,0,0.9,-0,0.0006449473167985135,10.78800322236795,20.76502731434471,76741.46961369297,84331.75799613781,6.490155127368332,297.9075170556048,162.6364036671934,1.680658985103262,10,NaN,23,NaN,1.362544620859375,0.1916162778889544,NaN,NaN,1.579004967470377,0,NaN,0,0,0,0,1
155.6,75,100,90,0,20.56232987304306,8.219466175728886,44.01247095695682,0,0.9,-0,0.0007437872475106664,10.69339563783646,20.79575635795618,76758.61950117649,84358.369143173,6.476985028510497,297.9802422717268,189.3551516343134,1.680957171822852,10,NaN,23,NaN,1.398551972580836,0.1913445615704789,NaN,NaN,1.579291365492395,0,NaN,0,0,0,0,1
155.8,75,100,90,0,30.27188778545261,30.30036231501765,4.401247095695682,0,0.9,-0,0.0007384137098401996,10.73247516881119,20.82571269100249,76777.70620775953,84386.85826289134,6.478937019549394,297.925998283735,169.4209923465874,1.681272792518516,10,NaN,23,NaN,1.39384737782639,0.1913793833315596,NaN,NaN,1.579594510711515,0,NaN,0,0,0,0,1
156,75,100,90,0,39.16853311874225,9.090108694505297,79.55520599606712,0,0.9,-0,0.0007490831930978977,10.73640537484551,20.85552073268824,76798.55179085174,84417.10154265743,6.491964299873766,298.0790747880122,225.6914443587187,1.681586785857983,10,2282.01181248386,23,2032.310399438674,1.40729278055715,0.1912774904031144,20.73647050815536,24.40052929898199,1.579896095415714,0,78.35937916122191,0,0,0,0,1
156.2,75,100,90,0,42.86633006109633,59.53326822015317,7.955520599606712,0,0.9,-0,0.0007483635879942951,10.74946942486731,20.88545087221393,76820.12257203143,84448.04518052665,6.50878390052979,297.9925771613993,193.8855061305815,1.681896390494551,10,NaN,23,NaN,1.39850091789379,0.1913431182702822,NaN,NaN,1.580193467311443,0,NaN,0,0,0,0,1
156.4,75,100,90,0,39.85928885606673,31.50881780705408,0.7955520599606712,0,0.9,-0,0.0007433593658353009,10.74540743874551,20.91542102405648,76841.11926471672,84478.37999056789,6.522705554731965,297.9233936018975,168.4383291916156,1.68219898128957,10,NaN,23,NaN,1.389856281990876,0.1914076395004021,NaN,NaN,1.58048410484706,0,NaN,0,0,0,0,1
156.6,75,100,90,0,31.30522665959668,9.452645342116224,45.96075862484117,0,0.9,-0,0.0007648127485066449,10.69501268735807,20.94691601872684,76860.40241349836,84507.03851857439,6.524908643805348,297.9964132226107,195.3043688411392,1.682505168020131,10,NaN,23,NaN,1.389582593556338,0.1914091046077465,NaN,NaN,1.58077819864116,0,NaN,0,0,0,0,1
156.8,75,100,90,0,21.8990922987439,32.29055125558324,4.596075862484117,0,0.9,-0,0.0007701313621935893,10.64969270580298,20.97891029397603,76877.79906358161,84533.792298131,6.513860750775136,297.9435356565913,175.8439663184117,1.682814791286841,10,NaN,23,NaN,1.398520281944305,0.1913411850537782,NaN,NaN,1.581075595672141,0,NaN,0,0,0,0,1
157,75,100,90,0,16.91807896286322,9.687165376674971,77.70159492143995,0,0.9,-0,0.0007602235360667536,10.63823556568369,21.01110904200084,76894.17886558946,84559.47808806249,6.495429802959713,298.0975544704003,232.5413904506808,1.683113468033333,10,NaN,23,NaN,1.397813778460684,0.1913459254146118,NaN,NaN,1.581362480746551,0,NaN,0,0,0,0,1
157.2,75,100,90,0,19.29125803011609,61.10282500811415,7.770159492143995,0,0.9,-0,0.0007514026009099597,10.64844623190617,21.04286582110606,76911.01807030123,84585.57432720631,6.482188066022156,298.0168430667782,202.822555375343,1.6834017430568,10,NaN,23,NaN,1.39403074087589,0.191373858246219,NaN,NaN,1.581639376909459,0,NaN,0,0,0,0,1
157.4,75,100,90,0,26.92048548539933,35.76054229493273,0.7770159492143995,0,0.9,-0,0.0007693761076744178,10.66679265098479,21.07461858542602,76929.40913326546,84613.24634934422,6.480162131281698,297.9508864492657,178.5302837677341,1.683695609494307,10,NaN,23,NaN,1.378727854913989,0.1914885264572623,NaN,NaN,1.581921645959076,0,NaN,0,0,0,0,1
157.6,75,100,90,0,35.3399044804685,14.24245978445533,0.07770159492143996,0,0.9,-0,0.0008471299571142435,10.62806704447988,21.10784275670613,76949.50252687796,84642.80604218223,6.489020482572296,297.9094774734356,163.2747834281492,1.684031611904954,10,NaN,23,NaN,1.38328343108917,0.1914535693422542,NaN,NaN,1.582244390787843,0,NaN,0,0,0,0,1
157.8,75,100,90,0,40.21617306814751,4.2727379353366,28.28050346823836,0,0.9,-0,0.0008488004633360684,10.63289205314004,21.14061614236385,76970.56992920057,84673.31512229712,6.503685805336861,297.947422352314,177.2582695586762,1.684384927028902,10,NaN,23,NaN,1.391162550444153,0.1913935461290251,NaN,NaN,1.582583768326755,0,NaN,0,0,0,0,1
158,75,100,90,0,39.2420953988652,1.28182138060098,0.0001,0,0.9,-0,0.0008695845270378282,10.60957663719495,21.17397261933068,76991.43854942072,84703.65485834739,6.517322175604083,297.9205538237692,167.3536427412251,1.684745431815313,10,NaN,23,NaN,1.393120806838887,0.1913780959805628,NaN,NaN,1.582930055186965,0,NaN,0,0,0,0,1
158.2,75,100,90,0,32.83542689560198,0.3845464141802941,34.71783490984379,0,0.9,-0,0.0008613455882281251,10.59859627444556,21.20717662444242,77011.01768628323,84732.63397381948,6.522713647038033,297.9805223097883,189.4665562600855,1.685098945148236,10,NaN,23,NaN,1.390293199532008,0.1913987033312715,NaN,NaN,1.583269629543422,0,NaN,0,0,0,0,1
158.4,75,100,90,0,24.2959204389404,18.29595644620129,3.47178349098438,0,0.9,-0,0.0008786226543223084,10.53194853333804,21.24174770059587,77028.88229836189,84759.93686354261,6.515362012860122,297.9471742396277,177.1663282955979,1.685453826395136,10,NaN,23,NaN,1.409946286649766,0.1912499764682344,NaN,NaN,1.583610521078515,0,NaN,0,0,0,0,1
158.6,75,100,90,0,18.71248136358362,5.488786933860387,53.85765107360528,0,0.9,-0,0.0008947448339716177,10.48462147619987,21.27712723122095,77045.61480236815,84786.13425913182,6.499275259589659,298.0537682667562,216.4930797888996,1.685816739654617,10,NaN,23,NaN,1.425424755649674,0.1911326410921373,NaN,NaN,1.58395913131486,0,NaN,0,0,0,0,1
158.8,75,100,90,0,19.55161684907782,40.53287080541489,5.385765107360529,0,0.9,-0,0.0008574559888117186,10.51857307412635,21.31143779568337,77062.50346700447,84812.36685164581,6.486681918175867,298.0011372839959,197.0705221155876,1.686160881149711,10,NaN,23,NaN,1.41524857635994,0.1912086525929997,NaN,NaN,1.584289712712318,0,NaN,0,0,0,0,1
159,75,100,90,0,25.38867812810285,23.59203655301651,0.5385765107360528,0,0.9,-0,0.0008909823024553776,10.49665134738412,21.34650134514321,77080.57654306064,84839.86536263606,6.482233247248794,297.9556559478131,180.2820160323175,1.686509618719143,10,NaN,23,NaN,1.424599426657826,0.1911375136971051,NaN,NaN,1.584624712163561,0,NaN,0,0,0,0,1
159.2,75,100,90,0,32.989672176702,8.33835609048743,0.05385765107360529,0,0.9,-0,0.0008806995566966532,10.54627447597704,21.38083798322984,77100.18280171158,84868.835583387,6.48978320586693,297.9227003036874,168.1137423299536,1.686853380089312,10,NaN,23,NaN,1.40294944848872,0.1912999628947434,NaN,NaN,1.584954934478798,0,NaN,0,0,0,0,1
159.4,75,100,90,0,37.55739021869596,2.501506827146229,22.31465454499324,0,0.9,-0,0.0008695139276518964,10.56262572477945,21.4144938170043,77120.70209187036,84898.65996423928,6.502592645968974,297.9486509327385,177.6983525535555,1.687184045427988,10,NaN,23,NaN,1.403954585069369,0.1912917479864013,NaN,NaN,1.585272579390265,0,NaN,0,0,0,0,1
159.6,75,100,90,0,37.02247673514959,0.7504520481438687,0.0001,0,0.9,-0,0.000880694087215612,10.55036341016723,21.44869411673889,77141.1126027507,84928.39494854312,6.514000439084604,297.9224610236736,168.0224888250063,1.687512811995588,10,NaN,23,NaN,1.399131649800243,0.1913274370529961,NaN,NaN,1.585588403058482,0,NaN,0,0,0,0,1
159.8,75,100,90,0,31.94587374821544,0.2251356144431606,30.6028772956671,0,0.9,-0,0.000919437402624106,10.48713094829537,21.48436893045596,77160.50090738687,84957.2048983198,6.518869328871364,297.9752310643495,187.5240958891656,1.687858175162372,10,NaN,23,NaN,1.414279748440806,0.1912126510664993,NaN,NaN,1.58592017291512,0,NaN,0,0,0,0,1
160,75,100,90,0,24.93867717913912,15.71951235337994,3.06028772956671,0,0.9,-0,0.0009355843898070195,10.43851876280142,21.52101004870084,77178.48164732644,84984.62552628313,6.511996192348125,297.9463149684695,176.8349581502118,1.688213521936303,10,NaN,23,NaN,1.427622707168699,0.1911114176821903,NaN,NaN,1.586261536600513,0,NaN,0,0,0,0,1
160.2,75,100,80,0,20.69832457500303,4.715853706013982,48.32385759247333,400,0.9,-0,0.0007206544688195501,12.23269154027039,21.5305905090667,77273.60729520243,85088.58790806358,6.499965227369102,297.9850541634017,191.1659709176986,1.688463887786989,10,NaN,23,NaN,0.9768489219952594,0.1944935285219933,NaN,NaN,1.586502052350353,0,NaN,0,0,0,0,1
160.4,75,100,80,0,21.24970115561915,16.28455799432624,4.832385759247334,400,0.9,-0,0.0006922386666436451,12.26388428100864,21.53920921828556,77368.84227853754,85192.56263226151,6.490477231517858,297.9057509292658,161.7930381064919,1.688646670983235,10,NaN,23,NaN,0.9401216386209311,0.1947674946771912,NaN,NaN,1.586677645346887,0,NaN,0,0,0,0,1
160.6,75,100,80,0,25.57143008693496,4.885367398297872,68.61014111496894,400,0.9,-0,0.0007141798481821457,12.28015427218751,21.54800812138146,77464.93119691875,85297.42647205116,6.486720597596292,297.9938767330368,194.4737193756606,1.688828282700815,10,NaN,23,NaN,0.9315642065277858,0.1948310255324383,NaN,NaN,1.586852113790414,0,NaN,0,0,0,0,1
160.8,75,100,80,0,31.38515122095708,32.34920380277761,6.861014111496894,400,0.9,-0,0.0007330599039073289,12.3069535339187,21.55711800252951,77562.17449578465,85403.46329756446,6.491342443563753,297.9039575558067,161.0867278772867,1.689018994501928,10,NaN,23,NaN,0.9199854266772394,0.1949170792707991,NaN,NaN,1.587035325291209,0,NaN,0,0,0,0,1
161,75,100,80,0,35.3409929121335,9.704761140833282,100.5648967532206,400,0.9,-0,0.0007600119796457526,12.31926148197564,21.56671477252921,77660.18661646616,85510.33031808863,6.499001401314158,298.0643131773223,220.7010463069066,1.689224132560489,10,NaN,23,NaN,0.9110548139864799,0.194983323479176,NaN,NaN,1.587232396728826,0,NaN,0,0,0,0,1
161.2,75,100,80,0,36.25010091214497,62.10025273570426,10.05648967532206,400,0.9,-0,0.0008096160111977045,12.28908317185697,21.57761069517454,77758.36303947507,85617.4809181044,6.507302045379944,297.9498950388919,178.1112654611074,1.689455931325311,10,NaN,23,NaN,0.9226120790873273,0.1948966076492269,NaN,NaN,1.587455081786664,0,NaN,0,0,0,0,1
161.4,75,100,80,0,33.84656531243272,18.63007582071128,146.535591865365,400,0.9,-0,0.0007798179936539059,12.32602098888747,21.58777720597284,77856.02180787137,85724.00956495889,6.512899992189335,298.2101451843588,275.1050231833407,1.689680151729338,10,NaN,23,NaN,0.912614353849432,0.1949707807520536,NaN,NaN,1.58767048774683,0,NaN,0,0,0,0,1
161.6,75,100,80,0,29.21476923217439,107.3955760034655,14.6535591865365,400,0.9,-0,0.0007893829121084194,12.29554532255163,21.59855135222353,77952.72502049201,85829.59374411136,6.510110590425032,298.0575381750252,218.1587734304388,1.689898232455201,10,NaN,23,NaN,0.934512856442587,0.1948068916195828,NaN,NaN,1.587879996617399,0,NaN,0,0,0,0,1
161.8,75,100,80,0,25.71759572973836,60.6747261058191,1.46535591865365,400,0.9,-0,0.0007902468711890148,12.29467650991701,21.60917837916509,78048.77502327411,85934.47208014478,6.502843752539688,297.9231600803063,167.9528708803122,1.690109278522469,10,NaN,23,NaN,0.949504278801234,0.194694534333164,NaN,NaN,1.588082748486317,0,NaN,0,0,0,0,1
162,75,100,80,0,25.11500385648139,18.20241783174573,78.20438612682801,400,0.9,-0,0.01521253990044672,13.19476407206373,21.62061289832197,78144.70259446233,86039.30642534682,6.497968854070122,298.0202383790825,204.2670698200492,1.690199420009435,10,NaN,23,NaN,0.9061003162246239,0.1950183603239508,NaN,NaN,1.588169347721088,0,NaN,0,0,0,0,1
162.2,75,100,80,0,26.44019801417951,49.82076963140564,7.820438612682802,400,0.9,-0,0.1067853131446665,13.3761826415244,21.58292431413506,78240.88809645621,86144.57204809799,6.524087870602833,297.9151502923464,164.9097804190056,1.689883794064449,10,NaN,23,NaN,0.6842986445742996,0.196670561303613,NaN,NaN,1.587866125702883,0,NaN,0,0,0,0,1
162.4,75,100,80,0,17.22377972371636,14.94623088942169,122.5867118770042,400,0.9,-0,0.2089006761420507,13.33631617743123,21.5458443312499,78335.20214156814,86247.96433014685,6.538153687420308,298.1211554974374,242.1517160801205,1.689494670866431,10,NaN,23,NaN,0.6920631733231503,0.1966136403842542,NaN,NaN,1.587492298326201,0,NaN,0,0,0,0,1
162.6,75,100,80,0,2.519749729336649,83.62432325932721,12.25867118770042,400,0.9,-0,0.3157507942945989,13.29270126781057,21.509642505477,78426.55084451569,86348.3491358907,6.526979154278835,297.9999848047313,196.6673102389753,1.689100106723408,10,NaN,23,NaN,0.701826683407958,0.196541863081996,NaN,NaN,1.587113247817746,0,NaN,0,0,0,0,1
162.8,75,100,80,0,0,44.81872639145087,1.225867118770042,400,0.9,-0,0.4215238592884407,13.28669929025379,21.47372738449085,78517.43253924257,86448.08590076708,6.512344730212932,297.8854738113765,153.6352005933887,1.688703814821128,10,NaN,23,NaN,0.7119380632203282,0.1964674890132201,NaN,NaN,1.586732541474383,0,NaN,0,0,0,0,1
163,75,100,80,0,0,13.44561791743526,71.78458894605802,400,0.9,-0,0.5299310572526988,13.28474457531719,21.43788788972799,78608.3113147477,86547.85208640498,6.498693895184992,297.971663617487,186.0601822751781,1.68830599587706,10,NaN,23,NaN,0.726633160973818,0.1963590170330472,NaN,NaN,1.586350372168882,0,NaN,0,0,0,0,1
163.2,75,100,80,0,1.040386507883882,39.74520140231756,7.178458894605803,400,0.9,-0,0.6370702857615531,13.30273208631622,21.40206355815574,78699.39164722021,86647.70547839659,6.487566641273084,297.8770340907193,150.4208874318345,1.687906657982761,10,NaN,23,NaN,0.7219331758350251,0.1963947653268659,NaN,NaN,1.585966747720723,0,NaN,0,0,0,0,1
163.4,75,100,80,0,6.526544719392056,11.92356042069527,114.2746928163435,400,0.9,-0,0.7443032257962149,13.33527954349524,21.36598946217832,78791.54261529275,86748.59470818221,6.486097587443092,298.0657190582866,221.5620225751448,1.687505797041031,10,NaN,23,NaN,0.7151256032764735,0.196446184244358,NaN,NaN,1.585581664240277,0,NaN,0,0,0,0,1
163.6,75,100,80,0,12.57672102619972,73.11837408411627,11.42746928163436,400,0.9,-0,0.8509999013571893,13.3837603997493,21.32966378838585,78884.8816914358,86850.62994092749,6.494970493296188,297.9480685064202,177.1537181778868,1.687103404899467,10,NaN,23,NaN,0.6907300048336985,0.196628330552768,NaN,NaN,1.585195113942726,0,NaN,0,0,0,0,1
163.8,75,100,80,0,15.07471960427029,21.93551222523488,165.971080251781,400,0.9,-0,0.9594698927584808,13.40632833747079,21.29325490953144,78978.67607126858,86953.17849501569,6.507733643514894,298.2489623921273,290.8572410000101,1.686699473377034,10,NaN,23,NaN,0.683320159675292,0.1966842024476687,NaN,NaN,1.584807089016257,0,NaN,0,0,0,0,1
164,75,100,80,0,12.48779236432532,124.6788509239292,16.5971080251781,400,0.9,-0,1.066350076345805,13.4121308034092,21.25705046971048,79071.91698326489,87055.09739993526,6.515690681136826,298.0919084713808,231.441817330062,1.686293996491918,10,NaN,23,NaN,0.6777936386509823,0.1967260774570789,NaN,NaN,1.584417583762155,0,NaN,0,0,0,0,1
164.2,75,100,80,0,6.746262906894735,77.57463382836454,1.65971080251781,400,0.9,-0,1.172139372867125,13.40088567043684,21.22135359621325,79164.0601647576,87155.86096059674,6.513743190289571,297.9443915096663,175.571986200939,1.685886971900827,10,NaN,23,NaN,0.6814410677831035,0.1966997907191486,NaN,NaN,1.584026595977283,0,NaN,0,0,0,0,1
164.4,75,100,80,0,1.800837081435675,23.27239014850936,93.68794022282066,400,0.9,-0,1.277373230613356,13.39743592314336,21.18600773171644,79255.20955430425,87255.60781887805,6.503667081907373,298.0722104500634,224.034877292704,1.685478401042869,10,NaN,23,NaN,0.6806189463533102,0.1967067168886153,NaN,NaN,1.583634127092088,0,NaN,0,0,0,0,1
164.6,75,100,80,0,0.8808219832690555,66.39098341083714,9.368794022282065,400,0.9,-0,1.38501790264899,13.39660070476445,21.15077616725093,79346.16358374023,87355.25682750916,6.492494325851455,297.9610234181619,181.8318614886062,1.685068285812185,10,NaN,23,NaN,0.6896044448705843,0.1966407657370953,NaN,NaN,1.583240178974238,0,NaN,0,0,0,0,1
164.8,75,100,80,0,4.407494735727465,29.7807072292304,0.9368794022282065,400,0.9,-0,1.492069269822101,13.40814078378244,21.11550134308986,79437.85546513079,87455.61105877989,6.48719100240601,297.8633017275121,144.6987545144308,1.684656656396668,10,NaN,23,NaN,0.7000908288605789,0.1965636495126558,NaN,NaN,1.582844780669444,0,NaN,0,0,0,0,1
165,75,100,80,0,10.03273585484568,8.93421216876912,58.64011094640522,400,0.9,-0,1.599719867467524,13.43970855015899,21.08002699711184,79530.67119660182,87557.12017689405,6.490633181281035,297.9221821026803,167.0971233425302,1.68424344894923,10,NaN,23,NaN,0.6951329282481531,0.196601327076141,NaN,NaN,1.582447870896753,0,NaN,0,0,0,0,1
165.2,75,100,80,0,14.27120236069637,2.680263650630736,0.0001,400,0.9,-0,1.709685028596723,13.46421866671139,21.04443584751445,79624.32948405693,87659.57677248966,6.499937675289725,297.8466851595042,138.3456264554576,1.683828675121767,10,NaN,23,NaN,0.6917673971117075,0.1966271701896742,NaN,NaN,1.582049460898055,0,NaN,0,0,0,0,1
165.4,75,100,80,0,14.79662847685809,0.8040790951892208,70.71240849469015,400,0.9,-0,1.817984739325472,13.468715790713,21.00891933678123,79718.08061401083,87762.05383201737,6.510529434892547,297.9410833844477,174.3356121826028,1.683412332124565,10,NaN,23,NaN,0.699316477960615,0.1965718932384605,NaN,NaN,1.581649548043308,0,NaN,0,0,0,0,1
165.6,75,100,80,0,11.09988792916989,0.2412237285567662,0.0001,400,0.9,-0,1.925744533100336,13.46338664273348,20.97369460516944,79811.07995312307,87863.7575366915,6.515169146956433,297.867677365678,146.3177844892481,1.68299441584288,10,NaN,23,NaN,0.7046236228032727,0.1965332777427215,NaN,NaN,1.581248128430058,0,NaN,0,0,0,0,1
165.8,75,100,80,0,5.570904521756168,0.07236711856702988,72.32711245972884,400,0.9,-0,2.03449356392069,13.46771443726795,20.93884153490734,79902.96016937691,87964.38517157223,6.511107986261418,297.9660179027974,183.8941197348438,1.682574925633692,10,NaN,23,NaN,0.6934120558984173,0.1966174540406376,NaN,NaN,1.580845201490835,0,NaN,0,0,0,0,1
166,75,100,80,0,1.675877702872936,29.58829877845386,7.232711245972884,400,0.9,-0,2.142066428709068,13.4581483087777,20.90426285126163,79994.05019959257,88064.17712967627,6.500987222532807,297.8830380694844,152.152557875297,1.68215386371974,10,NaN,23,NaN,0.7018878252673993,0.196555295414392,NaN,NaN,1.580440769410952,0,NaN,0,0,0,0,1
166.2,75,100,80,0,1.821189080556056,8.876489633536158,102.4597691553155,400,0.9,-0,2.248927480552044,13.4659706005509,20.86972048161402,80085.14567284785,88163.94412382197,6.491526825214157,298.0437422619859,213.6920493356509,1.681731230775685,10,NaN,23,NaN,0.7060330322692863,0.1965253250657388,NaN,NaN,1.580034832888895,0,NaN,0,0,0,0,1
166.4,75,100,80,0,5.729102654166905,60.55571240206664,10.24597691553156,400,0.9,-0,2.35428261715439,13.50359678966725,20.83503249068334,80177.00362298048,88264.41390708121,6.48858077885274,297.9390036589627,173.5401431163025,1.681307024184591,10,NaN,23,NaN,0.68738472219222,0.1966647852374868,NaN,NaN,1.579627389461806,0,NaN,0,0,0,0,1
166.6,75,100,80,0,10.79618087371654,18.16671372061999,144.352609641874,400,0.9,-0,2.461141072309612,13.53536048273589,20.80012326433982,80269.83792524794,88365.93314904254,6.49354162128299,298.1882765110207,269.20465525657,1.680881238149629,10,NaN,23,NaN,0.6780172311070681,0.1967352470342285,NaN,NaN,1.579218433612943,0,NaN,0,0,0,0,1
166.8,75,100,80,0,13.87383344899281,102.6640244144145,14.4352609641874,400,0.9,-0,2.568852761650688,13.56934815144316,20.76511760787966,80363.25589960649,88468.08371440326,6.503223092745972,298.0590292451681,219.547997942598,1.680453864259249,10,NaN,23,NaN,0.6592871994712377,0.1968752492914628,NaN,NaN,1.578807957314677,0,NaN,0,0,0,0,1
167,75,100,80,0,13.08871581998223,63.26454046809029,1.44352609641874,400,0.9,-0,2.678113967901635,13.58575205065998,20.73034045696308,80456.55852464937,88570.19303100594,6.51231358901491,297.933396139886,171.2263943857718,1.680024896546169,10,NaN,23,NaN,0.6473598365908603,0.1969646924359817,NaN,NaN,1.578395954887523,0,NaN,0,0,0,0,1
167.2,75,100,80,0,8.684444094937849,18.97936214042709,81.96342761235253,400,0.9,-0,2.788151925699611,13.57290913891146,20.69589377833158,80548.97602733097,88671.45793365575,6.513930870871993,298.0370704056055,211.1459699858988,1.679594330881783,10,NaN,23,NaN,0.6583393216333627,0.1968840110449793,NaN,NaN,1.577982422418375,0,NaN,0,0,0,0,1
167.4,75,100,80,0,3.655880649709851,53.19158734900121,8.196342761235254,400,0.9,-0,2.898288839947265,13.56774572199772,20.6617855720195,80640.3786304641,88771.7176652084,6.507101033291518,297.9382750707172,173.0636105587863,1.679162167720817,10,NaN,23,NaN,0.6602099509445076,0.1968709816466026,NaN,NaN,1.577567360396444,0,NaN,0,0,0,0,1
167.6,75,100,80,0,1.363044502309096,15.95747620470036,121.0937401019199,400,0.9,-0,3.007695423140146,13.56791421571453,20.62783287770016,80731.29483129441,88871.45795216589,6.496807125384898,298.1349360298182,248.9516404263782,1.678728408521598,10,NaN,23,NaN,0.6648909932354982,0.1968370776917883,NaN,NaN,1.577150770274981,0,NaN,0,0,0,0,1
167.8,75,100,80,0,3.172102886026263,82.23178725810186,12.10937401019199,400,0.9,-0,3.11921569815481,13.59631301536702,20.59383117289615,80822.54858425257,88971.63701066021,6.489816512613594,298.02003553233,204.5658248985791,1.678293053893023,10,NaN,23,NaN,0.649969231079963,0.1969487833084307,NaN,NaN,1.576732652691573,0,NaN,0,0,0,0,1
168,75,100,80,0,7.755486545177512,46.17625954958626,1.210937401019199,400,0.9,-0,3.230149764616801,13.64134053271492,20.55974741293743,80914.75504432163,89072.75789850671,6.490220895149939,297.9105340399033,162.2198450044988,1.677856098446903,10,2764.665923983348,23,2212.757262399691,0.6231862978532539,0.1971485161225153,20.69589377833158,23.54239382991438,1.576313002524433,0,75.0044132707181,0,0,0,0,1
168.2,75,100,80,0,12.16343214961455,13.85287786487588,68.19477492488843,400,0.9,-0,3.340871464692499,13.65994977450922,20.52554277627171,81007.841400126,89174.7598726259,6.497206855069082,297.9855755936184,191.2713153038963,1.677417536418532,10,NaN,23,NaN,0.6250989437715655,0.1971351977809828,NaN,NaN,1.575891814290603,0,NaN,0,0,0,0,1
168.4,75,100,80,0,13.77907019756344,37.20850158617644,6.819477492488843,400,0.9,-0,3.449782444389845,13.68965806673299,20.49135996068461,81101.24505323351,89277.01382482411,6.505644723978916,297.8977524414303,157.2342487385549,1.676977358967678,10,NaN,23,NaN,0.6075369130041661,0.1972664259280268,NaN,NaN,1.575469079553945,0,NaN,0,0,0,0,1
168.6,75,100,80,0,12.03585946771398,11.16255047585293,102.7653473853271,400,0.9,-0,3.55909707639443,13.68995524479575,20.45734072026338,81194.27775632545,89378.92018048788,6.511192673576844,298.0545683116982,218.0770119055365,1.676535560096676,10,NaN,23,NaN,0.6118832039941833,0.1972350579710055,NaN,NaN,1.575044792608791,0,NaN,0,0,0,0,1
168.8,75,100,80,0,8.087593942806492,62.08841591330876,10.27653473853271,400,0.9,-0,3.668471403777105,13.69102298490751,20.42359231994246,81286.50177081715,89480.02413750997,6.510473365869978,297.9520641572889,178.2632701536,1.676092138283013,10,NaN,23,NaN,0.6098666717174214,0.1972509127895244,NaN,NaN,1.574618952047632,0,NaN,0,0,0,0,1
169,75,100,80,0,4.438360362807167,27.59467530377203,1.027653473853271,400,0.9,-0,3.778166786592109,13.68792095885008,20.39016770555317,81378.02690998453,89580.44949631597,6.504269666731032,297.8566738017852,141.1726399571819,1.675647093837172,10,NaN,23,NaN,0.6131866782733093,0.197227166376862,NaN,NaN,1.574191558223516,0,NaN,0,0,0,0,1
169.2,75,100,80,0,3.26854001890813,8.278402591131607,59.25098299549115,400,0.9,-0,3.8883665824342,13.6891476306384,20.35688414134625,81469.31715273639,89680.6720384182,6.496607271756378,297.9146955481875,163.7574083280534,1.675200427374293,10,NaN,23,NaN,0.6201298208286283,0.1971765289899248,NaN,NaN,1.573762611782244,0,NaN,0,0,0,0,1
169.4,75,100,80,0,5.150912134629043,2.483520777339482,0.0001,400,0.9,-0,3.995026054505185,13.70782008371536,20.32358378904866,81560.9790047501,89781.11850217362,6.492021448046027,297.8399022056657,134.6131467853104,1.674752137443819,10,NaN,23,NaN,0.616625993512056,0.1972034350197445,NaN,NaN,1.573332111386079,0,NaN,0,0,0,0,1
169.6,75,100,80,0,8.852854754069218,0.7450562332018446,71.4465190012691,400,0.9,-0,4.102773521813195,13.73329322487897,20.29017196214086,81653.36917210346,89882.3473964584,6.49218422789334,297.9330744808128,170.9580894202045,1.674302219435021,10,NaN,23,NaN,0.6103822768911059,0.1972506771220146,NaN,NaN,1.572900052662834,0,NaN,0,0,0,0,1
169.8,75,100,80,0,12.48395504296102,0.2235168699605534,0.0001,400,0.9,-0,4.205735716301062,13.74840281486723,20.25666133276917,81746.47319576511,89984.0941340709,6.497315804452947,297.8603099430217,142.5430767888401,1.673850666825458,10,NaN,23,NaN,0.6148682371547637,0.1972182893929103,NaN,NaN,1.57246642940494,0,NaN,0,0,0,0,1
170,75,100,80,0,14.06132258617798,0.06705506098816601,73.28395838971809,400,0.9,-0,4.308276990773731,13.76535627505749,20.22315888703634,81839.87921021075,90086.1268241769,6.504587597532572,297.9578487308451,180.674047938305,1.67339747228514,10,NaN,23,NaN,0.6122591722818554,0.1972385625984988,NaN,NaN,1.572031234629859,0,NaN,0,0,0,0,1
170.2,75,100,80,0,12.73885313683886,29.02529375678787,7.32839583897181,150,0.9,-4000,4.413968685493786,12.87009420817202,20.20210781435682,81183.36048674441,89337.91854887018,6.540679278548289,297.8824438408935,151.2984857072063,1.66362533718991,10,NaN,23,NaN,0.8573998228020466,0.1954343993224389,NaN,NaN,1.562648496256021,0,NaN,0,0,0,0,1
170.4,75,100,80,0,0,8.707588127036361,99.54268951940369,150,0.9,-4000,4.521579215850951,12.82591026687476,20.18162960162384,80524.31729779225,88587.23392841539,6.55851042099204,298.0403688563133,212.3230956139019,1.649411623429305,10,NaN,23,NaN,0.8812809828223089,0.1952845015967778,NaN,NaN,1.549005503307368,0,NaN,0,0,0,0,1
170.6,75,100,80,0.5194116421942284,0,59.34889915500187,9.954268951940371,150,0.9,-4000,4.632036779331905,12.84548525967135,20.16105598526917,79865.40660164729,87836.76884098254,6.575852285086143,297.9410886800603,174.2735045574947,1.634937987803239,10,NaN,23,NaN,0.8501342242282396,0.1955456039062084,NaN,NaN,1.535118305138532,0,NaN,0,0,0,0,1
170.8,75,100,80,1.037951666059272,0,17.80466974650056,140.3964698737625,150,0.9,-4000,4.743846146422802,12.8524973372031,20.1403554805266,79206.61067296575,87086.44251251391,6.592578725465941,298.1889089022337,268.4689621970795,1.620461267963395,10,NaN,23,NaN,0.8296676884836999,0.1957270169888764,NaN,NaN,1.521233474361052,0,NaN,0,0,0,0,1
171,75,100,80,1.556525821246007,0,101.8380732204833,14.03964698737625,150,0.9,-4000,4.857431982294033,12.87035539494944,20.11953524201422,78547.93615372159,86336.27588719688,6.608525444241581,298.0572482783202,218.8412040501586,1.605997008558797,10,NaN,23,NaN,0.7970469958085971,0.1959989838009142,NaN,NaN,1.507365911936872,0,NaN,0,0,0,0,1
171.2,75,100,80,2.075150157255535,0,61.64059013777364,1.403964698737625,150,0.9,-4000,4.972030683248925,12.86877666102393,20.09870616965318,77889.45435246824,85586.31372049176,6.623568820242642,297.9340996641512,172.8109450467557,1.591546222112479,10,NaN,23,NaN,0.7860177327300563,0.1961099717120449,NaN,NaN,1.493516571372844,0,NaN,0,0,0,0,1
171.4,75,100,80,2.593833686224268,0,18.49217704133209,78.85008557985077,150,0.9,-4000,5.087425093539329,12.86922654954581,20.07779061455141,77231.1190843027,84836.49327681244,6.63770670397987,298.0404779536601,212.2368627354683,1.577109075983802,10,NaN,23,NaN,0.775113799824981,0.1962200054769692,NaN,NaN,1.479685595198446,0,NaN,0,0,0,0,1
171.6,75,100,80,3.112571665557387,0,53.645038933833,7.885008557985078,150,0.9,-4000,5.202696987643121,12.8691651697117,20.05677803851854,76572.92590182788,84086.77424374237,6.650713935053831,297.9398271404233,175.2512127376573,1.562685681882117,10,NaN,23,NaN,0.7646208188502571,0.1963269567007725,NaN,NaN,1.465873072447885,0,NaN,0,0,0,0,1
171.8,75,100,80,3.631394705867765,0,16.0935116801499,122.4694271974261,150,0.9,-4000,5.318700747729503,12.87495111259495,20.03563017042589,75914.8537596339,83337.17185978104,6.662565137698111,298.1580652229068,254.7574866904289,1.54827615454065,10,NaN,23,NaN,0.7483844152862645,0.196476680180476,NaN,NaN,1.452079094919293,0,NaN,0,0,0,0,1
172,75,100,80,4.150296327701453,0,89.88404900211955,12.24694271974261,150,0.9,-4000,5.436328404257383,12.88489254442876,20.01435300382378,75256.90850844457,82587.72505154928,6.67329526982631,298.0271584644526,207.4798298310124,1.533880599020218,10,NaN,23,NaN,0.7264208366615045,0.1966690340166088,NaN,NaN,1.438303745022794,0,NaN,0,0,0,0,1
172.2,75,100,80,4.669272152711623,0,49.01187757577483,1.224694271974261,150,0.9,-0,5.557303775680151,12.87753570121087,19.99308122419812,75299.00407147333,82638.56137571926,6.643036940762324,297.9111386884982,165.7506507932088,1.529063082124555,10,NaN,23,NaN,0.7321496948283878,0.1966359815632454,NaN,NaN,1.433694953811056,0,NaN,0,0,0,0,1
172.4,75,100,80,5.193559154812176,0,14.70356327273245,68.86338304888804,150,0.9,-0,5.681193643500632,12.88175270951597,19.97178242631094,75341.20547551825,82689.61921449521,6.614237125241928,298.000445360607,197.8888705058746,1.52842087495906,10,NaN,23,NaN,0.7321369406624768,0.1966373589949136,NaN,NaN,1.433080615557139,0,NaN,0,0,0,0,1
172.6,75,100,80,5.715643990856319,0,43.05221428863385,6.886338304888804,150,0.9,-0,5.802143530237289,12.89875586596302,19.95045141447637,75383.50910761884,82740.66232379993,6.586909709520183,297.9027416361304,162.7101851186815,1.527979333469202,10,NaN,23,NaN,0.7166467105939491,0.1967536189604179,NaN,NaN,1.43265824104516,0,NaN,0,0,0,0,1
172.8,75,100,80,6.23764531969594,0,12.91566428659015,114.1416724327804,150,0.9,-0,5.924798082711352,12.88979328719485,19.92905270262864,75425.89370393247,82791.86193818989,6.560795437055661,298.1056495896258,235.8069899577693,1.527546193515993,10,NaN,23,NaN,0.7309274887210402,0.1966481154434009,NaN,NaN,1.432243908160922,0,NaN,0,0,0,0,1
173,75,100,80,6.75959598617081,0,80.00449753097135,11.41416724327804,150,0.9,-0,6.0512865077882,12.89042508806301,19.9075971740776,75468.36575931964,82843.30399794027,6.535847150116829,297.974643241665,188.5873229654042,1.527112227171251,10,NaN,23,NaN,0.7353357562371202,0.1966161415792586,NaN,NaN,1.431828789530143,0,NaN,0,0,0,0,1
173.2,75,100,80,0,0,37.24735744426417,1.141416724327804,150,0.9,-0,6.179152957810047,12.86579496924242,19.88657328239818,75509.52614450039,82893.48031327651,6.523799893597561,297.8668645646572,149.7194130500716,1.526676988678967,10,NaN,23,NaN,0.7438339772796465,0.1965536929764489,NaN,NaN,1.431412458791083,0,NaN,0,0,0,0,1
173.4,75,100,80,0,0,11.17420723327925,63.45646062496306,150,0.9,-0,6.306985973016932,12.86663601041715,19.86556885782658,75550.68816861913,82943.66104741099,6.512273609764208,297.9450817451157,177.9412006305106,1.526240460685972,10,NaN,23,NaN,0.7461467856374074,0.1965373304313983,NaN,NaN,1.430994899386687,0,NaN,0,0,0,0,1
173.6,75,100,80,0,0,3.352262169983775,0.0001,150,0.9,-0,6.435966974972414,12.85394266670669,19.84457394884158,75591.84559264443,82993.87926749884,6.501230567553585,297.8719950199067,151.5569469869104,1.525802642090599,10,NaN,23,NaN,0.7632774238016523,0.1964105314988418,NaN,NaN,1.430576110305845,0,NaN,0,0,0,0,1
173.8,75,100,80,0,0.02711004875007859,1.005678650995132,70.43357086596201,150,0.9,-0,6.5668010531562,12.84601825243681,19.82357849343058,75632.99842170419,83044.17388090755,6.490676265331003,297.9786639988732,190.084204399039,1.525363531414572,10,NaN,23,NaN,0.7763874317329911,0.1963136715090007,NaN,NaN,1.430156090177386,0,NaN,0,0,0,0,1
174,75,100,80,0,4.275884292564932,33.55444007999558,7.043357086596202,150,0.9,-0,6.694479856767151,12.85522596856247,19.80237309173302,75674.99442627226,83095.18353309076,6.48673879494419,297.887760274782,157.2340387171955,1.524923127006672,10,NaN,23,NaN,0.7828564750198385,0.1962663132646488,NaN,NaN,1.429734837464907,0,NaN,0,0,0,0,1
174.2,75,100,80,0,10.07950745064527,10.06633202399867,109.9407470925877,150,0.9,-0,6.823319471536644,12.88193922059204,19.7808623886786,75718.12802354798,83147.38258634393,6.49103026325611,298.0818610463468,227.4141923918743,1.524481423421546,10,NaN,23,NaN,0.7742527935737535,0.1963313456677431,NaN,NaN,1.429312347003126,0,NaN,0,0,0,0,1
174.4,75,100,80,0,14.16072622690051,73.50388644888851,10.99407470925878,150,0.9,-0,6.953955912144102,12.90017868199043,19.75916184614068,75762.06215888845,83200.4581864779,6.500926193160323,297.9522194190935,180.5147132886912,1.52403841308379,10,NaN,23,NaN,0.7678885164340418,0.1963796766777137,NaN,NaN,1.428888611589775,0,NaN,0,0,0,0,1
174.6,75,100,80,0,14.29152301128361,30.39155849774771,1.099407470925878,150,0.9,-0,7.087162970550556,12.90660846804529,19.73757329596379,75806.06145430593,83253.70746044701,6.510583180142206,297.8496213882582,143.3781758576272,1.523594089744021,10,NaN,23,NaN,0.7623841589398087,0.1964215951158726,NaN,NaN,1.428463625291352,0,NaN,0,0,0,0,1
174.8,75,100,80,0,10.57824301279428,9.117467549324312,58.83628328332576,150,0.9,-0,7.222616602203476,12.8868728703764,19.71623104772551,75849.32059553207,83306.31003725957,6.515088514719598,297.9169322820359,167.7554141658378,1.523148450912686,10,NaN,23,NaN,0.7750258645982052,0.1963282392849862,NaN,NaN,1.428037385770907,0,NaN,0,0,0,0,1
175,75,100,80,0,5.078961985883236,2.735240264797294,0.0001,150,0.9,-0,7.35757778364603,12.87565734309665,19.69520716118164,75891.47702857977,83357.7948863254,6.511608680479044,297.8445172449451,141.5156713919663,1.52270149871839,10,NaN,23,NaN,0.7729843169993736,0.1963443518100826,NaN,NaN,1.427609895108772,0,NaN,0,0,0,0,1
175.2,75,100,80,0,0.9813207212224624,0.8205720794391881,72.38402584744345,150,0.9,-0,7.494442774274257,12.8637588166432,19.67440260530268,75932.80283852508,83408.52361679597,6.502087948798217,297.9559535133722,181.9158641942298,1.522253237872615,10,NaN,23,NaN,0.7758506130007302,0.1963238746355133,NaN,NaN,1.427181157855683,0,NaN,0,0,0,0,1
175.4,75,100,80,0,0.6862337322788882,33.97859415041097,7.238402584744346,150,0.9,-0,7.631568293285906,12.87455337186658,19.65362082158411,75974.06234478885,83459.20330969618,6.492515999995967,297.8642236941477,148.6429391559574,1.521803672234751,10,NaN,23,NaN,0.7648495618712222,0.1964067880776338,NaN,NaN,1.426751177747327,0,NaN,0,0,0,0,1
175.6,75,100,80,0,4.200763384584842,10.19357824512329,116.5118681949926,150,0.9,-0,7.768774349429399,12.86788901059579,19.63263892307043,76015.9989544862,83510.57606868591,6.488688629763814,298.0736046015617,224.630502923408,1.521352801870101,10,NaN,23,NaN,0.7861895226785668,0.1962485731550912,NaN,NaN,1.42631995489061,0,NaN,0,0,0,0,1
175.8,75,100,80,0,9.227235017253415,78.02635347766187,11.65118681949926,150,0.9,-0,7.90619598756728,12.90060954325574,19.61140412868526,76058.92285388851,83562.95284959931,6.492777936539318,297.9413840114963,176.6202453902119,1.520900622607381,10,NaN,23,NaN,0.768232377139383,0.1963833704946073,NaN,NaN,1.425887485340664,0,NaN,0,0,0,0,1
176,75,100,80,0,12.61039989055954,23.40790604329856,181.7609550514898,150,0.9,-0,8.041333669565269,12.91430732249463,19.58996753955635,76102.47774135081,83615.87031328591,6.50195047169045,298.2952372814336,305.1761251925452,1.520447128146982,10,NaN,23,NaN,0.7651935292278286,0.1964069294051552,NaN,NaN,1.425453763117426,0,NaN,0,0,0,0,1
176.2,75,100,80,0,12.33321108076538,144.280839028251,18.17609550514898,150,0.9,-0,8.17839954881404,12.91421862461393,19.56854205134186,76145.94382431649,83668.77838752833,6.510297426396797,298.100860646875,234.5202957545989,1.519992313672773,10,NaN,23,NaN,0.7659034103269762,0.1964025444223855,NaN,NaN,1.425018783660021,0,NaN,0,0,0,0,1
176.4,75,100,80,0,8.736214623093568,85.63839863479006,1.817609550514898,150,0.9,-0,8.316086346749881,12.90260334100695,19.54745081574069,76188.75354467868,83721.05849775637,6.513005862947599,297.9365231574047,174.7516042596898,1.519536178222158,10,NaN,23,NaN,0.7695271684388135,0.1963764382831477,NaN,NaN,1.424582546093339,0,NaN,0,0,0,0,1
176.6,75,100,80,0,4.071696027227519,25.69151959043702,99.04085535530601,150,0.9,-0,8.452684112244008,12.8953359771239,19.52663175676932,76230.62954846396,83772.36202535428,6.508283190198282,298.0835481986786,228.2520005765896,1.51907872428075,10,NaN,23,NaN,0.7656753319677801,0.196406066744473,NaN,NaN,1.424145052840173,0,NaN,0,0,0,0,1
176.8,75,100,80,0,1.302577311495206,75.2673084036102,9.904085535530601,150,0.9,-0,8.585186285053281,12.88999079033895,19.50596907418625,76271.94588849152,83822.93379180285,6.499377305229582,297.9484457536904,179.0646664929947,1.518619956445641,10,NaN,23,NaN,0.7647045768759092,0.1964142185825628,NaN,NaN,1.423706308342642,0,NaN,0,0,0,0,1
177,75,100,80,0,2.085753969561919,22.58019252108306,162.8651514804572,150,0.9,-0,8.715919063020003,12.8812256668077,19.48522828059278,76313.38247453477,83873.55545696776,6.491935399616927,298.2562300109385,291.178557100443,1.518159877932027,10,NaN,23,NaN,0.7804486173555358,0.196297748831719,NaN,NaN,1.423266315721224,0,NaN,0,0,0,0,1
177.2,75,100,80,0,5.827504741300832,127.8457453724779,16.28651514804572,150,0.9,-0,8.846154529551397,12.90484778485933,19.46427853451561,76355.53941253787,83924.87883805657,6.490281359611267,298.0793375501859,226.7100655084953,1.517698488416937,10,NaN,23,NaN,0.7683422051287943,0.196388937258587,NaN,NaN,1.422825074712736,0,NaN,0,0,0,0,1
177.4,75,100,80,0,10.21657205005194,74.11808989368745,1.628651514804572,150,0.9,-0,8.97697677558067,12.92465427969887,19.44323720512873,76398.63120544839,83977.17453461824,6.495480353223389,297.9306870062309,172.505676469197,1.517235784172496,10,NaN,23,NaN,0.7607526059546709,0.1964464398460446,NaN,NaN,1.422382581797986,0,NaN,0,0,0,0,1
177.6,75,100,80,0,12.52208513363051,22.23542696810624,88.35273664587072,150,0.9,-0,9.106319321867749,12.92888393844462,19.42212610859993,76442.18411734459,84029.8826635771,6.503836477312774,298.0573269943596,218.7088882483229,1.516771759840179,10,NaN,23,NaN,0.7652788607705593,0.1964136233824901,NaN,NaN,1.421938831898692,0,NaN,0,0,0,0,1
177.8,75,100,80,0,11.49672290106655,64.44186468583537,8.835273664587072,150,0.9,-0,9.238237054761901,12.93895379711259,19.40110707947536,76485.52609706431,84082.48592499008,6.511605454986721,297.9416450090872,176.4808423982135,1.516306412297442,10,NaN,23,NaN,0.752579503907885,0.1965092150388633,NaN,NaN,1.421493822075203,0,NaN,0,0,0,0,1
178,75,100,80,0,7.375798256693791,19.33255940575061,142.47745548233,150,0.9,-0,9.37282782455458,12.93286278057907,19.38028821624354,76528.01183663249,84134.34261846331,6.512651151568184,298.2061048220471,273.0694111614258,1.515839742330357,10,NaN,23,NaN,0.748257675402162,0.1965423569595753,NaN,NaN,1.421047553125863,0,NaN,0,0,0,0,1
178.2,75,100,80,0,2.856768473189722,109.2504976072277,14.247745548233,150,0.9,-0,9.507070350653532,12.91840604509375,19.35968611201864,76569.5671811816,84185.25081432456,6.506221173587186,298.0643341579317,221.2636220166843,1.515371754725966,10,NaN,23,NaN,0.7521207124431194,0.1965144995370652,NaN,NaN,1.420600029675108,0,NaN,0,0,0,0,1
178.4,75,100,80,0,0.9127355951538594,66.08510071699025,1.4247745548233,150,0.9,-0,9.639679034464063,12.91433815254648,19.33928009654558,76610.78080694929,84235.75403457959,6.496842725523232,297.9349957655464,173.9766255300696,1.51490245553095,10,NaN,23,NaN,0.7529769584815813,0.1965090540164335,NaN,NaN,1.42015125755181,0,NaN,0,0,0,0,1
178.6,75,100,80,0,2.705830765971745,19.82553021509707,82.44479929443638,150,0.9,-0,9.771857621723047,12.93012545198336,19.31880293046066,76652.35159019649,84286.60670592441,6.49067759797571,298.0513082746222,216.5230340820104,1.514431848106053,10,NaN,23,NaN,0.74326404300464,0.1965823816447368,NaN,NaN,1.419701240016276,0,NaN,0,0,0,0,1
178.8,75,100,80,0,6.945002160239107,58.48572499712282,8.244479929443639,150,0.9,-0,9.903636406259412,12.95505317689191,19.29813222198058,76694.76405831412,84338.29049482566,6.490914471110613,297.9480579016166,178.7350726171563,1.513959932028964,10,NaN,23,NaN,0.7295415298171082,0.196685572878068,NaN,NaN,1.41924997671131,0,NaN,0,0,0,0,1
179,75,100,80,0,11.07870836395943,17.54571749913685,128.9273838444578,150,0.9,-0,10.0335469611141,12.97106649397092,19.27724847330348,76737.97478630344,84390.69731373871,6.497041619229942,298.1809680260428,264.0214916938226,1.513486703930194,10,NaN,23,NaN,0.7261312261052446,0.1967119248378943,NaN,NaN,1.41879746446172,0,NaN,0,0,0,0,1
179.2,75,100,80,0,12.76272162018281,96.72625953436271,12.89273838444579,150,0.9,-0,10.16121111554031,12.97713973370525,19.2562924765642,76781.49951831267,84443.32836503898,6.506698984858843,298.0494565237341,215.839151774499,1.513012160347835,10,NaN,23,NaN,0.7261601705486997,0.1967126570357272,NaN,NaN,1.418343700004231,0,NaN,0,0,0,0,1
179.4,75,100,80,0,10.59105839136448,56.3942662812757,1.289273838444579,150,0.9,-0,10.28780830335824,12.97883818851069,19.23556379631138,76824.63339951218,84495.5269496009,6.512783995504374,297.9298504345258,171.9950695974085,1.512536300677994,10,NaN,23,NaN,0.7191960977636498,0.1967654855166449,NaN,NaN,1.417888682808681,0,NaN,0,0,0,0,1
179.6,75,100,80,0,6.008404924710102,16.91827988438271,73.42813056144384,150,0.9,-0,10.41653446081354,12.95289647745906,19.21510310329169,76866.85074134062,84546.89180964269,6.511316359319989,298.0271918648538,207.6962716465758,1.512059128325794,10,NaN,23,NaN,0.7364435417514288,0.1966379429707454,NaN,NaN,1.417432416178418,0,NaN,0,0,0,0,1
179.8,75,100,80,0,2.02614707746508,48.76751031132807,7.342813056144384,150,0.9,-0,10.54511907359411,12.941970495342,19.19486205538785,76908.26753191535,84597.4538060144,6.503680001692142,297.9319601036992,172.7508038072893,1.511580649394174,10,NaN,23,NaN,0.7397293345678293,0.1966144137989786,NaN,NaN,1.416974905996325,0,NaN,0,0,0,0,1
180,75,100,80,0,1.094497217837719,14.63025309339842,115.2803754998933,150,0.9,-0,10.67394568952779,12.94944592880932,19.17464978269905,76949.47392039253,84647.82065693165,6.494778209723398,298.1340728599242,246.9541825054703,1.511100871581634,10,3510.26602786966,23,2526.844185463187,0.7312482126485544,0.196678566912615,19.2562924765642,22.59128355512398,1.416516159670727,0,73.11743153303925,0,0,0,0,1
180.2,75,100,80,0,3.70797486172692,82.52189608840412,11.52803754998933,150,0.9,-0,10.80228968271852,12.97541248787914,19.15429950020708,76991.18342895865,84698.67624091946,6.490483394021053,298.0167753269075,203.8677584042343,1.510619799294007,10,NaN,23,NaN,0.7111742649289042,0.196829064823712,NaN,NaN,1.416056181461433,0,NaN,0,0,0,0,1
180.4,75,100,80,0,8.020218514509294,45.56613377312759,1.152803754998933,150,0.9,-0,10.93219712276463,12.99600568918434,19.13382781772795,77033.79330800375,84750.50849023736,6.492641983667387,297.912498041396,165.5441180309544,1.510137433043262,10,NaN,23,NaN,0.7018183590620459,0.1968997049028872,NaN,NaN,1.415594971905106,0,NaN,0,0,0,0,1
180.6,75,100,80,0,11.4626014632672,13.66984013193828,65.02532789323867,150,0.9,-0,11.06330166104376,13.01289294669743,19.11322820603724,77077.09219728677,84803.08943550762,6.499313894379327,297.9927284899807,195.0457347358208,1.509653770769954,10,NaN,23,NaN,0.6950509532933854,0.1969510631901045,NaN,NaN,1.415132529079928,0,NaN,0,0,0,0,1
180.8,75,100,80,0,12.24206733126953,38.85010108736479,6.502532789323867,150,0.9,-0,11.19081159014709,13.0122729335286,19.09263262398398,77120.5444836049,84855.67985499009,6.506766674590504,297.9053225581783,162.888457044573,1.509168811269416,10,NaN,23,NaN,0.6997752274347553,0.1969168556497294,NaN,NaN,1.414668851881568,0,NaN,0,0,0,0,1
181,75,100,80,0,10.05230249025341,11.65503032620944,104.0649811386282,150,0.9,-0,11.32023243496842,13.00722958812508,19.07215708965963,77163.5379852742,84907.89085666755,6.511064106129583,298.0815053160927,227.7418191931171,1.508682556501646,10,NaN,23,NaN,0.7015860858108061,0.1969043431474025,NaN,NaN,1.414203942231605,0,NaN,0,0,0,0,1
181.2,75,100,80,0,6.15641335964794,69.54322222689254,10.40649811386282,150,0.9,-0,11.44964250200673,12.98888472267946,19.05188489366309,77205.73580702035,84959.3055798602,6.5094450820341,297.9730926923554,187.8139405313474,1.508195012383964,10,NaN,23,NaN,0.7125597748659607,0.1968235911762925,NaN,NaN,1.413737805835181,0,NaN,0,0,0,0,1
181.4,75,100,80,0,2.917442725966222,33.87594570662014,1.040649811386283,150,0.9,-0,11.58035103837149,12.98315663416419,19.03185579429581,77247.32134790055,85010.16138864834,6.502941305995805,297.8732050528617,151.0068460812126,1.507706187517986,10,NaN,23,NaN,0.7118591379082625,0.1968297865659178,NaN,NaN,1.413270450963656,0,NaN,0,0,0,0,1
181.6,75,100,80,0,2.277071835944463,10.16278371198604,62.09807104803798,150,0.9,-0,11.70866336272907,12.99329297996977,19.01188219411857,77288.77971558005,85060.79183026693,6.495670320876544,297.9479288667202,178.5554775477162,1.507216090199653,10,NaN,23,NaN,0.7006861361584378,0.19691397661395,NaN,NaN,1.412801885595838,0,NaN,0,0,0,0,1
181.8,75,100,80,0,4.531980233195648,3.048835113595813,0.0001,150,0.9,-0,11.83884649666565,13.01126117216698,18.991815677902,77330.68477131765,85111.95663461919,6.491880746620137,297.87632079589,152.1420330289777,1.506724726431723,10,NaN,23,NaN,0.6885528759209708,0.1970053016581018,NaN,NaN,1.412332115517857,0,NaN,0,0,0,0,1
182,75,100,80,0,8.288844236320081,0.9146505340787437,67.94805064932494,150,0.9,-0,11.96882378164919,13.02145151301423,18.97158314724902,77373.33234335716,85163.86561133407,6.493612604962009,297.9741075095789,188.2304588897392,1.506232099068646,10,NaN,23,NaN,0.6903251613833934,0.1969930920260609,NaN,NaN,1.411861143505775,0,NaN,0,0,0,0,1
182.2,75,100,80,0,11.3459951185346,30.55015713384678,6.794805064932494,150,0.9,-0,12.10192247350886,13.04195717789874,18.95122942365555,77416.58362714027,85216.51697359045,6.499691925890469,297.8970306401698,159.7700721247212,1.505738209106171,10,NaN,23,NaN,0.6785745945474394,0.1970815570853766,NaN,NaN,1.411388970558666,0,NaN,0,0,0,0,1
182.4,75,100,80,0,11.9748265363958,9.165047140154034,98.71376834484666,150,0.9,-0,12.23689887528241,13.03226895643967,18.93085763509121,77459.93988584429,85269.35839735741,6.506647188693964,298.0624249401865,220.8737852270841,1.505243058174252,10,NaN,23,NaN,0.6934094677753027,0.1969721056694521,NaN,NaN,1.410915598281986,0,NaN,0,0,0,0,1
182.6,75,100,80,0,9.83259162378595,62.9428061728548,9.871376834484666,150,0.9,-0,12.37118982600561,13.02058006930838,18.91060886241493,77502.85184569852,85321.73146233818,6.510281751682935,297.9608116789319,183.3136762637151,1.504746650903949,10,NaN,23,NaN,0.7032189554854572,0.1969000516624999,NaN,NaN,1.410441031150272,0,NaN,0,0,0,0,1
182.8,75,100,80,0,6.250226424979132,28.98670904688075,0.9871376834484666,150,0.9,-0,12.50534905317733,13.00988380616061,18.89062116272815,77545.08014794055,85373.41706045945,6.508322445053867,297.8687915646692,149.2818312153715,1.504248995596015,10,NaN,23,NaN,0.7070966993312867,0.1968721668638903,NaN,NaN,1.409965277146119,0,NaN,0,0,0,0,1
183,75,100,80,0,3.459305530740283,8.696012714064224,57.43111507818142,150,0.9,-0,12.63865695730763,13.00494295174866,18.87079870369691,77586.75154717252,85424.51642128341,6.502501063466282,297.9335882645234,173.2579207366771,1.503750102650764,10,NaN,23,NaN,0.7068145444005456,0.1968752654874999,NaN,NaN,1.409488346258945,0,NaN,0,0,0,0,1
183.2,75,100,80,0,2.991704494621886,2.608803814219267,0.0001,150,0.9,-0,12.77168710550534,13.01493031683318,18.85101850071765,77628.32688678883,85475.50905010027,6.496063938599928,297.8626429386207,146.9933558786418,1.503249982470804,10,NaN,23,NaN,0.6961002056154574,0.1969560558274723,NaN,NaN,1.409010248479946,0,NaN,0,0,0,0,1
183.4,75,100,80,0,5.088614403132083,0.7826411442657801,67.56298882443602,150,0.9,-0,12.90500723426028,13.03557481743871,18.83114870608266,77670.3128931136,85526.936869051,6.493085671055466,297.9591857779056,182.7525760680051,1.502748643267831,10,NaN,23,NaN,0.6807226882594026,0.1970715484940822,NaN,NaN,1.408530991705517,0,NaN,0,0,0,0,1
183.6,75,100,80,0,8.363515898919154,29.47112084011995,6.756298882443602,150,0.9,-0,13.03955661436081,13.04831346254922,18.81114130485355,77712.94644822365,85579.07398041485,6.494912958381855,297.8820865179618,154.1804496374729,1.502246090434801,10,NaN,23,NaN,0.677340984845767,0.1970977274440898,NaN,NaN,1.408050581137212,0,NaN,0,0,0,0,1
183.8,75,100,80,0,10.90280858760432,8.841336252035985,100.3193050521535,150,0.9,-0,13.17364157920186,13.06150351378639,18.79101775834935,77756.06633940605,85631.69224933826,6.500622625770798,298.051253589907,216.9046877016973,1.501742327833982,10,NaN,23,NaN,0.6724647110998008,0.1971350319011401,NaN,NaN,1.407569020513206,0,NaN,0,0,0,0,1
184,75,100,80,0,11.16087788969393,63.36046494627492,10.03193050521535,150,0.9,-0,13.30518538933186,13.05495118916108,18.77089827210849,77799.22038860255,85684.24169472563,6.506578754970482,297.9540878927737,180.8583518139949,1.501237360191239,10,NaN,23,NaN,0.6824524097111669,0.197061695416079,NaN,NaN,1.407086314397108,0,NaN,0,0,0,0,1
184.2,75,100,80,0,9.048110733370832,30.49155601719771,1.003193050521535,150,0.9,-0,13.43657979506669,13.05774830599965,18.75097066697314,77841.98396813934,85736.39783057949,6.508802332229987,297.8636046939338,147.2733070678194,1.500731195969528,10,NaN,23,NaN,0.6755019805985945,0.1971144479158376,NaN,NaN,1.40660247092466,0,NaN,0,0,0,0,1
184.4,75,100,80,0,6.058944121403913,9.147466805159313,60.62415259904266,150,0.9,-0,13.56677222886177,13.04865682892348,18.7312186886226,77884.14888981619,85787.90789520909,6.506432652396205,297.9361741695083,174.2230362425169,1.500223845331387,10,NaN,23,NaN,0.6785622288255079,0.1970926830732649,NaN,NaN,1.406117499855883,0,NaN,0,0,0,0,1
184.6,75,100,80,0,4.020771160007202,2.744240041547794,0.0001,150,0.9,-0,13.6981800560502,13.03614474240173,18.71158565095046,77925.90213463419,85839.06000520242,6.50127662076741,297.8652477156296,147.8700006093809,1.49971531851014,10,NaN,23,NaN,0.6890457072547878,0.1970156523930296,NaN,NaN,1.405631411018044,0,NaN,0,0,0,0,1
184.8,75,100,80,0,4.039451661317647,0.8232720124643381,69.11500197282946,150,0.9,-0,13.82913338249166,13.04313684038877,18.69196228013331,77967.64975405039,85890.19386833027,6.496353534316221,297.9650691975,184.9779551385774,1.499205628792006,10,NaN,23,NaN,0.6844357967502522,0.1970509941526345,NaN,NaN,1.405144217156116,0,NaN,0,0,0,0,1
185,75,100,80,0,6.017686357177144,30.74042099796477,6.911500197282947,150,0.9,-0,13.95950351245719,13.05040693395706,18.6722592836328,78009.78500197086,85941.70221806224,6.494364868084412,297.8878774305878,156.2677966710208,1.498694786124128,10,NaN,23,NaN,0.6840704386015974,0.1970547361921876,NaN,NaN,1.404655927822854,0,NaN,0,0,0,0,1
185.2,75,100,80,0,8.782508072008717,9.22212629938943,101.2778354217044,150,0.9,-0,14.08894687107462,13.0637030624584,18.65242384354367,78052.45147234265,85993.71003619506,6.496157588142963,298.0581365254721,219.6254052855698,1.498182798093898,10,NaN,23,NaN,0.6800009465462492,0.1970860567687596,NaN,NaN,1.404166550315078,0,NaN,0,0,0,0,1
185.4,75,100,80,0,10.8272289610897,64.33585593336633,10.12778354217044,150,0.9,-0,14.21684764908148,13.06842571691361,18.63250331304562,78095.50983414581,86046.04659250921,6.500694881161618,297.9576236403849,182.202586472822,1.497669671340928,10,NaN,23,NaN,0.6826496940437129,0.1970673643646124,NaN,NaN,1.4036760910234,0,NaN,0,0,0,0,1
185.6,75,100,80,0,11.06013087952882,30.56208707185394,1.012778354217044,150,0.9,-0,14.34546357937609,13.06309783852963,18.61266253764781,78138.64751173176,86098.49242085958,6.505701497076744,297.8661291755566,148.1196446249584,1.497155413265077,10,NaN,23,NaN,0.6917269666400733,0.1970008079453445,NaN,NaN,1.403184557064841,0,NaN,0,0,0,0,1
185.8,75,100,80,0,9.297629686289143,9.168626121556182,59.65637013723298,150,0.9,-0,14.47382535028512,13.06258063778347,18.59294472004526,78181.43283999433,86150.5746944139,6.507649426326337,297.9360354098566,174.1742642044584,1.496640033217155,10,NaN,23,NaN,0.6899638678533149,0.1970149668913041,NaN,NaN,1.40269195742083,0,NaN,0,0,0,0,1
186,75,100,80,0,6.767491118744209,2.750587836466854,0.0001,150,0.9,-0,14.60154423556497,13.06149699482334,18.57337501176891,78223.70855265751,86202.12155552547,6.505981256344075,297.8651052554596,147.7243669259376,1.496123543416417,10,NaN,23,NaN,0.6854450510364141,0.1970496456592198,NaN,NaN,1.402198303814009,0,NaN,0,0,0,0,1
186.2,75,100,80,0,4.906693552254685,0.8251763509400563,68.48514163867677,150,0.9,-0,14.73154435910471,13.06541475179983,18.5539082408043,78265.60308411016,86253.38585788214,6.501941864291403,297.9628905388615,184.2071696891517,1.49560595761978,10,NaN,23,NaN,0.6774391793432257,0.1971102836128388,NaN,NaN,1.401703609436115,0,NaN,0,0,0,0,1
186.4,75,100,80,0,4.657858897682889,30.03452236232404,6.848514163867677,150,0.9,-0,14.86086546442183,13.06660866671443,18.53446717800108,78307.43996063118,86304.55987172452,6.497442044859685,297.8869938968868,155.8764456854668,1.495087289310917,10,NaN,23,NaN,0.6769242646952612,0.1971151546608585,NaN,NaN,1.401207887217103,0,NaN,0,0,0,0,1
186.6,75,100,80,0,6.202874306976279,9.010356708697211,99.8510564278733,150,0.9,-0,14.98837131626734,13.06913477727485,18.51494820302385,78349.56454488802,86355.94694827385,6.495318972461797,298.0535001875245,218.0615791729495,1.494567550265604,10,NaN,23,NaN,0.6814271755379427,0.1970826722542072,NaN,NaN,1.400711148454003,0,NaN,0,0,0,0,1
186.8,75,100,80,0,8.587849577540869,62.78652292676856,9.985105642787332,150,0.9,-0,15.11506642785628,13.07725855336445,18.4953231805845,78392.14922047287,86407.76533027623,6.496547047021179,297.9559191914239,181.5992877216796,1.494046750263125,10,NaN,23,NaN,0.6818732053446059,0.1970803935405637,NaN,NaN,1.400213402535212,0,NaN,0,0,0,0,1
187,75,100,80,0,10.47820885284143,29.87853912445093,0.9985105642787332,150,0.9,-0,15.24192096811152,13.08249239057096,18.47569414481941,78435.14433637632,86460.00688852502,6.499762962626674,297.8642813924997,147.3399942806131,1.493524897855934,10,NaN,23,NaN,0.6837889420087823,0.1970671745489562,NaN,NaN,1.399714657676196,0,NaN,0,0,0,0,1
187.2,75,100,80,0,11.08640543757583,8.963561737335279,60.11835127661431,150,0.9,-0,15.36819939841518,13.08206513079053,18.45607557427784,78478.26133990572,86512.34274274655,6.503846980132708,297.9338592053023,173.3655973235828,1.493002001680924,10,NaN,23,NaN,0.6886800791688492,0.197031802556832,NaN,NaN,1.399214922172753,0,NaN,0,0,0,0,1
187.4,75,100,80,0,10.06450873701056,2.689068521200584,0.0001,150,0.9,-0,15.49540315871879,13.07438663437592,18.43653799492516,78521.17039950128,86564.51608668406,6.506646300169364,297.862916047697,146.8154715010637,1.492478072092569,10,NaN,23,NaN,0.6968365027479151,0.1969721121961879,NaN,NaN,1.398714205961776,0,NaN,0,0,0,0,1
187.6,75,100,80,0,7.929875755564048,0.8067205563601751,68.78325946401237,150,0.9,-0,15.62508419638305,13.07287167124267,18.41712185627996,78563.64340070714,86616.35540367366,6.506671949361626,297.9609005896096,183.5046251577093,1.491953121598305,10,NaN,23,NaN,0.6951517145341443,0.1969857087890747,NaN,NaN,1.398212521037216,0,NaN,0,0,0,0,1
187.8,75,100,80,0,5.789969705680479,30.00281298687798,6.878325946401238,150,0.9,-0,15.75731779059619,13.06449330830555,18.39782490509604,78605.68094341009,86667.87268563114,6.503636913268667,297.8824112464099,154.1002104271191,1.491427164409081,10,NaN,23,NaN,0.7002595083197383,0.1969487204491875,NaN,NaN,1.397709881020422,0,NaN,0,0,0,0,1
188,75,100,80,0,4.865241394013776,9.000843896063396,101.5635021429505,150,0.9,-0,15.8905642698668,13.06900105752206,18.37856570189449,78647.51207554329,86719.2315180055,6.499372337125893,298.0520572093083,217.6867456209692,1.490900215008935,10,NaN,23,NaN,0.6953657405970584,0.1969862203920348,NaN,NaN,1.397206299793035,0,NaN,0,0,0,0,1
188.2,75,100,80,0,5.640582237907536,63.70779291036575,10.15635021429505,150,0.9,-0,16.02235805034237,13.0725584400717,18.3592707090325,78689.48083593477,86770.67612705262,6.496296232248494,297.9541045420618,180.9536543261368,1.490372286782136,10,NaN,23,NaN,0.6954322031576146,0.1969867811160947,NaN,NaN,1.396701790185026,0,NaN,0,0,0,0,1
188.4,75,100,80,0,7.63853231885081,30.59392333764924,1.015635021429505,150,0.9,-0,16.15445276879715,13.07316348231806,18.33996037027066,78731.88161259923,86822.57484266475,6.495807728224903,297.8647180078067,147.4157431666617,1.489843393380366,10,NaN,23,NaN,0.7029339416735724,0.1969319673695356,NaN,NaN,1.396196365281269,0,NaN,0,0,0,0,1
188.6,75,100,80,0,9.827199786479431,9.17817700129477,59.97811524121493,150,0.9,-0,16.28880217708955,13.07656193114527,18.3205810351648,78774.71968056186,86875.01687446152,6.498206628900197,297.9347344054409,173.6993616959315,1.48931354019936,10,NaN,23,NaN,0.7087121013423009,0.1968899864592782,NaN,NaN,1.39569003027653,0,NaN,0,0,0,0,1
188.8,75,100,80,0,11.05511661931001,2.753453100388431,0.0001,150,0.9,-0,16.42403537455775,13.08164896092956,18.30117665481686,78817.79965451776,86927.74043804951,6.502245016952884,297.863970705086,147.121448495214,1.488782736447656,10,NaN,23,NaN,0.7091695015996583,0.196887640073622,NaN,NaN,1.395182794008852,0,NaN,0,0,0,0,1
189,75,100,80,0,10.67154040750462,0.8260359301165292,68.69252159819196,150,0.9,-0,16.56033529908826,13.07114841868556,18.28181518969602,78860.7938423478,86980.43405822282,6.505968606355916,297.9611959779727,183.6569120317087,1.48825099268057,10,NaN,23,NaN,0.722486212237252,0.1967894899828307,NaN,NaN,1.394674666602802,0,NaN,0,0,0,0,1
189.2,75,100,80,0,8.804807333664909,29.79838426939777,6.869252159819196,150,0.9,-0,16.69578212852253,13.04427557586102,18.26256544512487,78903.40732065834,87032.71750815472,6.507109460229112,297.882509514387,154.0727492424562,1.487718320481086,10,NaN,23,NaN,0.7506917676477904,0.1965803319343998,NaN,NaN,1.394165659164452,0,NaN,0,0,0,0,1
189.4,75,100,80,0,6.489196727405922,8.939515280819331,101.2087386893765,150,0.9,-0,16.83146864802909,13.04164048674374,18.24342297510404,78945.53643375497,87084.52828328141,6.505143445096513,298.0506877100795,217.3358286303758,1.487184733441967,10,NaN,23,NaN,0.7514946693439071,0.1965754108280315,NaN,NaN,1.393655784719764,0,NaN,0,0,0,0,1
189.6,75,100,80,0,4.96191795082992,63.14524806114311,10.12087386893765,150,0.9,-0,16.96865133180512,13.04216323670352,18.22435166991528,78987.34210682962,87136.07685343554,6.50095189742669,297.9567016078897,181.9635168020233,1.486650245864062,10,NaN,23,NaN,0.7484917925269796,0.1965988643686132,NaN,NaN,1.393145056970636,0,NaN,0,0,0,0,1
189.8,75,100,80,0,5.108616008086625,31.35949546595844,1.012087386893765,150,0.9,-0,17.10566743499511,13.04982235036723,18.20534567798313,79029.20890505984,87187.68111904064,6.497091144103253,297.8663676236736,147.9486035715077,1.486114871143588,10,NaN,23,NaN,0.7421224826619837,0.1966474132397408,NaN,NaN,1.392633488753852,0,NaN,0,0,0,0,1
190,75,100,80,0,6.791408685142843,9.407848639787531,61.68964044864884,150,0.9,-0,17.2420885878153,13.05018381585669,18.1862885760511,79071.41163961183,87239.60170996607,6.49542369685342,297.9397881581721,175.6087843445465,1.485578620233093,10,NaN,23,NaN,0.7487616721013524,0.1965989909933101,NaN,NaN,1.392121090570574,0,NaN,0,0,0,0,1
190.2,75,100,80,0,9.135044760119285,2.822354591936259,0.0001,150,0.9,-4000,17.38049450750043,13.06324906636939,18.16711840277657,78412.42252296954,86492.08300744178,6.524707631075484,297.8691079528245,149.0856453852909,1.476356744603334,10,NaN,23,NaN,0.734771731240261,0.1967216868059609,NaN,NaN,1.38331054593267,0,NaN,0,0,0,0,1
190.4,75,100,80,0,0,0.8467063775808777,68.55995925593587,150,0.9,-4000,17.52011597175985,13.02326580748492,18.1483220020873,77751.64199526883,85742.7581608607,6.541906038873337,297.9674621212859,185.6832714131584,1.463145046497677,10,NaN,23,NaN,0.7401175913392113,0.1967082121016251,NaN,NaN,1.370691884026743,0,NaN,0,0,0,0,1
190.6,75,100,80,0,0,30.40054426777595,6.855995925593587,150,0.9,-4000,17.6602850022977,13.02401735707301,18.1294679416245,77090.89844865359,84993.44523242368,6.559476288093891,297.8911798602628,157.5394953561546,1.449725879102996,10,NaN,23,NaN,0.7279796027625836,0.196825498267014,NaN,NaN,1.357879577571251,0,NaN,0,0,0,0,1
190.8,75,100,80,0.5184996583424606,0,9.120163280332783,99.63779263751,150,0.9,-4000,17.80292685258514,13.00624977800168,18.11050930969412,76430.28197124755,84244.31751532669,6.576565808210989,298.0617919620387,219.94667633284,1.436310137380006,10,NaN,23,NaN,0.7380912728354599,0.19677689357377,NaN,NaN,1.345075084971043,0,NaN,0,0,0,0,1
191,75,100,80,1.037058528953755,0,64.47270011055554,9.963779263751,150,0.9,-4000,17.94734119738881,13.00934791855481,18.09144887615172,75769.79647093602,83495.35134324701,6.593121164198525,297.9652972259948,184.9550483373258,1.422909186565012,10,NaN,23,NaN,0.7254829447068629,0.1968976737139426,NaN,NaN,1.332289242055042,0,NaN,0,0,0,0,1
191.2,75,100,80,1.555641613591057,0,32.21962398854319,0.9963779263751,150,0.9,-4000,18.09451923956996,12.99900839523942,18.07235659473819,75109.49084311158,82746.63323943147,6.608941799681089,297.8713643384983,151.189000124916,1.409523723093657,10,NaN,23,NaN,0.7271220546366451,0.1969121858489968,NaN,NaN,1.319522695614044,0,NaN,0,0,0,0,1
191.4,75,100,80,2.074273253274108,0,9.665887196562958,62.00293852687255,150,0.9,-4000,18.24065829544992,13.01648735891411,18.05317994556227,74449.33208080784,81997.96972478107,6.624074425607586,297.9514140737667,179.7117139914627,1.39615388451359,10,NaN,23,NaN,0.6980114611527504,0.1971559597185765,NaN,NaN,1.30677555877042,0,NaN,0,0,0,0,1
191.6,75,100,80,2.592938228413014,0,33.16370521409065,6.200293852687256,150,0.9,-4000,18.39037844110541,13.02391276136478,18.03391267195378,73789.31808940432,81249.54718364768,6.63822818176611,297.8677533158637,150.1661284687195,1.38279977452439,10,NaN,23,NaN,0.6784915727340838,0.1973281688362283,NaN,NaN,1.294047912242817,0,NaN,0,0,0,0,1
191.8,75,100,80,3.11167793933607,0,9.949111564227193,104.7237032293766,150,0.9,-4000,18.54181914136562,13.02477395516399,18.01452044094566,73129.42857717305,80501.2680112837,6.651596414457055,298.0600015638211,217.453999029429,1.369461498873617,10,NaN,23,NaN,0.6680578684204871,0.1974326229674263,NaN,NaN,1.281339838597705,0,NaN,0,0,0,0,1
192,75,100,80,3.630453713483668,0,71.94296213867975,10.47237032293766,150,0.9,-4000,18.69522921924245,13.0247643582557,17.99500759243078,72469.66860849169,79753.1519226198,6.663753600426046,297.9488227036147,178.8913713432711,1.356139155474112,10,4225.426667588696,23,2829.02571544785,0.6589977999211725,0.1975268143710011,18.07235659473819,21.8664327832944,1.268651412835675,0,74.65000514800357,0,0,0,0,1
192.2,75,100,80,4.149332086333701,0,21.58288864160392,163.594141467006,150,0.9,-0,18.84813656876621,13.01168239015521,17.97536704726147,72511.86024416835,79805.07874422034,6.635799051361714,298.2867291257256,295.5944075801964,1.351741197581701,10,NaN,23,NaN,0.6738145385194045,0.1974251827369914,NaN,NaN,1.264463703216907,0,NaN,0,0,0,0,1
192.4,75,100,80,4.673400214224771,0,137.075297106964,16.3594141467006,150,0.9,-0,19.00339040786992,13.03345333780206,17.95564502422032,72554.11902851296,79857.16521885977,6.609132566096823,298.1405611373826,245.0842711032612,1.351074481611418,10,NaN,23,NaN,0.653302496345823,0.1975793986352973,NaN,NaN,1.263828902648272,0,NaN,0,0,0,0,1
192.6,75,100,80,5.195329440171387,0,94.86538517752743,1.635941414670061,150,0.9,-0,19.15697532087345,13.05134461619347,17.93597467242983,72596.53022111637,79909.34696253069,6.583575085962623,297.9953445211251,194.8750218164221,1.350568718956707,10,NaN,23,NaN,0.6353251217641178,0.1977143536441755,NaN,NaN,1.263347358085434,0,NaN,0,0,0,0,1
192.8,75,100,80,5.717211612215555,0,51.13295513310101,0.1635941414670061,150,0.9,-0,19.30983734764543,13.04611108225325,17.91634561430807,72639.08715006766,79961.65923560297,6.559309704021963,297.8858784385605,157.0055824631805,1.350069138112143,10,NaN,23,NaN,0.6447355806369012,0.197645246761109,NaN,NaN,1.262871705635098,0,NaN,0,0,0,0,1
193,75,100,80,6.239012321439983,0,15.3398865399303,70.49293812600234,150,0.9,-0,19.46207717158237,13.04484458392974,17.89668892347985,72681.74545094041,80014.05423778469,6.535695190885525,297.9897964275756,192.9757449761081,1.349569141667491,10,NaN,23,NaN,0.6515499088518384,0.1975954735551041,NaN,NaN,1.262395663773557,0,NaN,0,0,0,0,1
193.2,75,100,80,0,0,47.73302981538872,7.049293812600235,150,0.9,-0,19.6195048468457,13.02319008321811,17.87733849919076,72723.14923816771,80065.38151979666,6.523377324526511,297.9027637593173,162.833685947056,1.349068452306742,10,NaN,23,NaN,0.6589240987941051,0.1975415221924466,NaN,NaN,1.26191896849166,0,NaN,0,0,0,0,1
193.4,75,100,80,0,0,14.31990894461662,119.2695756831668,150,0.9,-0,19.77614015347516,13.03271259725929,17.8579580730523,72764.52331597141,80116.65196176719,6.511622533073404,298.1345047809657,243.1360844837823,1.348567069031825,10,NaN,23,NaN,0.6512848146234005,0.1975994561064125,NaN,NaN,1.26144161886523,0,NaN,0,0,0,0,1
193.6,75,100,80,0,0,91.27694739963813,11.92695756831668,150,0.9,-0,19.93120460498596,13.03904269625727,17.83855249734071,72805.87049120943,80167.83925353446,6.500381247617662,298.0337021937753,208.1873012685786,1.348064997532708,10,NaN,23,NaN,0.6457639995420054,0.197641599401907,NaN,NaN,1.260963620337504,0,NaN,0,0,0,0,1
193.8,75,100,80,0,0.3667570365799568,59.80592644280078,1.192695756831668,150,0.9,-0,20.08705225008621,13.03826601614196,17.81919925816333,72847.3245573445,80219.16510994048,6.490080978732164,297.9271452303459,171.2232547277023,1.347562247955379,10,NaN,23,NaN,0.6498895894004498,0.1976118655687954,NaN,NaN,1.260484982593742,0,NaN,0,0,0,0,1
194,75,100,80,0,4.852178312200575,17.94177793284024,81.1433226048399,150,0.9,-0,20.24100697550691,13.04640359045176,17.79963664156077,72889.66733313583,80271.32408943883,6.486086474200953,298.0566649830906,216.1773124563857,1.347058812116946,10,NaN,23,NaN,0.6582856012907806,0.1975503049915901,NaN,NaN,1.260005697869245,0,NaN,0,0,0,0,1
194.2,75,100,80,0,10.91772974624834,60.69321599344323,8.114332260483989,150,0.9,-0,20.39464220635945,13.06024060411567,17.77979753405183,72933.21337955222,80324.69261422113,6.490128445746183,297.9611129704962,182.9942671893852,1.346554691402836,10,NaN,23,NaN,0.6649273139944938,0.1975018116241741,NaN,NaN,1.259525767508888,0,NaN,0,0,0,0,1
194.4,75,100,80,0,15.3603113666071,28.88131036868788,0.811433226048399,150,0.9,-0,20.54635924619845,13.08869456471345,17.75983303909569,72977.67698350431,80378.91077122222,6.499616919611722,297.8713190580631,151.7929611383318,1.346049881797497,10,NaN,23,NaN,0.6488721818630948,0.1976224763661791,NaN,NaN,1.259045187715796,0,NaN,0,0,0,0,1
194.6,75,100,80,0,16.01535563658391,8.664393110606364,57.66766933740132,150,0.9,-0,20.69565749470405,13.08018357835915,17.73988483764806,73022.27031235739,80433.17321919653,6.509019403363208,297.9452897098355,177.5109897856219,1.345544379446599,10,NaN,23,NaN,0.6625189205688928,0.1975217856901547,NaN,NaN,1.258563954846816,0,NaN,0,0,0,0,1
194.8,75,100,80,0,12.92711726096554,2.599317933181909,0.0001,150,0.9,-0,20.8457558853824,13.06731274471266,17.72012685993532,73066.24177680565,80486.84749763653,6.514530983856261,297.8728488817585,152.3102945969424,1.3450381844266,10,NaN,23,NaN,0.6705243058343914,0.1974631259583716,NaN,NaN,1.258082069001017,0,NaN,0,0,0,0,1
195,75,100,80,0,7.646733682448659,0.7797953799545727,68.25445294771401,150,0.9,-0,20.99732449652933,13.04967714498137,17.70064695126588,73109.14686613061,80539.51389002934,6.512951873046126,297.980471494926,189.7712089364897,1.344531301580544,10,NaN,23,NaN,0.6769485733723979,0.1974162463859555,NaN,NaN,1.257599534815091,0,NaN,0,0,0,0,1
195.2,75,100,80,0,3.008801005033185,33.68473619926615,6.825445294771402,150,0.9,-0,21.14935005831343,13.02174939842151,17.68140505047456,73151.11528506613,80591.260145458,6.50538997449547,297.9026534984949,162.6696180389046,1.344023738546938,10,NaN,23,NaN,0.6972036778024456,0.1972662175857366,NaN,NaN,1.257116359586639,0,NaN,0,0,0,0,1
195.4,75,100,80,0,1.392561079498831,10.10542085977984,103.4050887215025,150,0.9,-0,21.30123416030544,13.02200311346388,17.66222494028641,73192.73613392808,80642.65474389857,6.496091338849927,298.0943352036857,229.4626988760042,1.343515502615455,10,NaN,23,NaN,0.6957864199436363,0.1972778044003467,NaN,NaN,1.256632550280844,0,NaN,0,0,0,0,1
195.6,75,100,80,0,3.482326989083465,73.16875031740817,10.34050887215025,150,0.9,-0,21.45038432455275,13.03077822803745,17.64293318461782,73234.75361994773,80694.3455666121,6.489828015086193,298.001306501491,197.0284464940556,1.343006596968014,10,NaN,23,NaN,0.6946637390152589,0.1972871953569768,NaN,NaN,1.256148109952298,0,NaN,0,0,0,0,1
195.8,75,100,80,0,8.061909022485615,43.17380540951457,1.034050887215025,150,0.9,-0,21.59858357285304,13.04956633385736,17.62349611736874,73277.71705708718,80746.96702465614,6.489394619839778,297.9051550904541,163.4869478007598,1.3424970195006,10,NaN,23,NaN,0.6899282949809439,0.1973235311131749,NaN,NaN,1.255663036623751,0,NaN,0,0,0,0,1
196,75,100,80,0,12.80543998693886,12.95214162285437,67.73103508107819,150,0.9,-0,21.74174052538217,13.06945129103965,17.60386283858236,73321.62501812429,80800.35923271732,6.494560744733691,298.0020941214963,197.3222880370886,1.341986763844021,10,NaN,23,NaN,0.6844950484495403,0.1973650689058379,NaN,NaN,1.255177324258095,0,NaN,0,0,0,0,1
196.2,75,100,80,0,15.4828103390217,43.56055880720366,6.77310350810782,150,0.9,-0,21.88504616934953,13.08341165482625,17.58413662227508,73366.06156367251,80854.29947431563,6.503930385684749,297.92174076592,169.2598691413412,1.341475822763353,10,NaN,23,NaN,0.6787932651330811,0.1974086065800166,NaN,NaN,1.25469096599451,0,NaN,0,0,0,0,1
196.4,75,100,80,0,14.41645524246297,13.0681676421611,107.5531700565989,150,0.9,-0,22.02820217648251,13.08445310513147,17.56447011312911,73410.25917825675,80908.00108834787,6.511337122722034,298.1216094207556,239.1016897507047,1.340964190963839,10,NaN,23,NaN,0.6764714145810471,0.1974269420520944,NaN,NaN,1.254203956819369,0,NaN,0,0,0,0,1
196.6,75,100,80,0,10.40729490721028,79.69078244924619,10.7553170056599,150,0.9,-0,22.16991627310457,13.08194945615738,17.54500301356055,73453.63215582339,80960.82065793799,6.513993038402141,298.0273604274146,206.1487408159194,1.340451867850062,10,NaN,23,NaN,0.6684205166917182,0.1974879892431127,NaN,NaN,1.253716296192438,0,NaN,0,0,0,0,1
196.8,75,100,80,0,5.34506970144237,50.23621811368487,1.07553170056599,150,0.9,-0,22.31329272164529,13.07154971852765,17.52585750902022,73496.0234217375,81012.72197065476,6.509829612647398,297.9290029229791,171.7401794915488,1.339938856447038,10,NaN,23,NaN,0.6658986139421353,0.1975078159432789,NaN,NaN,1.253227987019627,0,NaN,0,0,0,0,1
197,75,100,80,0,1.955379609135243,15.07086543410546,70.38063651330363,150,0.9,-0,22.45576933549873,13.06901723818357,17.50689065028911,73537.73216723821,81063.90214426776,6.50117849483166,298.0310036393302,207.4426880619842,1.339425160967624,10,NaN,23,NaN,0.6604150206223357,0.1975497194776014,NaN,NaN,1.252739033337352,0,NaN,0,0,0,0,1
197.2,75,100,80,0,2.019034380491507,48.33640347023129,7.038063651330363,150,0.9,-0,22.59567214089412,13.06528102091358,17.48793156221684,73579.44718921896,81114.99411313409,6.492942099738483,297.944366490554,177.1013909314439,1.338910783833004,10,NaN,23,NaN,0.6670585299265066,0.1975012273452597,NaN,NaN,1.252249437476499,0,NaN,0,0,0,0,1
197.4,75,100,80,0,5.361526283993383,14.50092104106939,110.9544290800565,150,0.9,-0,22.73385315903499,13.0780975982602,17.46879910409743,73621.80507892075,81166.67546489878,6.489314842980992,298.1509893882773,249.5023855515968,1.338395722822041,10,NaN,23,NaN,0.6662483272502481,0.1975082981829472,NaN,NaN,1.251759197349288,0,NaN,0,0,0,0,1
197.6,75,100,80,0,10.14113002946302,84.34934276717381,11.09544290800565,150,0.9,-0,22.87136708138607,13.07780476731054,17.44943781123479,73665.09591568285,81219.28088971665,6.491400777486657,298.0510708927918,214.4713881133103,1.337879971281275,10,NaN,23,NaN,0.6842979740724759,0.1973747541541075,NaN,NaN,1.251268306649445,0,NaN,0,0,0,0,1
197.8,75,100,80,0,14.08236994799771,53.98989215216996,1.109544290800565,150,0.9,-0,23.00938865711573,13.10305187170045,17.42998130888387,73709.2078772532,81272.74510536103,6.498761109167374,297.9467301519381,177.8692906382943,1.337363519777332,10,NaN,23,NaN,0.6709014657840171,0.1974756753635871,NaN,NaN,1.250776756425216,0,NaN,0,0,0,0,1
198,75,100,80,0,15.08045938355356,16.19696764565099,70.96646014928349,150,0.9,-0,23.14993555446863,13.09767343244222,17.41051869375286,73753.51558168435,81326.51518008189,6.507807421890154,298.0496396023029,213.9899317608819,1.336846358999659,10,NaN,23,NaN,0.68209342612263,0.1973932614467281,NaN,NaN,1.250284537842268,0,NaN,0,0,0,0,1
198.2,75,100,80,0,12.47137178313934,50.48566427558676,7.09664601492835,150,0.9,-0,23.29018954401498,13.07896265736898,17.39121378713709,73797.29431682669,81379.74129249924,6.513468660631149,297.9647155163574,184.165088357514,1.336328483203394,10,NaN,23,NaN,0.698461083204195,0.1972722252855568,NaN,NaN,1.249791645460442,0,NaN,0,0,0,0,1
198.4,75,100,80,0,7.61428686832202,22.27651883301739,0.7096646014928351,150,0.9,-0,23.43125223186964,13.06394065529989,17.37221447469903,73840.12802835536,81432.04573377821,6.512389802649166,297.881542152117,154.9387524894551,1.335809891229769,10,NaN,23,NaN,0.7036780503169265,0.1972343451719341,NaN,NaN,1.249298078204675,0,NaN,0,0,0,0,1
198.6,75,100,80,0,3.200020426807529,6.682955649905217,49.68907619535393,150,0.9,-0,23.57220562807665,13.04272246356491,17.35345186575796,73882.0801359582,81483.45540739478,6.505358055451789,297.9361726614641,174.1458936473591,1.335290584766545,10,NaN,23,NaN,0.7171825684221544,0.1971346252849754,NaN,NaN,1.248803837709117,0,NaN,0,0,0,0,1
198.8,75,100,80,0,1.596410031356928,2.004886694971565,0.0001,150,0.9,-0,23.71500524767963,13.0331839079795,17.3347843557784,73923.71079026769,81534.61053750926,6.496348385293303,297.8649020768185,149.0748846849822,1.334770565722921,10,NaN,23,NaN,0.7264579264031455,0.1970664450383197,NaN,NaN,1.248308925818612,0,NaN,0,0,0,0,1
199,75,100,80,0,3.584106041123844,0.6014660084914695,64.06327406175274,150,0.9,-0,23.85558541671116,13.02806393336922,17.3160326567943,73965.7307355418,81586.07419693226,6.490143678111689,297.9604603152999,182.7077228205922,1.334249832295115,10,NaN,23,NaN,0.7421264315682363,0.1969505274933818,NaN,NaN,1.247813340844301,0,NaN,0,0,0,0,1
199.2,75,100,80,0,8.038155291496686,29.03741555013919,6.406327406175274,150,0.9,-0,23.99385661404164,13.04898928380486,17.29708776680895,74008.63295366948,81638.35386580316,6.489721844771392,297.8913174504008,158.358773629974,1.333728377985401,10,NaN,23,NaN,0.7353681444100912,0.1970020201653356,NaN,NaN,1.247317076630295,0,NaN,0,0,0,0,1
199.4,75,100,80,0,12.65094593331498,8.711224665041756,95.40634456007619,150,0.9,-0,24.1305225662983,13.0659493544495,17.27793103286072,74052.43512526278,81691.4878126417,6.495322450839051,298.0628844538616,218.8105249673255,1.333206192496489,10,NaN,23,NaN,0.7326363009512717,0.1970234547470751,NaN,NaN,1.246820123405142,0,NaN,0,0,0,0,1
199.6,75,100,80,0,15.0222457431036,64.34481673578532,9.54063445600762,150,0.9,-0,24.26588203126435,13.08911476922526,17.25867765550403,74096.69106748569,81745.03653369063,6.503769276090459,297.9831035955011,190.6837523333261,1.332683264999334,10,NaN,23,NaN,0.7152479593454287,0.1971542709690108,NaN,NaN,1.246322470891918,0,NaN,0,0,0,0,1
199.8,75,100,80,0,14.02475165951187,37.89183509525017,0.9540634456007621,150,0.9,-0,24.40228669657504,13.07521312276688,17.2395560342471,74140.77432355627,81798.46447183403,6.510973676822738,297.8927938485699,158.8269201672176,1.332159586989653,10,NaN,23,NaN,0.7293514047109197,0.1970500637796104,NaN,NaN,1.245824111026659,0,NaN,0,0,0,0,1
200,75,100,80,0,10.15868033681922,11.36755052857505,66.48077487050571,150,0.9,-0,24.53738136038413,13.05566562153498,17.22064712110297,74184.07960763668,81851.05587515133,6.512605931185904,297.9869742240028,192.0677798360997,1.331635154034102,10,NaN,23,NaN,0.7432961668903284,0.1969470136387326,NaN,NaN,1.245325039619938,0,NaN,0,0,0,0,1
200.2,65,100,80,0,5.654008150489671,40.51687247630805,6.648077487050571,250,0.9,-0,24.66514444960172,13.16453375224742,17.19761342718259,74245.2770139722,81921.49108816024,6.507833106818138,297.9053934232568,163.2545613410846,1.516875466430518,4,NaN,23,NaN,0.7165805756792953,0.1959543289655459,NaN,NaN,1.232432939230925,0,NaN,0,0,0,0,1
200.4,65,100,80,0,3.061643501122838,12.15506174289242,107.4575219069851,250,0.9,-0,24.79208030933329,13.16291587224145,17.17470323370203,74305.92929884692,81991.34725642772,6.499878445013077,298.1023186637762,232.8604790674908,1.529260953906131,4,NaN,23,NaN,0.7316845939180441,0.1957996042629389,NaN,NaN,1.242699675488763,0,NaN,0,0,0,0,1
200.6,65,100,80,0,3.641083748635836,77.15837909979906,10.74575219069851,250,0.9,-0,24.91780523968765,13.17002395407491,17.151769849675,74366.67216577698,82061.25543995583,6.493015520129044,298.0150773298502,201.9997259959783,1.529566300859823,4,NaN,23,NaN,0.7336419753831419,0.195782136380704,NaN,NaN,1.242952830084712,0,NaN,0,0,0,0,1
200.8,65,100,80,0,6.951931172861832,49.42012948304561,1.074575219069851,250,0.9,-0,25.04264007057838,13.19294378287188,17.12876982091394,74428.10510467165,82131.83401661423,6.49036651813298,297.9184930732896,167.8071389680043,1.529020969801523,4,NaN,23,NaN,0.7256835702404151,0.1958517695864377,NaN,NaN,1.242500712833595,0,NaN,0,0,0,0,1
201,65,100,80,0,11.31205128658804,14.82603884491368,72.88645831181479,250,0.9,-0,25.1645724707992,13.20746567705004,17.10561094792381,74490.40241254792,82203.18251905468,6.493825975476023,298.0256288095548,205.7653166395334,1.528415410755041,4,NaN,23,NaN,0.7279717347905283,0.1958332662129764,NaN,NaN,1.241998670050555,0,NaN,0,0,0,0,1
201.2,65,100,80,0,14.28183726970633,49.45574002897445,7.28864583118148,250,0.9,-0,25.28277613501596,13.22037886981591,17.08236137153495,74553.28312643585,82274.98395256908,6.501471855508436,297.9457737478605,177.4499129742197,1.527804664185931,4,NaN,23,NaN,0.728700532850625,0.1958282034942217,NaN,NaN,1.241492334666172,0,NaN,0,0,0,0,1
201.4,65,100,80,0,14.19908684332332,14.83672200869233,111.0414430314813,250,0.9,-0,25.4004581737594,13.24208010725818,17.05913777130601,74616.11889818306,82346.72625406904,6.508298385012803,298.1487750489119,249.4892089835336,1.527192564274988,4,NaN,23,NaN,0.7128829962449316,0.1959656397346719,NaN,NaN,1.240984885513558,0,NaN,0,0,0,0,1
201.6,65,100,80,0,11.40180863753156,83.4375993789254,11.10414430314813,250,0.9,-0,25.51808783219789,13.25240666131549,17.03606498219434,74678.36968854487,82417.88198485679,6.511581805551488,298.0551720582574,216.2455477175892,1.526579373839677,4,NaN,23,NaN,0.6989584701902536,0.1960867384007248,NaN,NaN,1.240476540525284,0,NaN,0,0,0,0,1
201.8,65,100,80,0,7.300161691983351,55.20112217940917,1.110414430314813,250,0.9,-0,25.63875051083332,13.2304986765509,17.01327621700435,74739.83042297445,82488.36355223245,6.50945080023789,297.9524591226559,179.7375035917455,1.525965109445541,4,NaN,23,NaN,0.7133083363078027,0.1959644200145101,NaN,NaN,1.239967313477943,0,NaN,0,0,0,0,1
202,65,100,80,0,4.057338239979603,22.5361340114662,0.1110414430314813,250,0.9,-0,25.75924691475332,13.2154443251731,16.99072168857891,74800.67142976512,82558.21644390892,6.502913758298283,297.8669219993844,149.3105634089957,1.525349773528891,4,NaN,23,NaN,0.7260814997770981,0.1958556439617493,NaN,NaN,1.239457206434415,0,NaN,0,0,0,0,1
202.2,65,100,80,0,3.426457201224713,6.76084020343986,49.13463721565873,250,0.9,-0,25.88138523735983,13.23364181189318,16.96823789818563,74861.38721522673,82628.01814620465,6.49578191912197,297.9167566032922,167.0513273204437,1.524733366128167,4,NaN,23,NaN,0.7134072723387727,0.1959660192875664,NaN,NaN,1.238946219469763,0,NaN,0,0,0,0,1
202.4,65,100,80,0,5.63616345072841,2.028252061031958,0.0001,250,0.9,-0,26.0014868767985,13.24871630428656,16.94569476041622,74922.54374279744,82698.19351916363,6.491875659701832,297.8436278905075,140.9977291402562,1.524115884174627,4,NaN,23,NaN,0.708647287357175,0.196008233115218,NaN,NaN,1.238434350083404,0,NaN,0,0,0,0,1
202.6,65,100,80,0,9.395890215529413,0.6084756183095873,67.69993877185212,250,0.9,-0,26.12242740913594,13.26579164569945,16.92301512775012,74984.44145976816,82769.16788735156,6.493195451806347,297.9446699966417,177.0243420702307,1.523497320356191,4,NaN,23,NaN,0.7069624926424358,0.1960239700236589,NaN,NaN,1.237921592257514,0,NaN,0,0,0,0,1
202.8,65,100,80,0,12.62088054474334,0.1825426854928762,0.0001,250,0.9,-0,26.24476024818384,13.28200544886895,16.90023086743366,75046.97333301004,82840.8421725877,6.498905864191891,297.8725662391184,151.2952730593922,1.522877664697364,4,NaN,23,NaN,0.7046651215424198,0.1960449826076186,NaN,NaN,1.237407937766961,0,NaN,0,0,0,0,1
203,65,100,80,0,13.56402805009677,0.05476280564786286,72.56094865232899,250,0.9,-0,26.36606985669098,13.28772363921516,16.87744575862035,75109.6805412562,82912.66337068722,6.505741609583868,297.9857267298454,191.7070374975107,1.522256907225376,4,NaN,23,NaN,0.7067464858232027,0.196028298903236,NaN,NaN,1.236893378389486,0,NaN,0,0,0,0,1
203.2,65,100,80,0,11.78323629129752,34.85714425483089,7.2560948652329,250,0.9,-0,26.49003825374579,13.30013909948207,16.85478222900922,75172.01907792308,82984.21959123955,6.510113339808044,297.910416380897,164.7908295244433,1.521635041394489,4,NaN,23,NaN,0.6953466856288845,0.1961276738986761,NaN,NaN,1.236377908744124,0,NaN,0,0,0,0,1
203.4,65,100,80,0,8.265435478198784,10.45714327644927,103.6570954417005,250,0.9,-0,26.61473548137939,13.28824713954545,16.83229324799893,75233.62820401488,83055.06971588025,6.509680260913258,298.0947951952211,230.7405395790194,1.521012064794375,4,NaN,23,NaN,0.7022025495654676,0.1960698972904452,NaN,NaN,1.235861526878139,0,NaN,0,0,0,0,1
203.6,65,100,80,0,4.92874114838766,71.27327611902612,10.36570954417005,250,0.9,-0,26.74258956962315,13.27954402296652,16.80996712421975,75294.54705272715,83125.35343568692,6.504413825945806,298.0055883031541,198.8075985141988,1.520387979088887,4,NaN,23,NaN,0.7079239064428654,0.1960218816175845,NaN,NaN,1.235344234215981,0,NaN,0,0,0,0,1
203.8,65,100,80,0,3.69909882429538,42.66887706926892,1.036570954417005,250,0.9,-0,26.87130391876231,13.27886403244039,16.78777720792161,75355.24824533629,83195.45876987453,6.497483169416298,297.9113270501748,165.0392692332834,1.519762786353647,4,NaN,23,NaN,0.7112501759275781,0.1959944854120896,NaN,NaN,1.234826032523395,0,NaN,0,0,0,0,1
204,65,100,80,0,5.231711019297205,12.80066312078067,66.38011991135184,250,0.9,-0,27.00032319481528,13.28350867413665,16.76555348246781,75416.25118085266,83265.88855242464,6.492757573071001,298.0010027211466,197.189693038985,1.519136485963954,4,4831.165136242039,23,3083.580729976262,0.7165671231219116,0.1959499460094236,16.85478222900922,21.03255418794943,1.234306921327931,0,74.51346075769264,0,0,0,0,1
204.2,65,100,80,0,8.64200364601478,41.12049338493724,6.638011991135184,250,0.9,-0,27.13330609852123,13.30339891879385,16.74321344279425,75477.9284681081,83337.17421254225,6.492324430202683,297.9234271973147,169.3557287762597,1.518509073519551,4,NaN,23,NaN,0.7118108928175336,0.1959921522552664,NaN,NaN,1.233786897027949,0,NaN,0,0,0,0,1
204.4,65,100,80,0,12.21853036524462,12.33614801548117,102.1266288144911,250,0.9,-0,27.26700861208196,13.32802264381317,16.72073277415781,75540.29647847456,83409.18886627461,6.496058016854184,298.1026871057292,233.7244859377301,1.517880541276981,4,NaN,23,NaN,0.7021569082421728,0.1960765250333497,NaN,NaN,1.233265953251224,0,NaN,0,0,0,0,1
204.6,65,100,80,0,14.30169140217533,71.89115274650734,10.21266288144911,250,0.9,-0,27.40024642255965,13.34570258893432,16.69818637740856,75603.05880232219,83481.5913901576,6.502218271475796,298.0141701993186,201.9145545308174,1.517250881275461,4,NaN,23,NaN,0.6945022918116626,0.1961436737701002,NaN,NaN,1.232744083445918,0,NaN,0,0,0,0,1
204.8,65,100,80,0,13.92612465398297,43.85913718661359,1.021266288144911,250,0.9,-0,27.53146125176194,13.35570592876346,16.67575484832913,75665.7739818978,83553.86971543422,6.507282830253607,297.9206835459822,168.2919479584941,1.516620087186009,4,NaN,23,NaN,0.6881892292103925,0.1961992684271991,NaN,NaN,1.23222128241313,0,NaN,0,0,0,0,1
205,65,100,80,0,11.53609361453803,13.15774115598408,65.63919738846212,250,0.9,-0,27.66562394546986,13.3482625206277,16.65347766139577,75728.00645243681,83625.78597551474,6.509590692214585,298.0083841767324,199.8585531987418,1.515988156249906,4,NaN,23,NaN,0.6940819641345125,0.1961498068191498,NaN,NaN,1.231697547913354,0,NaN,0,0,0,0,1
205.2,65,100,80,0,8.228453529561204,41.14124163915682,6.563919738846213,250,0.9,-0,27.80163887843594,13.33045848604782,16.63138588104409,75789.56986575946,83697.10691358191,6.508301017595585,297.9314786916972,172.155825350037,1.515355089651538,4,NaN,23,NaN,0.7087387225109384,0.1960248834470625,NaN,NaN,1.231172880975214,0,NaN,0,0,0,0,1
205.4,65,100,80,0,5.439661782352697,12.34237249174705,99.84230649784087,250,0.9,-0,27.93726122381969,13.33456824212315,16.60942855864231,75850.55199912426,83767.83725229773,6.503620886452864,298.104306340501,234.4596310569413,1.514720890759504,4,NaN,23,NaN,0.7046986785211891,0.1960609319179445,NaN,NaN,1.230647284437521,0,NaN,0,0,0,0,1
205.6,65,100,80,0,4.522531072574529,69.97515340545796,9.984230649784088,250,0.9,-0,28.06924350118629,13.32886761352341,16.58752228317461,75911.32874220429,83838.21640636928,6.498027836922939,298.0207048642266,204.2983921131736,1.514085563432335,4,NaN,23,NaN,0.7127677437837547,0.1959927158006334,NaN,NaN,1.230120761545,0,NaN,0,0,0,0,1
205.8,65,100,80,0,5.834765086200575,43.74792449356853,0.9984230649784088,250,0.9,-0,28.19942222077107,13.33672467468712,16.56563850875116,75972.39517969481,83908.82484908483,6.493937210374764,297.9278449910594,170.7712003824121,1.513449108990331,4,NaN,23,NaN,0.7145338791826641,0.19597877285679,NaN,NaN,1.229593313438762,0,NaN,0,0,0,0,1
206,65,100,80,0,8.775400432877355,13.12437734807056,65.13651916325337,250,0.9,-0,28.328305232594,13.33554268478222,16.54366634129856,76034.04553734919,83979.98113027637,6.493529895970467,298.0128191536417,201.4749835697068,1.51281152514781,4,NaN,23,NaN,0.7287333257190344,0.1958577373254368,NaN,NaN,1.229064938271614,0,NaN,0,0,0,0,1
206.2,65,100,80,0,11.87168803098238,40.4310996524216,6.513651916325337,250,0.9,-0,28.45443517379927,13.36056686817796,16.52160118786706,76096.3082078061,84051.65873408003,6.496905226691099,297.9354100747557,173.4828523056216,1.512172807029428,4,NaN,23,NaN,0.718867035367867,0.1959439935273395,NaN,NaN,1.228535632050541,0,NaN,0,0,0,0,1
206.4,65,100,80,0,13.61722286368548,12.12932989572648,97.81534901263592,250,0.9,-0,28.5787622265405,13.37961845157358,16.49948499643383,76158.89742376292,84123.60418303187,6.50260645795213,298.1026408778083,234.0032175740832,1.511532948956737,4,NaN,23,NaN,0.7092380931037854,0.19602819097338,NaN,NaN,1.228005390117361,0,NaN,0,0,0,0,1
206.6,65,100,80,0,13.08674070260346,67.98240284386749,9.781534901263592,250,0.9,-0,28.70485073731484,13.38284405652477,16.47741976404901,76221.3595376124,84195.50097917621,6.507416929876221,298.0183174075939,203.4627692688088,1.510891947495261,4,NaN,23,NaN,0.7089327207527552,0.1960320963995432,NaN,NaN,1.227474209673803,0,NaN,0,0,0,0,1
206.8,65,100,80,0,10.64243434423951,41.48560751480657,0.9781534901263593,250,0.9,-0,28.83261172776232,13.37159882996611,16.45555203362973,76283.36037889811,84267.0083656358,6.509253112990044,297.9244225904262,169.429133056967,1.510249802505459,4,NaN,23,NaN,0.7188269751520002,0.1959481644320112,NaN,NaN,1.226942090652219,0,NaN,0,0,0,0,1
207,65,100,80,0,7.470559977765596,12.44568225444197,63.68866702625552,250,0.9,-0,28.9603525567036,13.34955282127315,16.43386536061685,76344.72380277202,84337.8754680804,6.507309529747837,298.0041259576493,198.3412391856517,1.509606516743079,4,NaN,23,NaN,0.7386764896889557,0.1957784420660645,NaN,NaN,1.226409035384203,0,NaN,0,0,0,0,1
207.2,65,100,80,0,5.078998817629495,37.81340221614854,6.368866702625552,250,0.9,-0,29.08930584682692,13.36381662878471,16.41231724797388,76405.60359703618,84408.31062382119,6.502016374480829,297.9236098324835,169.111888706797,1.508962095930301,4,NaN,23,NaN,0.7261640509615963,0.1958875261793025,NaN,NaN,1.22587504865933,0,NaN,0,0,0,0,1
207.4,65,100,80,0,4.803591108198695,11.34402066484456,97.17211507495264,250,0.9,-0,29.21850239238499,13.36174623086854,16.39079196470726,76466.40705868238,84478.68657817267,6.496545271291547,298.087400165801,228.6172023930926,1.508316544471382,4,NaN,23,NaN,0.7317863941322502,0.1958403731384599,NaN,NaN,1.22534013417489,0,NaN,0,0,0,0,1
207.6,65,100,80,0,6.706489713186396,65.59092531625028,9.717211507495264,250,0.9,-0,29.34810116812977,13.37381566226197,16.36920175104552,76527.57265388974,84549.44940321207,6.493690056524126,297.9933374993839,194.4179463240516,1.507669864592962,4,NaN,23,NaN,0.7306172121439761,0.1958517321527102,NaN,NaN,1.224804293823644,0,NaN,0,0,0,0,1
207.8,65,100,80,0,9.74232467776752,35.18838412001629,0.9717211507495265,250,0.9,-0,29.48009791880832,13.38366618554548,16.34756850179058,76589.37481985873,84620.97185037233,6.494721332940931,297.9004705768838,160.6274297971476,1.507022054850289,4,NaN,23,NaN,0.7336377801176731,0.1958269957345731,NaN,NaN,1.224267526456262,0,NaN,0,0,0,0,1
208,65,100,80,0,12.36127222749225,10.55651523600489,59.43867888900913,250,0.9,-0,29.61449810966389,13.40014054016702,16.32587407634254,76651.69935308513,84693.12845405722,6.499911306282185,297.9704003585223,186.0918121294246,1.506373111215345,4,NaN,23,NaN,0.7297864001373209,0.1958614685930785,NaN,NaN,1.223729828783173,0,NaN,0,0,0,0,1
208.2,65,100,80,0,12.90302668659255,31.64643845316462,5.943867888900913,250,0.9,-0,29.74770338996682,13.41323327608681,16.30420745568663,76714.12851344394,84765.35107562317,6.505772197790038,297.8905870252481,157.0057311086625,1.505723029880167,4,NaN,23,NaN,0.7231610188320018,0.1959198379398643,NaN,NaN,1.223191197697439,0,NaN,0,0,0,0,1
208.4,65,100,80,0,11.11153176112361,9.493931535949386,94.95547879542883,250,0.9,-0,29.88278012387915,13.40419079880698,16.28264362705461,76776.17887992749,84837.26942320366,6.509068125796341,298.0487932469687,214.7050774991872,1.505071809820298,4,NaN,23,NaN,0.7322513242474242,0.1958428191416056,NaN,NaN,1.222651632398665,0,NaN,0,0,0,0,1
208.6,65,100,80,0,8.01222565155185,60.57069147593664,9.495547879542883,250,0.9,-0,30.01570788772187,13.40493703327137,16.26123727140689,76837.59220520699,84908.46646098573,6.508115997253231,297.9530269601802,179.7512520646686,1.504419454301131,4,NaN,23,NaN,0.730033272182943,0.1958632266250983,NaN,NaN,1.222111135640843,0,NaN,0,0,0,0,1
208.8,65,100,80,0,5.299496701500937,28.17452263233021,0.9495547879542884,250,0.9,-0,30.14855003383997,13.40052917562202,16.24002844929187,76898.49229180771,84979.15240073559,6.503685872897489,297.8631560505882,146.9241495479959,1.503765969052028,4,NaN,23,NaN,0.7326491628651406,0.1958419877834373,NaN,NaN,1.221569712219276,0,NaN,0,0,0,0,1
209,65,100,80,0,4.356631539054084,8.452356789699062,58.5630136951785,250,0.9,-0,30.2784407137775,13.39871124101087,16.21889677164856,76959.20216563363,85049.53964702903,6.497967699463438,297.9320093869795,172.0932354245782,1.503111359681773,4,NaN,23,NaN,0.7378171889857629,0.1957987579287626,NaN,NaN,1.221027366829129,0,NaN,0,0,0,0,1
209.2,65,100,80,0,5.694130964604065,2.535707036909718,0.0001,250,0.9,-0,30.40914688882467,13.39340082022598,16.19774245076555,77020.17493084792,85120.23483872418,6.494238238965368,297.8587580942388,145.2961889934054,1.502455629646882,4,NaN,23,NaN,0.7519616066262366,0.1956781564481317,NaN,NaN,1.220484102382208,0,NaN,0,0,0,0,1
209.4,65,100,80,0,8.512769853901705,0.7607121110729155,69.97281010917223,250,0.9,-0,30.53718372872907,13.38951075594766,16.17649883268074,77081.70028216962,85191.38927741164,6.494383073280195,297.9612912776754,182.8338292174498,1.50179877884133,4,NaN,23,NaN,0.7694082764060223,0.1955290427237291,NaN,NaN,1.219939918838759,0,NaN,0,0,0,0,1
209.6,65,100,80,0,11.26713121167714,31.38747362621175,6.997281010917224,250,0.9,-0,30.66576183824892,13.39516005580282,16.15517549220239,77143.76623497448,85263.12065849108,6.498012977313831,297.8841057230401,154.5542873050969,1.501140804466576,4,NaN,23,NaN,0.7775383973965778,0.1954602339632501,NaN,NaN,1.219394813928492,0,NaN,0,0,0,0,1
209.8,65,100,80,0,12.57049767072191,9.416242087863527,103.3552912679151,250,0.9,-0,30.7943763228345,13.3978990340463,16.13381760390814,77206.06807918932,85335.0972539002,6.502886028016125,298.061944429952,219.7618675953512,1.500481702831046,4,NaN,23,NaN,0.7842860553556747,0.1954033396110576,NaN,NaN,1.218848784641538,0,NaN,0,0,0,0,1
210,65,100,80,0,11.93171855087614,67.00345224620891,10.33552912679152,250,0.9,-0,30.92354352246229,13.42801295990287,16.11251324714775,77268.22235748601,85406.94986575212,6.506725006475556,297.9599328675648,182.3286819187633,1.499821472309194,4,NaN,23,NaN,0.7594860784837849,0.1956185220972512,NaN,NaN,1.218301829679865,0,NaN,0,0,0,0,1
210.2,65,100,80,0,9.764717873554345,32.7985890439878,1.033552912679152,250,0.9,-4000,31.05419898501598,13.42753082611226,16.0913442329294,76626.12590139329,84678.46345408284,6.536170339049939,297.8635270087569,147.0865381757245,1.490602506613976,4,NaN,23,NaN,0.7514609584857163,0.1957060202605554,NaN,NaN,1.210665557157162,0,NaN,0,0,0,0,1
210.4,65,100,80,0,0,9.83957671319634,63.51205433815197,250,0.9,-4000,31.18581160182909,13.39115151454454,16.07052631499212,75982.11479366111,83948.03309235502,6.552528942064662,297.9432977543191,176.0028469525406,1.476933232788229,4,NaN,23,NaN,0.7568671205497928,0.1956865616183885,NaN,NaN,1.199346423226152,0,NaN,0,0,0,0,1
210.6,65,100,80,0.5192784111909625,0,2.951873013958902,0.0001,250,0.9,-4000,31.31918754566776,13.39591541330534,16.04961181169841,75338.24192154755,83217.77348293288,6.568380393458203,297.8688649373794,149.2500449327925,1.462939036958628,4,NaN,23,NaN,0.7487877806757465,0.1957840294567815,NaN,NaN,1.187762469041233,0,NaN,0,0,0,0,1
210.8,65,100,80,1.037948125756912,0,0.8855619041876706,71.45141701049658,250,0.9,-4000,31.45451151579206,13.39478648290226,16.02859006073842,74694.50146573766,82487.68843071902,6.583566037765866,297.9789754730616,188.4880643445851,1.448940273964125,4,NaN,23,NaN,0.7453241130239356,0.195841713280066,NaN,NaN,1.176179022241217,0,NaN,0,0,0,0,1
211,65,100,80,1.556659600038252,0,34.51437799329223,7.145141701049659,250,0.9,-4000,31.58707238974371,13.40896763998446,16.00746012512208,74050.89496514798,81757.58948962325,6.598092931389161,297.8955805205129,159.026017635511,1.43496101819567,4,NaN,23,NaN,0.7273574554552416,0.1960244175045874,NaN,NaN,1.16461599431423,0,NaN,0,0,0,0,1
211.2,65,100,80,2.075404827130429,0,10.35431339798767,107.9443935758601,250,0.9,-4000,31.7226005202358,13.42055739689851,15.9861970083091,73407.40635439754,81027.69634737643,6.612007847212559,298.094172431923,228.5758360734615,1.421003152600879,4,NaN,23,NaN,0.7110356858631983,0.1961928847184833,NaN,NaN,1.153074921707693,0,NaN,0,0,0,0,1
211.4,65,100,80,2.59417886271012,0,75.57825449784563,10.79443935758601,250,0.9,-4000,31.86175450262907,13.42851169633624,15.96480465176569,72764.04075622793,80298.03858188799,6.625267388136584,297.9831404701983,190.0313854499383,1.407066919581651,4,NaN,23,NaN,0.6983179717077959,0.1963302394083745,NaN,NaN,1.141555982884795,0,NaN,0,0,0,0,1
211.6,65,100,80,3.112990525924352,0,39.31425456434955,1.079443935758601,250,0.9,-4000,32.00333907889228,13.43893242725313,15.94335326931736,72120.85261841438,79568.61021446846,6.637435165690327,297.8779882896097,153.8531095154002,1.393152411679139,4,NaN,23,NaN,0.6837467023096795,0.1964835231243021,NaN,NaN,1.130059232268233,0,NaN,0,0,0,0,1
211.8,65,100,80,3.631895774876483,0,11.79427636930487,67.50426038778802,250,0.9,-4000,32.14571308408021,13.45573418498128,15.92178921314404,71477.80355788513,78839.31760098079,6.648926662004905,297.9746395634523,186.8123409624956,1.379259830353069,4,NaN,23,NaN,0.6631232057513554,0.1966888958525372,NaN,NaN,1.11858481416539,0,NaN,0,0,0,0,1
212,65,100,80,4.150819643105908,0,41.35216805978462,6.750426038778802,250,0.9,-4000,32.28924745563231,13.46666902974011,15.90010626392421,70834.89178877101,78110.17013062548,6.65988687566257,297.8814345335861,155.313889483089,1.365389302168253,4,NaN,23,NaN,0.6478016574897125,0.1968485352529133,NaN,NaN,1.107132810868892,0,NaN,0,0,0,0,1
212.2,65,100,80,4.669764734945293,0,12.40565041793539,117.1895887630818,250,0.9,-0,32.43408972064479,13.48415456509344,15.8783252810552,70896.17829456464,78181.157050808,6.63161324387271,298.1131875724055,233.3115978708735,1.360318211940974,4,NaN,23,NaN,0.6315232497567755,0.1969988329003342,NaN,NaN,1.102946984975164,0,NaN,0,0,0,0,1
212.4,65,100,80,5.193819852808701,0,88.61328154409173,11.71895887630818,250,0.9,-0,32.58041883065687,13.49075622036698,15.85650891207687,70957.54496195437,78252.29194594605,6.604510758172478,297.9925825244822,192.6876068510664,1.359429885370768,4,NaN,23,NaN,0.6302582684360793,0.1970114980846644,NaN,NaN,1.102213791997935,0,NaN,0,0,0,0,1
212.6,65,100,80,5.715795720589777,0,49.51092618462135,1.171895887630818,250,0.9,-0,32.72698062155654,13.50617765666367,15.8347405344641,71019.05095002025,78323.58777054783,6.578923568977886,297.8797641092787,154.6548159532923,1.358799165456229,4,NaN,23,NaN,0.6216614977211273,0.1970867655762533,NaN,NaN,1.101693228782432,0,NaN,0,0,0,0,1
212.8,65,100,80,6.237665908731771,0,14.85327785538641,77.25236690913599,250,0.9,-0,32.87212754405081,13.50942174925503,15.8129610656721,71080.65389711071,78394.93876174127,6.554518194236434,298.0023960561277,196.0303038132847,1.35818322418843,4,NaN,23,NaN,0.6248204739563119,0.1970608027236961,NaN,NaN,1.101184871457459,0,NaN,0,0,0,0,1
213,65,100,80,6.759489464699807,0,53.49859173029611,7.725236690913599,250,0.9,-0,33.01613519076563,13.52051138015844,15.79116691165534,71142.35094694258,78466.3529733942,6.531487896517501,297.9073477206021,163.9346870472243,1.357567190080341,4,NaN,23,NaN,0.6209259011605063,0.197095559112995,NaN,NaN,1.100676445779487,0,NaN,0,0,0,0,1
213.2,65,100,80,0,0,16.04957751908883,131.2015349798358,250,0.9,-0,33.15972914780708,13.51705236446997,15.76965072669261,71202.66043411885,78536.34451099274,6.518386987400097,298.1739284416212,254.0268989129769,1.356950148540918,4,NaN,23,NaN,0.6119352612272571,0.1971741758898695,NaN,NaN,1.100167196939604,0,NaN,0,0,0,0,1
213.4,65,100,80,0,0,105.2583283096884,13.12015349798358,250,0.9,-0,33.30419330130066,13.51567656558595,15.74812678597841,71262.94074696203,78606.34306072732,6.505897324892791,298.0445171557664,210.2561755790246,1.356332051874125,4,NaN,23,NaN,0.6179158881431428,0.1971239365352173,NaN,NaN,1.099657085615342,0,NaN,0,0,0,0,1
213.6,65,100,80,0,0,65.13439584294785,1.312015349798358,250,0.9,-0,33.44825130467743,13.53212495591323,15.72669039685249,71323.25928533766,78676.37306578906,6.493918094660268,297.9234011728978,169.2578717415968,1.355712898193943,4,NaN,23,NaN,0.6073790304116762,0.1972158598942439,NaN,NaN,1.099146110292666,0,NaN,0,0,0,0,1
213.8,65,100,80,0,2.952087091032125,19.54031875288436,84.4361346602838,250,0.9,-0,33.59265089230555,13.55360540322655,15.70514819543133,71384.15963422638,78747.02154062783,6.485844000208171,298.0613875513698,216.0049930180897,1.355092685844449,4,NaN,23,NaN,0.5984343790040296,0.1972940666556179,NaN,NaN,1.098634269647602,0,NaN,0,0,0,0,1
214,65,100,80,0,9.12263650082236,65.18153318089418,8.443613466028379,250,0.9,-0,33.73457908161401,13.56065318496507,15.68336364531192,71446.28295324749,78818.8325245286,6.485122627350613,297.9559623406375,180.2594007378834,1.354471409582674,4,NaN,23,NaN,0.6119612380084712,0.197178906985245,NaN,NaN,1.098121559396139,0,NaN,0,0,0,0,1
214.2,65,100,80,0,15.5701145613033,30.07697081610416,0.844361346602838,250,0.9,-0,33.87585520546078,13.58436531154321,15.66139274722062,71509.72513340852,78891.9683397265,6.491376697400774,297.8605615070151,147.885368682892,1.353849058666417,4,NaN,23,NaN,0.6114712509520092,0.197184368075572,NaN,NaN,1.097607970716477,0,NaN,0,0,0,0,1
214.4,65,100,80,0,19.51661385808488,9.023091244831249,60.22861681675096,250,0.9,-0,34.02002107078168,13.60099630979186,15.63930852121101,71573.95333393366,78966.02856947316,6.502387953416747,297.9411472818144,175.2554016158598,1.35322562035129,4,NaN,23,NaN,0.6104195329396935,0.1971946658343524,NaN,NaN,1.097093493135225,0,NaN,0,0,0,0,1
214.6,65,100,80,0,19.06532859581419,2.706927373449375,0.0001,250,0.9,-0,34.16417825223171,13.59423286950363,15.61730164776593,71638.08473504479,79039.99656977633,6.512729235382225,297.86518849922,149.4346304447454,1.352601085186889,4,NaN,23,NaN,0.6209783174821634,0.1971050305721774,NaN,NaN,1.096578118897976,0,NaN,0,0,0,0,1
214.8,65,100,80,0,14.49495105732852,0.8120782120348125,72.60330600759026,250,0.9,-0,34.30647650503754,13.58310639291529,15.59553687850611,71701.28835302622,79112.96015055822,6.517466298515362,297.985967171904,190.5261383866573,1.351975450346005,4,NaN,23,NaN,0.6265504412018841,0.1970583103858921,NaN,NaN,1.096061845716322,0,NaN,0,0,0,0,1
215,65,100,80,0,8.0459861863964,37.99497987821344,7.260330600759026,250,0.9,-0,34.45112446129156,13.56532514349801,15.57408890384038,71763.19078884536,79184.69430484751,6.51452105592993,297.8984630697204,160.7303938959874,1.351348720361286,4,NaN,23,NaN,0.6333495420327514,0.1970010208025476,NaN,NaN,1.095544677375278,0,NaN,0,0,0,0,1
215.2,65,100,80,0,2.782382812130558,11.39849396346403,114.7482647601904,250,0.9,-0,34.59662595544951,13.55136766529177,15.55287037361836,71824.01088745658,79255.36955554078,6.505470219578553,298.121786705756,236.836056500444,1.350720903374123,4,NaN,23,NaN,0.6399723203106525,0.1969452424769975,NaN,NaN,1.095026620637499,0,NaN,0,0,0,0,1
215.4,65,100,80,0,1.13455694766832,85.29379427662502,11.47482647601904,250,0.9,-0,34.74132486322618,13.55415911055791,15.53172559095798,71884.47697860203,79325.65971785535,6.494837653208593,298.0072353095219,197.7668262251472,1.350092007350654,4,NaN,23,NaN,0.6388920289799711,0.1969558015702106,NaN,NaN,1.094507682120657,0,NaN,0,0,0,0,1
215.6,65,100,80,0,3.72540780560002,48.66563677144168,1.147482647601904,250,0.9,-0,34.88670318098002,13.5849898768391,15.51055300411957,71945.49536236275,79396.55149800105,6.487536514249865,297.8963382978845,159.9132620461433,1.349462034155953,4,NaN,23,NaN,0.6201514119172312,0.1971184211264262,NaN,NaN,1.093987863407849,0,NaN,0,0,0,0,1
215.8,65,100,80,0,9.220725629054645,14.5996910314325,74.02923162724019,250,0.9,-0,35.03203553002309,13.60664821412202,15.4891796803669,72007.60694155394,79468.56201245832,6.486921512343877,298.0081692778961,198.1170130281376,1.348830978935589,4,NaN,23,NaN,0.6164912271127443,0.1971511897575489,NaN,NaN,1.093467160537719,0,NaN,0,0,0,0,1
216,65,100,80,0,14.95077425308745,50.12579289337466,7.40292316272402,250,0.9,-0,35.17789913787482,13.62450250484104,15.46760158777196,72070.85542758633,79541.75408502042,6.493160770479734,297.9163812284751,166.7340998973594,1.348198830814201,4,5026.634001935642,23,3195.078703855917,0.6181593101263286,0.197138094073663,15.55287037361836,20.01544590075549,1.092945564581324,0,69.87348842455695,0,0,0,0,1
216.2,65,100,80,0,18.18403328840915,15.0377378680124,122.3437070275487,250,0.9,-0,35.32234250419884,13.63425304461931,15.44590224118974,72134.71816515597,79615.52693327684,6.503049894003539,298.1577904178603,249.343352063677,1.347565577276572,4,NaN,23,NaN,0.622281639835862,0.1971038716574535,NaN,NaN,1.092423065257358,0,NaN,0,0,0,0,1
216.4,65,100,80,0,17.47160498787001,95.87661464437723,12.23437070275487,250,0.9,-0,35.46749890941685,13.63614875164443,15.42425619456303,72198.40876101804,79689.15743874724,6.511299153112891,298.0525112186023,213.2866097094578,1.346931209922823,4,NaN,23,NaN,0.624044638946891,0.1970899609141419,NaN,NaN,1.091899655680775,0,NaN,0,0,0,0,1
216.6,65,100,80,0,13.4765313681113,63.66186264975561,1.223437070275487,250,0.9,-0,35.61370029043893,13.62984107673394,15.40288399966109,72261.33328223167,79762.06036924467,6.514606440310423,297.9389189339456,174.3499443998132,1.34629572589158,4,NaN,23,NaN,0.6255270080664621,0.1970784677975798,NaN,NaN,1.091375333536716,0,NaN,0,0,0,0,1
216.8,65,100,80,0,8.169504971083972,19.09855879492668,83.63596144318471,250,0.9,-0,35.76159569064384,13.62211348884082,15.38177501067795,72323.18688490275,79833.94894625594,6.511618061245391,298.0733664888929,220.473526911987,1.345659127863331,4,NaN,23,NaN,0.6254757872620178,0.1970801805196853,NaN,NaN,1.090850101082899,0,NaN,0,0,0,0,1
217,65,100,80,0,4.062665675292849,64.04436740965394,8.363596144318471,250,0.9,-0,35.91102619583859,13.61748092867112,15.36086667518534,72384.20741234688,79905.05381425758,6.503913250261067,297.9742484895016,186.4423363104302,1.345021421966864,4,NaN,23,NaN,0.6250656347082187,0.1970849858108769,NaN,NaN,1.090323963421957,0,NaN,0,0,0,0,1
217.2,65,100,80,0,3.033074537886606,31.59154429101662,0.8363596144318471,250,0.9,-0,36.06024925117036,13.61854377349836,15.34007853088056,72445.05082540555,79975.98185297534,6.495414634919795,297.8793370121734,153.8290435667616,1.344382613203863,4,NaN,23,NaN,0.6267176899572656,0.1970720377210036,NaN,NaN,1.089796924726372,0,NaN,0,0,0,0,1
217.4,65,100,80,0,5.390440633138056,9.477463287304985,59.41808520696114,250,0.9,-0,36.20436571739035,13.63964183122631,15.31922608794637,72506.36323054731,80047.19947365818,6.489929923975706,297.9565011619343,180.3655165314282,1.343742701734464,4,NaN,23,NaN,0.6173479514090355,0.197153983486762,NaN,NaN,1.089268985174086,0,NaN,0,0,0,0,1
217.6,65,100,80,0,9.929265325660285,32.28606899128006,5.941808520696114,250,0.9,-0,36.34752117563829,13.64818012359316,15.29822079734948,72568.57900993802,80119.31105569606,6.489830074605186,297.8730107784849,151.6299590143198,1.34310168214112,4,NaN,23,NaN,0.6245518118394489,0.1970932448977216,NaN,NaN,1.088740140341526,0,NaN,0,0,0,0,1
217.8,65,100,80,0,14.50001191450028,9.685820697384019,102.0220657693357,250,0.9,-0,36.48944339091008,13.66321877978084,15.27704187615457,72631.68428867888,80192.28831389091,6.494427971935895,298.0624971250833,216.9011137644279,1.342459544582761,4,NaN,23,NaN,0.6271079741103507,0.1970725186957407,NaN,NaN,1.088210382156165,0,NaN,0,0,0,0,1
218,65,100,80,0,17.23342251891178,70.92269234289147,10.20220657693357,250,0.9,-0,36.63191294766585,13.67334431838513,15.25577584840515,72695.31424298868,80265.82971084015,6.501312725162923,297.9654436882641,183.4416836812913,1.341816278970257,4,NaN,23,NaN,0.6291841896337975,0.1970559260165579,NaN,NaN,1.087679702341458,0,NaN,0,0,0,0,1
218.2,65,100,80,0,17.22046373461619,38.36175123141074,1.020220657693357,250,0.9,-0,36.77276270554261,13.67860124454775,15.2346076291276,72758.97064538114,80339.34617829103,6.507125388813354,297.8673825777091,149.606243263896,1.341171885690308,4,NaN,23,NaN,0.6292703475150372,0.1970564712016814,NaN,NaN,1.087148101263614,0,NaN,0,0,0,0,1
218.4,65,100,80,0,14.89327388282757,11.50852536942322,70.04020965132624,250,0.9,-0,36.9154132130192,13.68422090103597,15.21358236183875,72822.15441159788,80412.46035938633,6.510489464555794,297.9721835513677,185.7973869824745,1.340526345163453,4,NaN,23,NaN,0.6233893218326032,0.1971083988638667,NaN,NaN,1.086615562817967,0,NaN,0,0,0,0,1
218.6,65,100,80,0,11.22505441575632,43.42716627491226,7.004020965132624,250,0.9,-0,37.05730775727816,13.66318496110993,15.19274825022011,72884.59521192213,80484.7971136186,6.509421477024149,297.8883551390716,156.8247312903484,1.339879663455398,4,NaN,23,NaN,0.6398341547280167,0.1969680761567996,NaN,NaN,1.086082092056458,0,NaN,0,0,0,0,1
218.8,65,100,80,0,7.990731647576419,13.02814988247368,117.1049055640819,250,0.9,-0,37.20293317450476,13.66088378490664,15.17205241935214,72946.35797532776,80556.60016846308,6.505254044535781,298.1143134114636,234.984067122376,1.339231845547686,4,NaN,23,NaN,0.641273970625202,0.1969569680043502,NaN,NaN,1.085547693136434,0,NaN,0,0,0,0,1
219,65,100,80,0,6.41936545172454,87.42578466510273,11.71049055640819,250,0.9,-0,37.34616152586772,13.63599249838744,15.1514292470268,73007.78057001407,80627.96938630148,6.499954005905251,298.0031167266351,196.4897282111584,1.338582894931698,4,NaN,23,NaN,0.6673173399409369,0.1967338770478941,NaN,NaN,1.085012368985807,0,NaN,0,0,0,0,1
219.2,65,100,80,0,6.961811432369427,51.65499428621962,1.171049055640819,250,0.9,-0,37.4879905588518,13.65171706211812,15.13086962606624,73069.3455219116,80699.43126730686,6.495593596947869,297.8934430603109,158.491866905419,1.337932813512252,4,NaN,23,NaN,0.6607285550837321,0.1967919539115238,NaN,NaN,1.084476121223635,0,NaN,0,0,0,0,1
219.4,65,100,80,0,9.241714670984221,15.49649828586588,78.06931091419477,250,0.9,-0,37.63174453654322,13.6726218548386,15.11024887498981,73131.35882330894,80771.43679196158,6.493546192337458,298.013710170758,200.1938391021721,1.337281598344991,4,NaN,23,NaN,0.6504862650128995,0.1968815028261162,NaN,NaN,1.083938947469006,0,NaN,0,0,0,0,1
219.6,65,100,80,0,12.33599991445946,53.81531864920994,7.806931091419478,250,0.9,-0,37.77843963897368,13.69214448939601,15.08953479758289,73193.98144611935,80844.18617843982,6.494372634602803,297.9158491044277,166.2332293568948,1.336629243974755,4,NaN,23,NaN,0.6429782700119608,0.1969474831648036,NaN,NaN,1.083400843270199,0,NaN,0,0,0,0,1
219.8,65,100,80,0,15.09768364795479,16.14459559476298,130.0705952745279,250,0.9,-0,37.92540037261189,13.72134976406767,15.06871312828705,73257.12244181108,80917.48516453624,6.497620609107489,298.1699651333752,254.4916385894912,1.335975742949231,4,NaN,23,NaN,0.6257184965155633,0.1970974349616506,NaN,NaN,1.082861802528547,0,NaN,0,0,0,0,1
220,65,100,80,0,16.5614312638328,101.3929249951739,13.00705952745279,250,0.9,-0,38.07105911777251,13.73366962742407,15.047849516239,73320.52854181158,80991.00794280122,6.503492369079998,298.0391285068954,209.0123055633038,1.335321088950911,4,NaN,23,NaN,0.6206077238001769,0.1971427480854026,NaN,NaN,1.082321820081909,0,NaN,0,0,0,0,1
220.2,65,100,80,0,15.6756177775387,60.72211114409595,1.300705952745279,250,0.9,-0,38.21547872020734,13.75472495126732,15.02712970963001,73383.7974899784,81064.35222258378,6.507732208999162,297.9149624201789,165.8158030891414,1.334665277009198,4,NaN,23,NaN,0.6024133249809585,0.1973006791469737,NaN,NaN,1.081780891879543,0,NaN,0,0,0,0,1
220.4,65,100,80,0,13.10761713485114,18.21663334322878,82.27029650331542,250,0.9,-0,38.3600810277739,13.76561290710472,15.00655909183779,73446.54667954652,81137.17691983902,6.509916777989523,298.0407163243757,209.6008238817422,1.334008305499148,4,NaN,23,NaN,0.5892880630150816,0.1974149396959219,NaN,NaN,1.081239016630572,0,NaN,0,0,0,0,1
220.6,65,100,80,0,9.667308040494857,59.34406669821115,8.227029650331543,250,0.9,-0,38.50470849374481,13.78045378617445,14.98616553531236,73508.59925478934,81209.29727091847,6.508197975619275,297.9317801296087,171.640394088508,1.333350176574596,4,NaN,23,NaN,0.5704757453680348,0.1975780868550863,NaN,NaN,1.080696196160981,0,NaN,0,0,0,0,1
220.8,65,100,80,0,6.920746085328364,17.80322000946335,137.1073752557812,250,0.9,-0,38.65122460392636,13.76677919902056,14.96588206629112,73570.06814749744,81280.90796721353,6.503737847091298,298.1988751666872,264.7887858330508,1.332690894124289,4,NaN,23,NaN,0.5812609301604694,0.197486636500729,NaN,NaN,1.080152433727627,0,NaN,0,0,0,0,1
221,65,100,80,0,5.954736302796276,108.2097841226405,13.71073752557812,250,0.9,-0,38.79633869672305,13.78254604997,14.94564274435626,73631.31662250942,81352.24699204604,6.498445872768881,298.0531718466765,213.934534102555,1.332030462529679,4,NaN,23,NaN,0.5696545137907403,0.197587792670547,NaN,NaN,1.079607732993585,0,NaN,0,0,0,0,1
221.2,65,100,80,0,7.099472459731707,63.39674469161757,1.371073752557812,250,0.9,-0,38.94127108301537,13.8025496911047,14.92545456781976,73692.83793782799,81423.86303318926,6.494972319091,297.92445712943,168.9737116905885,1.331368883059955,4,NaN,23,NaN,0.5568109142406352,0.1976995649235664,NaN,NaN,1.079062095054951,0,NaN,0,0,0,0,1
221.4,65,100,80,0,9.625003761563233,19.01902340748527,80.69390397686099,250,0.9,-0,39.08590115311297,13.81765896693198,14.90520221250877,73754.86021143847,81495.98826092933,6.49395864378215,298.0442188419412,210.8409215613222,1.330706153012543,4,NaN,23,NaN,0.5521481732374218,0.1977409822685185,NaN,NaN,1.078515517732199,0,NaN,0,0,0,0,1
221.6,65,100,80,0,12.55375573194689,58.4693169568262,8.069390397686099,250,0.9,-0,39.22892627078999,13.82001563012137,14.88486892411424,73817.46016650689,81568.64712004314,6.496766752284897,297.9385234854834,173.861098853754,1.330042267439452,4,NaN,23,NaN,0.5614194992421798,0.197662594928413,NaN,NaN,1.077967996994218,0,NaN,0,0,0,0,1
221.8,65,100,80,0,14.35460046111091,17.54079508704786,132.4136549253219,250,0.9,-0,39.3720501671697,13.82642803510184,14.86447293235486,73880.38732648249,81641.65137590095,6.502406139418237,298.1934918900872,263.1402843639522,1.329377220133789,4,NaN,23,NaN,0.5656657720527321,0.197627410764536,NaN,NaN,1.077419527772048,0,NaN,0,0,0,0,1
222,65,100,80,0,13.90263345122769,103.9922405544193,13.24136549253219,250,0.9,-0,39.51643029644285,13.84695655861347,14.84411470770057,73943.19728567355,81714.59831713123,6.507755068987843,298.0562928123531,215.0596116601087,1.328711007241236,4,NaN,23,NaN,0.549897939601634,0.1977643267552063,NaN,NaN,1.076870106937313,0,NaN,0,0,0,0,1
222.2,65,100,80,0,11.32110740592906,62.00224157990613,1.324136549253219,250,0.9,-0,39.65981487215395,13.84133941655231,14.82396590015258,74005.53333354706,81787.02911640989,6.510100871472578,297.9279426311912,170.0433514802071,1.328043627982382,4,NaN,23,NaN,0.5529990571760732,0.1977390025285282,NaN,NaN,1.076319733897728,0,NaN,0,0,0,0,1
222.4,65,100,80,0,7.810181159370631,18.60067247397184,80.61900025673106,250,0.9,-0,39.80341275739725,13.83613314219962,14.80399858073703,74067.16304171202,81858.75398768498,6.50821942846202,298.047300434807,211.9394443949722,1.32737508505879,4,NaN,23,NaN,0.5556149748130788,0.1977178504031615,NaN,NaN,1.075768410931749,0,NaN,0,0,0,0,1
222.6,65,100,80,0,5.056087475588392,58.03958974982537,8.061900025673106,250,0.9,-0,39.9474696898965,13.82587835029258,14.78417168107475,74128.23381592165,81929.93703775236,6.502776635253661,297.9426805128723,175.1872639732012,1.326705383849369,4,NaN,23,NaN,0.5647151694098488,0.1976409375450461,NaN,NaN,1.075216142525611,0,NaN,0,0,0,0,1
222.8,65,100,80,0,4.477265118213576,17.41187692494761,130.7289146597474,250,0.9,-0,40.0918817860341,13.82503808516465,14.764365138353,74189.15698874705,82000.99609476935,6.49694610160713,298.1906525351906,262.3668681098376,1.326034529092937,4,NaN,23,NaN,0.5706126670562169,0.1975915586024646,NaN,NaN,1.074662932637484,0,NaN,0,0,0,0,1
223,65,100,80,0,6.220531687455388,101.5973932719709,13.07289146597474,250,0.9,-0,40.2360453018409,13.82941564601188,14.74449711240042,74250.40420008781,82072.38427232209,6.493621713411109,298.04879242731,212.4535512398933,1.325362523193323,4,NaN,23,NaN,0.576027755980012,0.1975463246164502,NaN,NaN,1.074108783299886,0,NaN,0,0,0,0,1
223.2,65,100,80,0,9.284092608625862,57.9453359554317,1.307289146597474,250,0.9,-0,40.38104351687364,13.84935443141081,14.72460752159941,74312.30856864902,82144.48407317307,6.494451336805914,297.9153874563238,165.4776984078029,1.324689364138258,4,NaN,23,NaN,0.5691608971402006,0.197606739277522,NaN,NaN,1.073553692903773,0,NaN,0,0,0,0,1
223.4,65,100,80,0,12.01019867929785,17.38360078662951,79.42430901638558,250,0.9,-0,40.52630660954492,13.86074736696369,14.70465619670155,74374.75606499964,82217.15473297672,6.499151787088167,298.0284436694927,205.320198061914,1.324015046721013,4,NaN,23,NaN,0.5689067706439681,0.197610275440298,NaN,NaN,1.072997657206203,0,NaN,0,0,0,0,1
223.6,65,100,80,0,12.85672116196882,54.21556122444984,7.942430901638558,250,0.9,-0,40.67184070069193,13.8690084917004,14.68471679605964,74437.36756028357,82290.00837726868,6.504869542179006,297.9140615382058,164.9778055350511,1.323339566037165,4,NaN,23,NaN,0.5677868093257419,0.1976212610362491,NaN,NaN,1.072440672213902,0,NaN,0,0,0,0,1
223.8,65,100,80,0,11.4251914945717,16.26466836733495,133.9819462615877,250,0.9,-0,40.81739744220333,13.87729321710805,14.66484534732411,74499.66112441367,82362.54791726022,6.508516223431484,298.1693841522026,255.1023532404002,1.322662919753323,4,NaN,23,NaN,0.5617336178747242,0.1976746763800196,NaN,NaN,1.071882736053918,0,NaN,0,0,0,0,1
224,65,100,80,0,8.545037823760591,101.9861438635754,13.39819462615877,250,0.9,-0,40.96396478023327,13.86388009131626,14.64510344456366,74561.35392692336,82434.52336285439,6.508320892652409,298.0200793243569,202.3580703284826,1.321985110441952,4,NaN,23,NaN,0.5727842646568736,0.1975809877524592,NaN,NaN,1.071323850898595,0,NaN,0,0,0,0,1
224.2,65,100,80,0,5.748990827760204,54.91296435944999,1.339819462615877,250,0.9,-0,41.10908314259528,13.8519804654423,14.62557009721833,74622.53292651997,82505.92319373056,6.504338294911797,297.8898986508805,156.3332156936915,1.321306143191266,4,NaN,23,NaN,0.5842602444692216,0.1974836175900272,NaN,NaN,1.070764020994506,0,NaN,0,0,0,0,1
224.4,65,100,80,0,4.546110725137599,16.47388930783499,78.66122926485157,250,0.9,-0,41.25548551264232,13.86065262247135,14.60611901317553,74683.46902367454,82577.136282914,6.49878193148924,298.0016988119847,195.8908332492817,1.320626023236679,4,NaN,23,NaN,0.5795417781342919,0.1975255756719349,NaN,NaN,1.070203250709375,0,NaN,0,0,0,0,1
224.6,65,100,80,0,5.558818688697762,51.89249934786154,7.866122926485158,250,0.9,-0,41.40080971416494,13.87266358704854,14.58665852537533,74744.601593374,82648.51206563909,6.494608898102977,297.8935183142402,157.5838300087574,1.319944754117704,4,NaN,23,NaN,0.5748025085243393,0.1975677114001014,NaN,NaN,1.069641543012442,0,NaN,0,0,0,0,1
224.8,65,100,80,0,8.231166634061617,15.56774980435846,133.5930260992209,250,0.9,-0,41.54504843751646,13.8795777451436,14.56709439749891,74806.23603109265,82720.36584938034,6.494365193055716,298.1480768503073,247.7948940576101,1.319262335546322,4,NaN,23,NaN,0.5790926397882362,0.197532169507019,NaN,NaN,1.069078897717096,0,NaN,0,0,0,0,1
225,65,100,80,0,10.99253505749401,100.2087352646059,13.35930260992209,250,0.9,-0,41.68928236458756,13.89959315992835,14.5474364742317,74868.39653548335,82792.76881624045,6.497614618893915,298.007243144452,197.8461503858818,1.318578765039462,4,NaN,23,NaN,0.5712043197948307,0.1976013991622913,NaN,NaN,1.068515312827083,0,NaN,0,0,0,0,1
225.2,65,100,80,0,12.45524952702739,55.26479961056694,1.335930260992209,250,0.9,-0,41.8320678268508,13.90761083539474,14.52782522883701,74930.89287719798,82865.46352937014,6.502759234114322,297.8807633871406,152.9522833590381,1.31789403870522,4,NaN,23,NaN,0.5709278416665308,0.1976051485503519,NaN,NaN,1.067950785184873,0,NaN,0,0,0,0,1
225.4,65,100,80,0,11.86507970605794,16.57943988317008,81.84762291205416,250,0.9,-0,41.9762715141973,13.90745293354066,14.50828139860136,74993.26653318053,82938.10097115449,6.507134346409329,298.0009347066473,195.6411869721453,1.317208153933332,4,NaN,23,NaN,0.5750093612230245,0.1975714108380297,NaN,NaN,1.067385312689875,0,NaN,0,0,0,0,1
225.6,65,100,80,0,9.533453542704205,54.51577031059436,8.184762291205416,250,0.9,-0,42.12010155114998,13.91835202397745,14.48886606501803,75055.16653814199,83010.25043502188,6.508081032706253,297.890731435313,156.4620364729725,1.316521111935399,4,NaN,23,NaN,0.5646593736356819,0.1976618163674342,NaN,NaN,1.066818896392566,0,NaN,0,0,0,0,1
225.8,65,100,80,0,6.831935688493274,16.35473109317831,139.4732945249743,250,0.9,-0,42.26015700241913,13.90171246612211,14.46955494029208,75116.49154265488,83081.66675655512,6.505451109977038,298.157916556182,251.5259446095548,1.315832916999365,4,NaN,23,NaN,0.5793619186085187,0.1975367174643936,NaN,NaN,1.066251539879584,0,NaN,0,0,0,0,1
226,65,100,80,0,5.18314724038005,105.2625511522436,13.94732945249743,250,0.9,-0,42.39982574187043,13.89092646343304,14.45031258657547,75177.45970693437,83152.71018750696,6.500269022414551,298.0092028594288,198.5724512364486,1.315143575792552,4,NaN,23,NaN,0.5927628846738023,0.197422780565936,NaN,NaN,1.065683248698932,0,NaN,0,0,0,0,1
226.2,65,100,80,0,5.604119769031318,57.87430822268195,1.394732945249744,250,0.9,-0,42.53814483887081,13.89484367111609,14.43114776050399,75238.55795540613,83223.84012875354,6.495818896078437,297.8799461277348,152.5108759985262,1.31445310321099,4,NaN,23,NaN,0.5962932281503436,0.1973937770760062,NaN,NaN,1.065114035181837,0,NaN,0,0,0,0,1
226.4,65,100,80,0,7.79457507183897,17.36229246680458,83.48367799561035,250,0.9,-0,42.67825474947973,13.91828853691511,14.41193195941172,75300.08925022831,83295.4893734005,6.494481731154926,298.0038647233097,196.7045469246993,1.313761482671318,4,NaN,23,NaN,0.5839697606457489,0.1975012161356734,NaN,NaN,1.064543885708363,0,NaN,0,0,0,0,1
226.6,65,100,80,0,10.51202810654199,56.58161321791702,8.348367799561036,250,0.9,-0,42.81803391715585,13.93776944740678,14.39264534661346,75362.15539062038,83367.68594435866,6.496498194598054,297.8972195357762,158.6411131760529,1.313068717932504,4,NaN,23,NaN,0.5748464199884191,0.1975811001598682,NaN,NaN,1.06397280342875,0,NaN,0,0,0,0,1
226.8,65,100,80,0,12.4218573394717,16.9744839653751,140.1109112164837,250,0.9,-0,42.95756364335587,13.94997536680983,14.37329002803913,75424.56766860894,83440.23181380812,6.501456593971382,298.1659838558097,254.6437884991458,1.312374807469962,4,NaN,23,NaN,0.5716594588214862,0.1976099066939449,NaN,NaN,1.063400787137701,0,NaN,0,0,0,0,1
227,65,100,80,0,12.34940888399222,106.6437458750546,14.01109112164837,250,0.9,-0,43.09836612017349,13.95700353667888,14.35395222708182,75486.9370174246,83512.79278334955,6.505630636418507,298.0219020919493,203.1367463342918,1.311679749823147,4,NaN,23,NaN,0.5693541621609742,0.1976311297579164,NaN,NaN,1.062827835682888,0,NaN,0,0,0,0,1
227.2,65,100,80,0,10.6193303353574,61.14419953582484,1.401109112164837,250,0.9,-0,43.24059299493678,13.95665374452778,14.33478215231359,75549.00553953812,83585.11484098274,6.507519008727985,297.8907345052099,156.2090953704147,1.310983545804527,4,NaN,23,NaN,0.570742970660013,0.1976205767823788,NaN,NaN,1.062253949785795,0,NaN,0,0,0,0,1
227.4,65,100,80,0,8.13888991881918,18.34325986074745,86.32713355054449,250,0.9,-0,43.38254908387562,13.94413772289262,14.31574293335358,75610.5726000245,83656.921217101,6.506176365840675,298.0197694201878,202.4101124035635,1.310286198874141,4,NaN,23,NaN,0.5829778970002186,0.1975167062687904,NaN,NaN,1.061679132350292,0,NaN,0,0,0,0,1
227.6,65,100,80,0,6.198790242609865,59.74660637402863,8.632713355054449,250,0.9,-0,43.52463252604345,13.94379071584958,14.2968064242902,75671.74317387279,83728.33742097058,6.502528019260262,297.9072003519174,162.0731923512016,1.309587714785325,4,NaN,23,NaN,0.5854314133192742,0.1974969911028963,NaN,NaN,1.061103388170414,0,NaN,0,0,0,0,1
227.8,65,100,80,0,5.715252658049552,17.92398191220859,144.3359852161224,250,0.9,-0,43.66848429020369,13.9545168425847,14.27788226296624,75732.78098792904,83799.69621572839,6.498454853339459,298.1828492615247,260.9233340271938,1.308888098658204,4,NaN,23,NaN,0.579674634895452,0.1975479282069303,NaN,NaN,1.060526721518005,0,NaN,0,0,0,0,1
228,65,100,80,0,6.854996597428753,110.3871369356577,14.43359852161224,250,0.9,-0,43.81064373817269,13.96298561490237,14.25891859100689,75794.01773538419,83871.20076203602,6.496131381184645,298.0350923431969,207.895195887161,1.308187354444134,4,5202.809662733786,23,3293.601859167517,0.5784021169007889,0.1975602801213553,14.33478215231359,19.02857197760624,1.059949135701331,0,65.1145467693373,0,0,0,0,1
0.2,30,100,8,0,30.55019857256696,0.0001,60.3406375361601,0,0.6,-0,0.9985306397102083,14.73100208574669,0.001,57950.10499856011,61945.85633426658,6.445576492219088,297.8804515888413,48.55680207226275,0.08739223541251381,5,NaN,22,NaN,0.0393053653839479,0.2042775540481903,NaN,NaN,0.03216230883728895,0,NaN,0,0,0,0,2
0.4,30,100,8,0,52.31960168493188,0.0001,23.90978223174923,0,0.6,-0,1.053661862122726,14.70634781022263,0.0009993491741006777,57957.9218876162,61958.14652054303,6.487477977877894,297.9338859981173,62.80230221965745,0.09884896233981663,5,NaN,22,NaN,-0.05725421865490078,0.2060527930582298,NaN,NaN,0.03638406460714663,0,NaN,0,0,0,0,2
0.6000000000000001,30,100,8,0,57.71097366081325,0.0001,0.0001,0,0.6,-0,1.107412779474927,14.68843845108682,0.0009986836872145153,57966.8129246356,61971.50354682918,6.536674027071975,297.904358204143,54.92904793781877,0.1024364171239262,5,NaN,22,NaN,-0.07302181138377654,0.2063383209288898,NaN,NaN,0.0377062853830666,0,NaN,0,0,0,0,2
0.8,30,100,8,0,43.53408454477467,0.0001,41.34539968272887,0,0.6,-0,1.160406146132936,14.67382168535293,0.0009980695050661606,57972.8553366778,61982.02114098874,6.574156270562964,298.022367133372,86.3992219918739,0.1044409855511357,5,NaN,22,NaN,-0.07148919923370294,0.2063057179952766,NaN,NaN,0.0384451587682451,0,NaN,0,0,0,0,2
1,30,100,8,0.5174921907795549,21.76704227238734,37.34807169419565,4.134539968272887,0,0.6,-0,1.212196725414014,14.66820535595786,0.0009975295987611362,57974.63918159503,61988.27935818685,6.581743671738635,297.963252295221,70.63346400022252,0.1061693537476281,5,1397.157851088398,22,1718.69173981669,-0.07041792781793915,0.2062822528427687,0.001,0.51050811171872,0.03908225714207824,0,4.082110588526092,0,0,0,0,2
1.2,30,100,8,1.038275308901442,10.88352113619367,16.90715306431284,0.4134539968272887,0,0.6,-0,1.262818590431624,14.65804479679548,0.0009970271779265062,57974.36516674107,61992.47903469313,6.572970301921929,297.9182602323113,58.63391161836144,0.1078942647809116,5,NaN,22,NaN,-0.06746662352512177,0.2062238748964033,NaN,NaN,0.03971810973033572,0,NaN,0,0,0,0,2
1.4,30,100,8,1.559701815049937,5.441760568096834,5.072145919293851,31.97401593718948,0,0.6,-0,1.312266933132602,14.63857758227463,0.0009965403720925687,57973.10154218517,61995.70269045023,6.555825331210367,298.0026761805776,81.14794067660384,0.1096784103196372,5,NaN,22,NaN,-0.06003521489471745,0.2060821333779888,NaN,NaN,0.0403758279162514,0,NaN,0,0,0,0,2
1.6,30,100,8,2.081420536327656,2.720880284048417,31.46784725467244,3.197401593718948,0,0.6,-0,1.360294590339974,14.61586734271397,0.0009960593703604358,57971.39296640683,61998.48196030877,6.535079003490217,297.9555470229676,68.57859025234606,0.1115413259685202,5,NaN,22,NaN,-0.05017659239814304,0.2058950690375768,NaN,NaN,0.04106261698118942,0,NaN,0,0,0,0,2
1.8,30,100,8,0,0,14.67552503888046,0.3197401593718948,0,0.6,-0,1.406252660507907,14.60694407411922,0.0009955947537786888,57968.73577342738,62000.3028569864,6.514415819203839,297.9204953160848,59.23052269363727,0.1134893562745579,5,NaN,22,NaN,-0.04603147496899821,0.2058139934994311,NaN,NaN,0.04178082032914875,0,NaN,0,0,0,0,2
2,30,100,8,0,0,4.402657511664137,29.30968448423928,0,0.6,-0,1.450831138454376,14.58917100099151,0.0009951279867512152,57966.07204636513,62002.12977093202,6.494623252848485,298.0031928567943,81.28472389393737,0.1155239140256126,5,NaN,22,NaN,-0.03942006053558125,0.2056868627744716,NaN,NaN,0.04253096364526381,0,NaN,0,0,0,0,2
2.2,30,100,8,0,2.669496288535121,30.21477121124014,2.930968448423928,0,0.6,-0,1.494200266353772,14.5615537136086,0.0009946501734626021,57963.93655604731,62004.4856493601,6.479238906833734,297.9621724470581,70.34548483384135,0.1176376786026779,5,NaN,22,NaN,-0.02765226949056819,0.2054635994667507,NaN,NaN,0.04331035266100424,0,NaN,0,0,0,0,2
2.4,30,100,8,0,11.4810579976328,15.56223042670559,0.2930968448423928,0,0.6,-0,1.535951847869503,14.53900230528622,0.0009941426780045992,57963.57362386461,62008.60505336639,6.47578889577963,297.9316781296797,62.21337696556748,0.1198276259187389,5,NaN,22,NaN,-0.01694343202176937,0.2052597826074226,NaN,NaN,0.0441178770614869,0,NaN,0,0,0,0,2
2.6,30,100,8,0,21.64758581479119,4.668669128011676,28.11979727024869,0,0.6,-0,1.575857339450855,14.52441404681205,0.0009936000211500636,57965.23631682595,62014.74775675377,6.485514100649262,298.015767160539,84.63852224974165,0.1220988605836357,5,NaN,22,NaN,-0.01025120006591147,0.2051305117822823,NaN,NaN,0.04495542409993041,0,NaN,0,0,0,0,2
2.8,30,100,8,0,27.91900684774066,31.34602201782601,2.811979727024869,0,0.6,-0,1.614496388355783,14.50308243040617,0.0009930365405106591,57968.14614478302,62022.13786996034,6.502462362360925,297.9808156715749,75.31702872397545,0.1244480168273377,5,NaN,22,NaN,-0.00149796330466055,0.2049626544685455,NaN,NaN,0.04582175781269295,0,NaN,0,0,0,0,2
3,30,100,8,0,27.42959226053932,19.24835911395663,0.2811979727024869,0,0.6,-0,1.651405159617716,14.47184569113499,0.0009924774181476552,57970.9667810116,62029.4355637315,6.519099680147908,297.9526297442009,67.79940136780374,0.1268741553049328,5,NaN,22,NaN,0.01198074967748431,0.2047065041716036,NaN,NaN,0.04671653702661115,0,NaN,0,0,0,0,2
3.2,30,100,15,0,20.30938423651197,9.066938021231454,0.02811979727024869,0,0.6,-0,1.700617943415397,14.44323805447295,0.0009919206105375223,57973.76907118937,62037.16046229711,6.525826948937796,297.9388292264028,64.1183475210613,0.129387677589413,5,NaN,22,NaN,0.02500208985033408,0.2044585589705664,NaN,NaN,0.04764360368007389,0,NaN,0,0,0,0,2
3.4,30,100,15,0,10.52977863668098,2.720081406369436,18.39476623662465,0,0.6,-0,1.74828367754005,14.42105126403274,0.000991396777445469,57974.60858387057,62042.91889274855,6.517578785012904,297.9997611765593,80.37172822535629,0.1319895718768675,5,NaN,22,NaN,0.03498037550066106,0.2042670834896467,NaN,NaN,0.04860332861925638,0,NaN,0,0,0,0,2
3.6,30,100,15,0,4.066845869320716,21.55120408396757,1.839476623662465,0,0.6,-0,1.794159624878721,14.39478112694204,0.0009908936405450671,57974.14952989174,62047.38932650071,6.500346773968496,297.9810133996161,75.3707179882587,0.1346841601491686,5,NaN,22,NaN,0.04565883679629972,0.2040622699125201,NaN,NaN,0.04959731282912527,0,NaN,0,0,0,0,2
3.8,30,100,15,0,4.478263153588351,14.61727553336419,0.1839476623662465,0,0.6,-0,1.838410050194587,14.37356314958933,0.000990388460188572,57973.77730873836,62051.95913756643,6.483895914062345,297.9679502496504,71.88605288628959,0.1374778478823439,5,NaN,22,NaN,0.05425155981758436,0.2038961191680091,NaN,NaN,0.05062792662894842,0,NaN,0,0,0,0,2
4,30,100,15,0,11.43871391380029,9.539099607851135,0.01839476623662465,0,0.6,-0,1.880213403878559,14.33741243513548,0.0009898590060799784,57974.79943852338,62057.92178330098,6.476158537770006,297.9648523304763,71.05964738051519,0.1403799585753241,5,NaN,22,NaN,0.06872327228205237,0.2036198411714398,NaN,NaN,0.05169861790055919,0,NaN,0,0,0,0,2
4.2,30,100,15,0,21.46803464833701,7.366425479444437,0.001839476623662465,0,0.6,-0,1.947584710666201,14.29977946001412,0.0009892954269458715,57977.8273085924,62067.34147902617,6.479364102558732,297.9675212307483,71.77165303791938,0.1433949177803313,5,NaN,30,NaN,0.08136751827036556,0.203377337172314,NaN,NaN,0.05281102865124613,0,NaN,0,0,0,0,2
4.4,30,100,15,0,30.20711976820185,6.992392859932174,0.0001839476623662465,0,0.6,-0,2.012460531222525,14.26517000247888,0.0009887029720241354,57982.60150152197,62078.50097082862,6.493266024551298,297.9728877338844,73.20344591423259,0.1465215101801649,5,NaN,30,NaN,0.09598492830470311,0.2030975623359486,NaN,NaN,0.05396472023282846,0,NaN,0,0,0,0,2
4.600000000000001,30,100,15,0,33.38536945087092,7.605865842903249,0.0001,0,0.6,-0,2.075965074220471,14.2416348045441,0.0009881011651943928,57988.00911617827,62090.31659986018,6.510800124201848,297.9799739789016,75.09427565475644,0.1497568869380329,5,NaN,30,NaN,0.105950635955035,0.202904479388899,NaN,NaN,0.05515865138208664,0,NaN,0,0,0,0,2
4.800000000000001,30,100,15,0,29.57229407365428,8.993661621001813,0.0001,0,0.6,-0,2.137231049239755,14.21374767401419,0.000987513727808337,57992.65149633124,62101.35237446235,6.523865449094019,297.9881448049065,77.2747422094249,0.1530923653518791,5,NaN,30,NaN,0.1166775174040711,0.2026968631012555,NaN,NaN,0.05638962771794795,0,NaN,0,0,0,0,2
5,30,100,15,0,20.55936928928226,11.00847396385904,0.0001,0,0.6,-0,2.196333489300997,14.18691660890083,0.0009869575992475883,57995.48854456464,62110.57315215333,6.524264266563395,297.9969682295502,79.62956629265405,0.1565271173543091,5,NaN,30,NaN,0.1265848234252215,0.2025043131034928,NaN,NaN,0.05765735323511915,0,NaN,0,0,0,0,2
5.2,30,100,15,0,11.41416358227966,13.54670445491467,0.0001,0,0.6,-0,2.254158232043043,14.15474857338652,0.0009864491498076406,57995.49377449264,62116.97951647655,6.512104165093082,298.006833039547,82.26244339263393,0.1600661156108491,0,NaN,30,NaN,0.1383514343994458,0.2022766261060462,NaN,NaN,0.05896367338055622,0,NaN,0,0,0,0,2
5.4,30,100,15,0,7.133658893771404,16.77019682708691,0.0001,0,0.6,-0,2.309571703475024,14.12176523509004,0.000985953997726793,57994.64017094159,62122.52781093606,6.494112592652339,298.0165163138187,84.84691432727369,0.1637244800544211,0,NaN,30,NaN,0.1503766322660154,0.2020437410894787,NaN,NaN,0.06031418068699539,0,NaN,0,0,0,0,2
5.600000000000001,30,100,15,0,10.02872186573641,20.29317935888161,0.0001,0,0.6,-0,2.362312493154396,14.07933185028077,0.0009854476456867803,57994.36287861157,62128.65200392657,6.480358735092474,298.0262251440442,87.43824887509204,0.1675069673161849,0,NaN,30,NaN,0.1670221938472181,0.2017237820564782,NaN,NaN,0.0617106439606277,0,NaN,0,0,0,0,2
5.800000000000001,30,100,15,0,18.39276744973285,24.18946299783047,0.0001,0,0.6,-0,2.412357835637096,14.03700325526595,0.000984912096013152,57995.75576684736,62136.45470735307,6.475814580332854,298.034668460433,89.69189595311074,0.1714160452130112,0,NaN,30,NaN,0.1844960794404053,0.2013877872183673,NaN,NaN,0.06315398799727348,0,NaN,0,0,0,0,2
6,30,100,15,0,28.55782780001107,28.01303382693975,0.0001,0,0.6,-0,2.459755956563045,13.99952821536867,0.0009843422281819712,57999.17908512724,62146.29853339599,6.483803917121697,298.0428549253181,91.87713947905557,0.175461968839467,0,NaN,30,NaN,0.1996050800603658,0.2010957266546039,NaN,NaN,0.06464801416015109,0,NaN,0,0,0,0,2
6.2,30,100,15,0,35.51551463143417,32.07410660560614,0.0001,0,0.6,-0,2.505057597948662,13.95692366330338,0.0009837498944255238,58003.99176409344,62157.54046102526,6.499402341407068,298.0473440269437,93.07555607244649,0.1796354659663447,0,NaN,30,NaN,0.2169482059098607,0.200761205486252,NaN,NaN,0.06618931396511936,0,NaN,0,0,0,0,2
6.4,30,100,15,0,36.24898111467531,35.16850787923078,0.0001,0,0.6,-0,2.547593198175223,13.93415905801217,0.0009831565959237992,58008.94949917437,62168.91288636225,6.514951471681312,298.0512502588231,94.11848888470006,0.1839317319304396,0,NaN,30,NaN,0.2253338660555533,0.2005947949629999,NaN,NaN,0.06777612811277546,0,NaN,0,0,0,0,2
6.600000000000001,30,100,15,0,30.78730625256429,38.25789062583853,0.0001,0,0.6,-0,2.586856776255231,13.89623880819316,0.0009825829281068833,58012.81358413117,62179.16326739109,6.520730463402939,298.0537935828912,94.79761026439378,0.1883423116332045,0,NaN,30,NaN,0.2383589517557937,0.200340761266189,NaN,NaN,0.06940534845203294,0,NaN,0,0,0,0,2
6.800000000000001,30,100,15,0,23.04592301541913,41.02792539607992,0.0001,0,0.6,-0,2.623377965210523,13.84481998818021,0.000982035730042271,58015.12822850929,62187.86231374493,6.515351495148766,298.0574924367286,95.78536063100104,0.1928764561664384,0,NaN,30,NaN,0.257421946564929,0.1999725838183805,NaN,NaN,0.07108040741944352,0,NaN,0,0,0,0,2
7,30,100,15,0,17.4614607452955,44.30221439791782,0.0001,0,0.6,-0,2.657233176564664,13.80367118089851,0.0009815069597742564,58016.32509172364,62195.45321309561,6.503369836102986,298.0589550105904,96.17595638056741,0.1975529244581503,0,NaN,30,NaN,0.2729985545648779,0.1996695818930024,NaN,NaN,0.07280825262667588,0,NaN,0,0,0,0,2
7.2,30,100,15,0,16.65561344735785,46.9350273537525,0.0001,0,0.6,-0,2.687748165267918,13.75783575271508,0.0009809801400743965,58017.36015893512,62202.86805070579,6.490696302547311,298.0612010519309,96.77581410951771,0.2023786297903582,0,NaN,30,NaN,0.2897495681888617,0.1993439306797304,NaN,NaN,0.07459145810027758,0,NaN,0,0,0,0,2
7.4,30,100,15,0,20.90032030954939,49.90975520940966,0.0001,0,0.6,-0,2.714258610947549,13.70877439560532,0.0009804382976364844,58019.24310242386,62211.11107949273,6.482571853943924,298.0655164527477,97.92840799995592,0.2073631585930173,0,NaN,30,NaN,0.3077286683643694,0.1989945489590875,NaN,NaN,0.07643358776033259,0,NaN,0,0,0,0,2
7.600000000000001,30,100,15,0,28.37767161602088,53.67676262857204,0.0001,0,0.6,-0,2.736276169747608,13.65743077188137,0.0009798710272295712,58022.62005786828,62220.82684435524,6.482429183440354,298.0697754577099,99.06603360391675,0.2125224666933234,0,NaN,30,NaN,0.3264359104212526,0.1986308010109904,NaN,NaN,0.07834056247933917,0,NaN,0,0,0,0,2
7.800000000000001,30,100,15,0,35.90046796360006,57.57062081242227,0.0001,0,0.6,-0,2.755443415772822,13.61233379505621,0.0009792789551541423,58027.50037086111,62232.06233957299,6.490670544618963,298.0713221213592,99.47921678423333,0.2178595261381976,0,NaN,30,NaN,0.342689914239768,0.1983128320949875,NaN,NaN,0.08031350710783583,0,NaN,0,0,0,0,2
8,30,100,15,0,40.12476190573761,60.68885689836124,0.0001,0,0.6,-0,2.771370909264537,13.55663122816395,0.0009786737830325737,58033.22475746116,62244.14188557052,6.501871298031038,298.071900222241,99.63368231359911,0.2233620719223312,0,NaN,30,NaN,0.3632524253869848,0.1979127642076527,NaN,NaN,0.08234791415685415,0,NaN,0,0,0,0,2
8.200000000000001,42,100,15,0,39.88587657790251,63.55128127618175,0.0001,0,0.6,-0,2.783181770043153,13.64561843886058,0.0009780706736013198,58038.90096093743,62256.16545213425,6.511576974821061,298.0705485184975,99.2725095726195,0.1797211074316364,0,NaN,30,NaN,0.340210243698978,0.2002705258292606,NaN,NaN,0.09270932114216802,0,NaN,0,0,0,0,2
8.4,42,100,15,0,35.77909444052547,65.77686606209116,0.0001,0,0.6,-0,2.791585798604266,13.58641477098794,0.0009774824431088096,58043.75592621024,62267.36607931735,6.516673683667071,298.0677206426434,98.51679193942326,0.1786159065393164,0,NaN,30,NaN,0.3396616717609164,0.2002801232572064,NaN,NaN,0.09213787594376371,0,NaN,0,0,0,0,2
8.6,42,100,15,0,29.64396193441009,67.4569561141563,0.0001,0,0.6,-0,2.795557511352804,13.54148296239968,0.0009769153235575461,58047.3843798384,62277.33151197885,6.511563740825571,298.0642660792238,97.59348967589516,0.1823512801596418,0,NaN,30,NaN,0.3513162932407632,0.2001158131415136,NaN,NaN,0.094069320667359,0,NaN,0,0,0,0,2
8.800000000000001,42,100,15,0,25.57153568500892,68.8258649024242,0.0001,0,0.6,-0,2.796113172516804,13.48818568600554,0.000976361737245968,58050.19892504721,62286.47715518031,6.501821952636595,298.0616256221718,96.88770654480216,0.1867328620939152,0,NaN,30,NaN,0.3732760116658452,0.1998114014283593,NaN,NaN,0.09633513896732246,0,NaN,0,0,0,0,2
9,42,100,15,0,25.37835587853795,70.35079441604427,0.0001,0,0.6,-0,2.793194212759604,13.4290981377525,0.0009758083769582884,58052.97491824703,62295.58681751609,6.492354169402994,298.0618946777938,96.95964258432919,0.1912962689478606,0,NaN,30,NaN,0.3993525156304973,0.1994509489323688,NaN,NaN,0.09869525809886706,0,NaN,0,0,0,0,2
9.200000000000001,42,100,15,0,28.95656872414201,72.77438286495783,0.0001,0,0.6,-0,2.785505225667203,13.37517257968067,0.0009752425843390072,58056.46564750573,62305.40671326104,6.485665270492285,298.0659984739506,98.05680828957904,0.19601008709591,0,NaN,30,NaN,0.4197665501143644,0.1991662970127011,NaN,NaN,0.1011334620642726,0,NaN,0,0,0,0,2
9.4,42,100,15,0,35.20210320930777,76.50922503914177,0.0001,0,0.6,-0,2.772891551912176,13.329139565093,0.0009746557229594091,58061.20370129645,62316.46672016662,6.485412734078297,298.0717843995856,99.60387659412447,0.2008784209151521,0,NaN,30,NaN,0.4335925861789059,0.1989700737256135,NaN,NaN,0.103651902948088,0,NaN,0,0,0,0,2
9.600000000000001,42,100,15,0,41.53643342091259,80.94953368518605,0.0001,0,0.6,-0,2.75646262248248,13.28714279984933,0.0009740480377199929,58067.20660581876,62328.78081813032,6.49100495218627,298.0767088776195,100.9207963803866,0.2058808872619078,0,NaN,30,NaN,0.4465327361664584,0.1987854722325819,NaN,NaN,0.1062400647575219,0,NaN,0,0,0,0,2
9.800000000000001,42,100,15,0,45.63530195448583,85.29699914907769,0.0001,0,0.6,-0,2.73640180355685,13.25101382256952,0.0009734275401250062,58074.02778273307,62341.92190671939,6.500607925079883,298.0782255117654,101.3264589022081,0.2110084783275266,0,NaN,30,NaN,0.4540301038822953,0.1986740511713912,NaN,NaN,0.1088933133270186,0,NaN,0,0,0,0,2
10,42,100,15,0,45.89852926938693,88.65988725488921,0.0001,0,0.6,-0,2.711545788166513,13.19300862768607,0.0009728072392531483,58080.89976421379,62355.09346191392,6.510419332991705,298.0852464944774,103.2046411122649,0.2162711996161783,0,NaN,30,NaN,0.4741727726768381,0.1983915544336372,NaN,NaN,0.1116168530307904,0,NaN,0,0,0,0,2
10.2,42,100,15,0,42.2493441680137,94.00420822563365,0.0001,0,0.6,-0,2.683594751791806,13.13769475234663,0.0009722000790061652,58087.04003309408,62367.5661917055,6.516708373183527,298.0872631338665,103.7442145868828,0.2216757451182989,0,NaN,30,NaN,0.4932008656776499,0.19812368576315,NaN,NaN,0.1144141776788928,0,NaN,0,0,0,0,2
10.4,42,100,15,0,36.0967633480915,97.84403498744314,0.0001,0,0.6,-0,2.65072624074205,13.06202524914484,0.0009716139440800035,58091.94867219574,62378.79689611075,6.51330342764564,298.0895794261203,104.3640505471394,0.2272323569177064,0,NaN,30,NaN,0.5241210517988422,0.1976945036464758,NaN,NaN,0.1172906206775272,0,NaN,0,0,0,0,2
10.6,42,100,15,0,31.32668543981348,101.9003985395968,0.0001,0,0.6,-0,2.613505079654716,12.9980611463476,0.0009710434033951413,58095.9013206931,62389.0864333925,6.502958042862578,298.0983162538948,106.7022621247492,0.2329515518518524,0,NaN,30,NaN,0.5473235676588829,0.197369123143627,NaN,NaN,0.1202516616732742,0,NaN,0,0,0,0,2
10.8,42,100,15,0,30.68650533114951,108.256460409388,0.0001,0,0.6,-0,2.571341520816446,12.94427611495509,0.0009704740690553391,58099.72174185343,62399.24412562717,6.491857294203951,298.1164873937303,111.5659286382395,0.2388329407723163,0,NaN,30,NaN,0.5628312595481401,0.197147464810672,NaN,NaN,0.1232971368757539,0,NaN,0,0,0,0,2
11,42,100,15,0,34.46689287386344,118.1468369653968,0.0001,0,0.6,-0,2.524695331271449,12.88168925764013,0.0009698912449196578,58104.29377200589,62410.15281116488,6.484059324142376,298.1269906901678,114.3776031825759,0.2448750043689917,0,NaN,30,NaN,0.5833936063660778,0.1968568921489138,NaN,NaN,0.1264262981019768,0,NaN,0,0,0,0,2
11.2,42,100,15,0,41.35321816300728,126.0024679524519,0.0001,0,0.6,-0,2.472196570653888,12.8143504019799,0.0009692850592686218,58110.23916997211,62422.43369900934,6.482526277322621,298.1404288743551,117.9754667615833,0.2510949824154077,0,NaN,30,NaN,0.6050112971068251,0.1965514937341242,NaN,NaN,0.1296481153371771,0,NaN,0,0,0,0,2
11.4,42,100,15,0,48.84278212333069,135.3220176550605,0.0001,0,0.6,-0,2.41341572439465,12.73143325758618,0.0009686541223151623,58117.67907092022,62436.20633708328,6.486769497140941,298.1466267895614,119.6351716039216,0.2575176416221037,0,NaN,30,NaN,0.634901819409376,0.1961332115995981,NaN,NaN,0.1329754653435387,0,NaN,0,0,0,0,2
11.6,42,100,15,0,54.63615975612713,142.6255948081688,0.0001,0,0.6,-0,2.349362886257884,12.6656398334964,0.0009680045825667998,58126.27467009827,62451.14084466534,6.494392428777453,298.1561362164127,122.1821462791883,0.2641373816540832,0,NaN,30,NaN,0.6558501646294419,0.1958356909315073,NaN,NaN,0.1364054989178153,0,NaN,0,0,0,0,2
11.8,42,100,15,0,57.38776333279677,151.3583673163565,0.0001,0,0.6,-0,2.280498861035127,12.59844994567725,0.0009673467488117429,58135.41785985728,62466.62468257805,6.501312914029773,298.1600864583215,123.2404177878861,0.2709311133083686,0,NaN,30,NaN,0.6781194220618582,0.1955197069138176,NaN,NaN,0.1399263021969916,0,NaN,0,0,0,0,2
12,42,100,15,0,57.38429191049673,158.5049881890019,0.0001,0,0.6,-0,2.206150746603328,12.52183633424064,0.0009666897330525026,58144.55821794726,62482.11093924731,6.505734246367786,298.1652608724415,124.6269454035733,0.2779089950327002,0,1506.069481711017,30,1851.040551232116,0.7027948563334303,0.195170438426735,0.0009692850592686218,2.318662640588121,0.1435431892214241,0,10.45493762759166,0,0,0,0,2
12.2,42,100,30,0,55.61823694612104,166.263776433145,0.0001,0,0.6,-0,2.154316951654291,12.43685870806738,0.0009659893665738435,58156.3437789356,62501.16880992883,6.506200299273602,298.1645474027807,124.4357704580974,0.2851032091199766,0,NaN,30,NaN,0.7304415644772806,0.1947800536814788,NaN,NaN,0.147272898143428,0,NaN,0,0,0,0,2
12.4,42,100,30,0,53.67073684663076,172.1761040108234,0.0001,0,0.6,-0,2.095229160571599,12.34985395799185,0.0009652959660603399,58167.73930139581,62519.81610111437,6.502834232430625,298.1616533571615,123.6599551801588,0.2925257009939593,0,NaN,30,NaN,0.7584218048924292,0.194384379058805,NaN,NaN,0.151121686936875,0,NaN,0,0,0,0,2
12.6,42,100,30,0,53.06957594292435,177.3535368989326,0.0001,0,0.7,-0,2.028256213597932,13.08320452552803,0.0009646049801592863,58179.0154792446,62538.33159813206,6.497901216328377,298.1511472189021,120.8426653620886,0.3001911501979856,0,NaN,30,NaN,0.7972210109283724,0.1938403129731925,NaN,NaN,0.1550972385952918,0,NaN,0,0,0,0,2
12.8,42,100,30,0,54.43449829049133,179.8126254351158,0.0001,0,0.7,-0,1.952607470719242,12.98201824901859,0.0009639098913480916,58190.56649973221,62557.0895163758,6.492074888141357,298.1413759730365,118.2217390252817,0.3081150137688692,0,NaN,30,NaN,0.8276665321101607,0.1934092523337184,NaN,NaN,0.1592076479004708,0,NaN,0,0,0,0,2
13,42,100,30,0,58.12786773887493,182.1883623572836,0.0001,0,0.7,-0,1.870195319776124,12.87084822551138,0.0009632028186581565,58202.85662653302,62576.5890925184,6.486236809872972,298.140471233814,117.9790474896919,0.3162845044271471,0,NaN,30,NaN,0.8707721337900249,0.1928042195034003,NaN,NaN,0.1634463628723939,0,NaN,0,0,0,0,2
13.2,42,100,30,0,64.15364843620792,187.2511106583609,0.0001,0,0.7,-0,1.779788899789273,12.77409777094749,0.000962476038601923,58216.35069359321,62597.26119266599,6.483323384061104,298.1416287716813,118.2897835205557,0.3246930420538512,0,NaN,30,NaN,0.9051359366479751,0.1923176790548061,NaN,NaN,0.1678100500774491,0,NaN,0,0,0,0,2
13.4,42,100,30,0,71.33516899797033,192.9249180347921,0.0001,0,0.7,-0,1.682309413054648,12.6571261161744,0.0009617257533981029,58231.27773277893,62619.37829810007,6.481663111969516,298.1546413569063,121.7834434633712,0.3333565460481597,0,NaN,30,NaN,0.9486149913273541,0.1917052046648442,NaN,NaN,0.1723070557474895,0,NaN,0,0,0,0,2
13.6,42,100,30,0,79.18604694002616,202.7166573414417,0.0001,0,0.7,-0,1.578032870172362,12.53674140564446,0.0009609500720659137,58247.7709232975,62643.11356858991,6.485889634322759,298.1597370560063,123.1520874085264,0.3422971494214052,0,NaN,30,NaN,0.993259481208384,0.1910754159987863,NaN,NaN,0.1769489626215741,0,NaN,0,0,0,0,2
13.8,42,100,30,0,85.33101734691084,210.1761300257678,0.0001,0,0.7,-0,1.466857055709822,12.42375228777318,0.0009601551402187048,58265.49012011047,62668.09626291569,6.49187382274271,298.1645718350636,124.4511551854579,0.3515064079637215,0,NaN,30,NaN,1.0350851810348,0.1904830518606058,NaN,NaN,0.181731486005472,0,NaN,0,0,0,0,2
14,42,100,30,0,89.09538498333961,217.7960506574911,0.0001,0,0.7,-0,1.348162935106074,12.31701851606537,0.0009593486993900368,58283.95717963223,62693.83002991664,6.497220294298582,298.183092406413,129.4292406419776,0.36097134380736,0,NaN,30,NaN,1.071905384296538,0.1899583991369737,NaN,NaN,0.1866479847848819,0,NaN,0,0,0,0,2
14.2,42,100,30,0,90.72888024014725,230.3208307450173,0.0001,0,0.7,-0,1.219953665513285,12.18279982550067,0.000958537499935718,58302.74465942052,62719.87853167997,6.499159968430004,298.1965297709928,133.0425416667636,0.3707272252834106,0,NaN,30,NaN,1.118168766000009,0.1893024827534132,NaN,NaN,0.1917168846390249,0,NaN,0,0,0,0,2
14.4,42,100,30,0,91.59563944597325,241.6837824804066,0.0001,0,0.7,-0,1.084623741377616,12.05936020754001,0.0009577235334245789,58321.69703046924,62746.13901766305,6.496719607950239,298.2299332377854,142.0283338325156,0.3807836927319529,0,NaN,30,NaN,1.16040718748415,0.1887006832801267,NaN,NaN,0.1969433123461043,0,NaN,0,0,0,0,2
14.6,42,100,30,0,93.44200760547176,260.4770647017182,0.0001,0,0.7,-0,0.941081693929358,11.93086214806788,0.0009569033500288908,58341.01066544474,62772.76716247822,6.491327523326025,298.2402137444244,144.7951181063569,0.3911343142986051,0,NaN,30,NaN,1.204932789272374,0.1880659851867307,NaN,NaN,0.2023240474291013,0,NaN,0,0,0,0,2
14.8,42,100,30,0,97.44087515909384,272.3958099081969,0.0001,0,0.7,-0,0.789634741652243,11.82327409126916,0.0009560702907623218,58361.12029317848,62800.18210932294,6.486878664784131,298.2436236969078,145.7133088368039,0.4017586161246487,0,NaN,30,NaN,1.239731877016132,0.1875645981583106,NaN,NaN,0.2078485667654584,0,NaN,0,0,0,0,2
15,42,100,30,0,103.2067468306615,282.5031551311004,0.0001,0,0.7,-0,0.6308238452058399,11.71315647460416,0.0009552189054607893,58382.38096378274,62828.76969978338,6.483951043073833,298.2417506731875,145.2088997180595,0.4126580843823228,0,NaN,30,NaN,1.272278361383507,0.1870934314523573,NaN,NaN,0.2135177625274179,0,NaN,0,0,0,0,2
15.2,42,100,30,0,110.1416958530041,290.9672759380173,0.0001,0,0.7,-0,0.4620979297556628,11.56820639529465,0.000954345749369091,58405.0288350218,62858.72319002993,6.480676971596036,298.2280205479499,141.5088862914851,0.4238743010707715,0,NaN,30,NaN,1.322337287361337,0.1863783372052077,NaN,NaN,0.2193533952538886,0,NaN,0,0,0,0,2
15.4,42,100,30,0,118.3922777795637,295.31008065348,0.0001,0,0.7,-0,0.2891437764130773,11.48029177343923,0.0009534467088527222,58429.32763219444,62890.31738789801,6.478161546016156,298.2205510704667,139.4949955452621,0.4353447782688382,0,NaN,30,NaN,1.358542306525623,0.1858542324350596,NaN,NaN,0.2253230844208899,0,NaN,0,0,0,0,2
15.6,42,100,30,0,127.6454329402744,301.3868574091617,0.0001,0,0.7,-0,0.1204166366384339,11.50989771241109,0.0009525184786120428,58455.47533231831,62923.73649815939,6.477799550093106,298.22165775487,139.7934644483702,0.4469267495872778,0,NaN,30,NaN,1.365636553735795,0.1857340614011042,NaN,NaN,0.2313526147259862,0,NaN,0,0,0,0,2
15.8,42,100,30,0,137.0387508878039,310.0953497519388,0.0001,0,0.7,-0,0.0136935289624355,12.64005402562027,0.0009515620231521494,58483.50644619272,62959.03349408511,6.493294805393887,298.1476345767639,119.8109208514433,0.4578879539105679,0,NaN,30,NaN,1.173548201825998,0.1883733154647027,NaN,NaN,0.2370606567658375,0,NaN,0,0,0,0,2
16,42,100,30,0,140.1888459059087,292.8612189799439,0.0001,0,0.7,-0,0.009818124710019464,13.01190555359892,0.0009506099484664327,58512.2031662963,62995.02694577561,6.529617495254715,297.9762339004367,73.51945057608977,0.4657895928455561,0,NaN,30,NaN,0.8416725660519954,0.1929122945922118,NaN,NaN,0.2411764457061347,0,NaN,0,0,0,0,2
16.2,42,100,75,0,128.7922941982415,239.8194561114807,0.0001,0,0.7,-0,0.03609117871392285,11.84040962992253,0.0009495476007770549,58547.64346146864,63041.53522294139,6.541784362326879,297.9843729165368,75.72024737367433,0.4740546858212374,0,NaN,35,NaN,1.103096839203346,0.1893136771335668,NaN,NaN,0.245482459303907,0,NaN,0,0,0,0,2
16.4,42,100,75,0,112.674874551048,243.0216930048559,0.0001,0,0.7,-0,0.03718163862164565,11.7143534373952,0.0009485383900489875,58579.84747310498,63084.85441638056,6.542888679932346,298.0312296972971,88.39154245562369,0.4839590570303646,0,NaN,35,NaN,1.217282969438397,0.187720111443756,NaN,NaN,0.2506437423482323,0,NaN,0,0,0,0,2
16.6,42,100,75,0,96.07471439099479,258.5402241165466,0.0001,0,0.7,-0,0.03543663890895072,11.67419964704459,0.000947583298372027,58608.72018553169,63124.84787742075,6.539648111572135,298.042848557874,91.53551497500081,0.4942293089299385,0,NaN,35,NaN,1.24067475399287,0.1873774188611652,NaN,NaN,0.2559971013533772,0,NaN,0,0,0,0,2
16.8,42,100,75,0,80.74963264269968,263.3684188084985,0.0001,0,0.7,-0,0.03301875668559839,11.62774825233822,0.0009466781344483042,58634.52136662606,63161.75235889466,6.532861004644199,298.0589113643642,95.88439813061098,0.5045649147154333,0,NaN,35,NaN,1.257366582008592,0.1871271084935988,NaN,NaN,0.2613859771845826,0,NaN,0,0,0,0,2
17,42,100,75,0,68.13712267699093,270.4297665135841,0.0001,0,0.7,-0,0.02948254725658281,11.61196065226146,0.0009458136021987199,58657.79465482802,63196.00096420668,6.518510316402351,298.0642301225502,97.32510685725178,0.5148651387395918,0,NaN,35,NaN,1.266292849224376,0.1869842447919015,NaN,NaN,0.2667578542157958,0,NaN,0,0,0,0,2
17.2,42,100,75,0,61.27834763131457,274.3534432027091,0.0001,0,0.7,-0,0.02820535912855689,11.55753649366112,0.0009449706847871355,58679.69109730428,63228.911508119,6.502966518683689,298.0807507294619,101.8023979609778,0.5251094625803947,0,NaN,35,NaN,1.27892383023821,0.1867901991302272,NaN,NaN,0.2721020128178308,0,NaN,0,0,0,0,2
17.4,42,100,75,0,60.61680161198239,282.4217914964959,0.0001,0,0.7,-0,0.02748157757443265,11.51523970479853,0.0009441289594127962,58701.44669752533,63261.7485707709,6.488434966097212,298.109796959316,109.6779705841169,0.5353685937517737,0,NaN,35,NaN,1.285031745533645,0.1866863933632986,NaN,NaN,0.2774553309215976,0,NaN,0,0,0,0,2
17.6,42,100,75,0,65.76073851288159,295.3469885991396,0.0001,0,0.7,-0,0.02553187931334115,11.48036794442746,0.0009432700917980446,58724.22366299884,63295.58763200079,6.478802674788201,298.1175321512982,111.7762490430367,0.5456766920562852,0,NaN,35,NaN,1.293859106446542,0.1865448451120941,NaN,NaN,0.282835647425105,0,NaN,0,0,0,0,2
17.8,42,100,75,0,74.74476154481792,301.9151690834594,0.0001,0,0.7,-0,0.02440999416348275,11.44749642934007,0.0009423827972885367,58748.79441333937,63331.23345023365,6.476641999053599,298.116086465713,111.3838827586692,0.5559848430633195,0,NaN,35,NaN,1.300098443802833,0.1864391231744404,NaN,NaN,0.2882174423149296,0,NaN,0,0,0,0,2
18,42,100,75,0,84.58422560759905,305.7658492903739,0.0001,0,0.7,-0,0.02369696122606687,11.41218650434856,0.0009414652734283259,58775.33352172872,63368.9023325015,6.477920063576255,298.0983624051283,106.5709941941642,0.566313177507664,0,NaN,35,NaN,1.302789830706754,0.1863824938726597,NaN,NaN,0.2936112305153842,0,NaN,0,0,0,0,2
18.2,42,100,75,0,93.92509396311181,304.0151334947705,0.0001,0,0.7,-0,0.02276978365698895,11.36845790074907,0.000940519733676751,58803.74283032746,63408.48610251887,6.483280506983194,298.0843923443381,102.775340820899,0.5766961179243439,0,NaN,35,NaN,1.31082877409352,0.1862517136937464,NaN,NaN,0.2990350050018391,0,NaN,0,0,0,0,2
18.4,42,100,75,0,101.119398721932,303.0169831688476,0.0001,0,0.7,-0,0.02235299497236181,11.31676672164785,0.0009395534080916095,58833.59302450886,63449.54517434613,6.490212026124626,298.0661735234365,97.82240428926764,0.5871051078240941,0,NaN,35,NaN,1.327020990625858,0.1860079255313692,NaN,NaN,0.3044738663489261,0,NaN,0,0,0,0,2
18.6,42,100,75,0,105.5490063082001,300.0009783264168,0.0001,0,0.7,-0,0.02174751590857286,11.29757429490488,0.0009385754440885875,58864.33262331477,63491.48274945638,6.497602271716581,298.0409540498451,90.96208161128804,0.5975169376209569,0,NaN,35,NaN,1.328759509553364,0.1859643581050378,NaN,NaN,0.3099156939289281,0,NaN,0,0,0,0,2
18.8,42,100,75,0,107.0260384772785,293.9184082230182,0.0001,0,0.7,-0,0.02126854030283459,11.2460477401439,0.000937594920723559,58895.36783198001,63533.81465508402,6.503380228719905,298.0451204395761,92.09615894405657,0.6079803931591992,0,NaN,35,NaN,1.333326602651097,0.1858815081009696,NaN,NaN,0.3153859983031618,0,NaN,0,0,0,0,2
19,42,100,75,0,106.1986440762398,297.080735601316,0.0001,0,0.7,-0,0.02098176965582785,11.19156276288883,0.0009366185120560977,58926.23282370032,63576.03707904832,6.50662178770938,298.0543254727602,94.60329154341736,0.618508831919485,0,NaN,35,NaN,1.344702028658358,0.1857041908621272,NaN,NaN,0.3208917884262283,0,NaN,0,0,0,0,2
19.2,42,100,75,0,104.0777861414128,301.9172406109764,0.0001,0,0.7,-0,0.01994399304744807,11.20386421360162,0.0009356500311406099,58956.66851074989,63617.7491320575,6.506545209212031,298.0607602293424,96.35693683231806,0.6290191679637135,0,NaN,35,NaN,1.334915448148183,0.1858201513846754,NaN,NaN,0.3263896256662013,0,NaN,0,0,0,0,2
19.4,42,100,75,0,101.9903266228381,306.1053991114514,0.0001,0,0.7,-0,0.01874757675869966,11.19590484118057,0.0009346892836848657,58986.68244973575,63658.94797404209,6.506029643837436,298.0645020374776,97.37727462227996,0.6394414135720186,0,NaN,35,NaN,1.33465865316123,0.1858042192549826,NaN,NaN,0.3318428779656159,0,NaN,0,0,0,0,2
19.6,42,100,75,0,100.099915091101,309.6265708440509,0.0001,0,0.7,-0,0.01797388362789027,11.18931514886999,0.0009337356717591184,59016.31523071734,63699.7033222143,6.504388734367387,298.063495416498,97.10259123404462,0.6497692709856538,0,NaN,35,NaN,1.329791539433533,0.1858523119185043,NaN,NaN,0.3372482116487637,0,NaN,0,0,0,0,2
19.8,42,100,75,0,98.86815371800925,311.6700494504901,0.0001,0,0.7,-0,0.01710203548488624,11.14026295274755,0.0009327872038196005,59045.70034676314,63740.20440400061,6.502492578316624,298.0548697405115,94.74756810083214,0.6600617601414119,0,NaN,35,NaN,1.345388092056723,0.185617040446638,NaN,NaN,0.3426364891995057,0,NaN,0,0,0,0,2
20,42,100,75,0,98.39209087290196,311.0828190111951,0.0001,0,0.7,-0,0.01607405275944197,11.15696052753432,0.000931841592555623,59074.99013203413,63780.49588501661,6.500814932310297,298.0456089374036,92.21763459468167,0.6702760735312652,0,NaN,35,NaN,1.336855240178553,0.1857161400154097,NaN,NaN,0.3479852767877831,0,NaN,0,0,0,0,2
20.2,55,100,150,0,98.58555292832163,310.0101497780485,0.0001,0,0.7,-0,0.05874243025669077,10.33036864885071,0.0009306586872301294,59119.30689126265,63840.59844998156,6.476607664058927,298.1279170626943,114.7209150806335,0.5385376787958358,0,NaN,35,NaN,1.658975125401023,0.1869319927811635,NaN,NaN,0.365500250038847,0,NaN,0,0,0,0,2
20.4,55,100,150,0,108.5365186773949,340.186244179284,0.0001,0,0.7,-0,0.06227532633105588,10.17722690708935,0.0009294417432086122,59165.583377287,63902.65322509853,6.449990890690569,298.2140763278355,138.2964982705988,0.5408090906910911,0,NaN,35,NaN,1.724446060045694,0.1862355173389895,NaN,NaN,0.3670527404237554,0,NaN,0,0,0,0,2
20.6,55,100,150,0,129.0700021594112,374.0907695643524,0.0001,0,0.7,-0,0.05877032706555677,10.08182795015706,0.0009281589902200156,59215.94361627361,63968.82021981874,6.434599033954153,298.2540259287194,149.2381797412889,0.5512798937696302,0,NaN,35,NaN,1.764507117512093,0.1857918154617713,NaN,NaN,0.3742106364998815,0,NaN,0,0,0,0,2
20.8,55,100,150,0,155.7157001930667,395.2550496745569,0.0001,0,0.7,-0,0.05062385041899274,10.05989359962318,0.0009267933204404805,59271.61825186518,64040.0769446582,6.425094904443953,298.2804116391358,156.4721709010268,0.5623336779892874,0,NaN,35,NaN,1.780315758895587,0.1856037068378124,NaN,NaN,0.3817691891774406,0,NaN,0,0,0,0,2
21,55,100,150,0,186.1796580187224,413.5844700885748,0.0001,0,0.7,-0,0.04753261043753041,9.983019556810833,0.0009253346141358164,59333.37749707242,64117.60024242009,6.419915743623576,298.2740562795956,154.7279490148802,0.5734924984525418,0,NaN,35,NaN,1.796173961918758,0.1854148449374167,NaN,NaN,0.3894017828153343,0,NaN,0,0,0,0,2
21.2,55,100,150,0,218.7199350023503,421.7094146866827,0.0001,0,0.7,-0,0.04270895246347998,9.950093807515218,0.0009237779376735637,59401.64074702046,64201.58090041726,6.417589440275595,298.2662928410425,152.5945144035164,0.5847609687957133,0,NaN,35,NaN,1.805148919389547,0.1852987121513486,NaN,NaN,0.3971116383856125,0,NaN,0,0,0,0,2
21.4,55,100,150,0,225,429.3558040672418,0.0001,0,0.7,-0,0.03822782492997536,9.89679507339488,0.0009222056555521871,59471.15461642072,64286.73885919648,6.416307553883192,298.2670933689528,152.8147467946838,0.596071525738239,0,NaN,35,NaN,1.829502858303182,0.1850194380019931,NaN,NaN,0.4048525760750008,0,NaN,0,0,0,0,2
21.6,55,100,150,0,225,439.676193524543,0.0001,0,0.7,-0,0.03541462885807042,9.859193665994407,0.0009206375536057266,59540.66372819388,64371.86717018478,6.41697205609299,298.2554339438736,149.602378934217,0.6073882713456479,0,NaN,35,NaN,1.833092480962851,0.1849603086471346,NaN,NaN,0.4126000429957529,0,NaN,0,0,0,0,2
21.8,55,100,150,0,225,445.6636892486073,0.0001,0,0.7,-0,0.03392025681113536,9.829729059007256,0.0009190739258598657,59610.17021128384,64456.96751226295,6.417866937240927,298.241736825483,145.8237690664729,0.618685219316505,0,NaN,35,NaN,1.835790615681841,0.1849106750133203,NaN,NaN,0.420336245720832,0,NaN,0,0,0,0,2
22,55,100,150,0,225,450.6044019872203,0.0001,0,0.7,-0,0.03194134821240088,9.77167014914019,0.0009175149334859899,59679.6759821974,64542.06853258314,6.418413249907165,298.2163917274305,138.8226435589656,0.6300174869397301,0,NaN,35,NaN,1.851583013645892,0.1847221055797914,NaN,NaN,0.4280989345367101,0,NaN,0,0,0,0,2
22.2,55,100,150,0,225,451.0282025026416,0.0001,0,0.7,-0,0.03044447375660538,9.703853343997844,0.0009159605955747632,59749.18161702749,64627.24447412252,6.418776616698636,298.199147747488,134.0531713171528,0.641419493316214,0,NaN,35,NaN,1.864906868475018,0.1845595677123067,NaN,NaN,0.4359117198415969,0,NaN,0,0,0,0,2
22.4,55,100,150,0,225,453.3838074365295,0.0001,0,0.7,-0,0.02834277472204727,9.682950518376806,0.0009144114657474547,59818.69251005555,64712.30292888816,6.420214870141865,298.1370175299306,116.8462615360086,0.6528282218279303,0,NaN,35,NaN,1.8735825681488,0.1844463262181493,NaN,NaN,0.4437314463513968,0,NaN,0,0,0,0,2
22.6,55,100,150,0,225,439.5462527595735,0.0001,0,0.7,-0,0.02735069554769201,9.603204270920907,0.0009128678197133398,59888.2113033507,64797.47697685745,6.421297040481996,298.1022900629915,107.216174969216,0.664278619511145,0,NaN,35,NaN,1.890277780363564,0.1842478919140497,NaN,NaN,0.4515820832242859,0,NaN,0,0,0,0,2
22.8,55,100,150,0,225,433.1694106696606,0.0001,0,0.7,-0,0.02540691277098578,9.585925192259504,0.0009113290368501236,59957.73214488648,64882.5298239988,6.422644241965227,298.0789545474742,100.7366650897121,0.6757399421753872,0,NaN,35,NaN,1.898669431151793,0.184137559159022,NaN,NaN,0.4594425688162304,0,NaN,0,0,0,0,2
23,55,100,150,0,225,429.2149911804096,0.0001,0,0.7,-0,0.02460629038045353,9.548256662133589,0.0009097949805806211,60027.25380424491,64967.58311103236,6.423640303766794,298.0541826324635,93.84957038096989,0.6871702812870556,0,NaN,35,NaN,1.903087154719994,0.1840694734183825,NaN,NaN,0.4672841559557733,0,NaN,0,0,0,0,2
23.2,55,100,150,0,225,423.8044923983924,0.0001,0,0.7,-0,0.02562665065219047,9.422605642745369,0.0009082652957240917,60096.77372116292,65052.94537973016,6.422990049770728,298.0487522955981,92.33814375022959,0.6987055251351169,0,NaN,35,NaN,1.930848385112825,0.1837533125266706,NaN,NaN,0.4752000923647031,0,NaN,0,0,0,0,2
23.4,55,100,150,0,225,424.1486642597898,0.0001,0,0.7,-0,0.02405344952133576,9.381794841455376,0.0009067394712399567,60166.28778201248,65138.23111796225,6.422390825036333,298.0490454220287,92.41980281370977,0.7103407376192337,0,NaN,35,NaN,1.95327865003085,0.1834934784234729,NaN,NaN,0.4831870554780518,0,NaN,0,0,0,0,2
23.6,55,100,150,0,225,426.1187314897726,0.0001,0,0.7,-0,0.02288574045677115,9.309003908323501,0.0009052178673661208,60235.79978657795,65223.57009761049,6.421467267916098,298.0201173962004,84.34604979251877,0.7220269187415045,0,NaN,35,NaN,1.971641888689011,0.1832767053998695,NaN,NaN,0.4912114577611599,0,NaN,0,0,0,0,2
23.8,55,100,150,0,225,417.975567456839,0.0001,0,0.7,-0,0.02343275650158531,9.229004042281009,0.0009037014856934557,60305.32054138743,65309.08180772594,6.419954848463942,297.9483662091383,64.29493722348505,0.7337692664742189,0,NaN,35,NaN,1.988739846026612,0.183073236732519,NaN,NaN,0.4992769033360303,0,NaN,0,0,0,0,2
24,55,100,150,0,225,125.3926702370517,442.5956752906962,0,0.7,-0,0.02267159915264784,9.217702243176447,0.0009021644038213359,60374.58752931198,65394.2625249603,6.41947428835549,299.6527497992608,541.2060819187957,0.7455486728685686,0,1166.078832691342,35,1828.032437403832,2.001068684831072,0.1829203929583328,0.0009082652957240917,8.900626701617327,0.507370298215062,0,21.88510378850316,0,0,0,0,2
24.2,55,100,30,0,225,712.0068755749729,44.25956752906962,0,0.7,-0,0.00346736510477532,12.11220921397353,0.01354077143373301,60419.68715525501,65447.63493541039,6.457499125857688,299.0222599005598,364.5978825592355,0.7532004031194131,0,NaN,35,NaN,1.103589960543212,0.1923407070931052,NaN,NaN,0.5126289885815546,0,NaN,0,0,0,0,2
24.4,55,100,30,0,225,543.6831010694906,4.425956752906962,0,0.7,-0,0.003516746674585158,12.06672433814661,0.02896109162225732,60464.95616992036,65501.22282788398,6.49333655564251,298.5299876682803,226.5963209389255,0.7580482154718501,0,NaN,35,NaN,0.9982427149570328,0.1934242820880754,NaN,NaN,0.5159612181852473,0,NaN,0,0,0,0,2
24.6,55,100,30,0,225,416.9126014443135,0.4425956752906962,0,0.7,-0,0.003492526947490918,12.04917340952257,0.04481657214348043,60510.34555790811,65554.95087964178,6.52519501489066,298.1898696622211,131.1714119243042,0.7627257064746465,0,NaN,35,NaN,0.9888739919197777,0.1935122162566685,NaN,NaN,0.519176775954545,0,NaN,0,0,0,0,2
24.8,55,100,30,0,215.4521780727134,323.138468656484,0.04425956752906962,0,0.7,-0,0.003504249023482287,12.01707294514253,0.06072650839011689,60553.90629925248,65606.8531757223,6.553087286730179,297.9580301534253,66.07356614588468,0.7673847430822585,0,NaN,35,NaN,0.9979962811716373,0.1934086380258625,NaN,NaN,0.5223800393030259,0,NaN,0,0,0,0,2
25,55,100,30,0.5178989758962554,107.7260890363567,252.8248355006829,0.004425956752906962,0,0.7,-0,0.0035162468425304,11.86124315433107,0.07662405475662584,60576.07587164139,65637.38084899665,6.562567401703663,297.8282861932051,29.62077108491058,0.7720441549823684,0,NaN,35,NaN,1.052667912704592,0.1928327989551345,NaN,NaN,0.5255839521395391,0,NaN,0,0,0,0,2
25.2,55,100,30,1.037981088267498,53.86304451817834,75.84745065020486,268.1309077267732,0,0.8,-0,0.003483792296946701,12.61524043303056,0.09307506727942454,60587.45281692602,65657.12347653676,6.543271057340041,298.7736822725053,295.3303956099717,0.7766975341515822,0,NaN,35,NaN,1.075180826039121,0.1925901511860189,NaN,NaN,0.5287841075245909,0,NaN,0,0,0,0,2
25.4,55,100,30,0,37.16824995958977,396.5429099556068,26.81309077267732,0,0.8,-0,0.003427183359097379,12.58381538267777,0.1100306937177708,60595.1737761148,65673.2157070829,6.512039776713124,298.5609101708681,235.5159148873196,0.7813394205593108,0,NaN,35,NaN,1.072952261598533,0.1926042710434994,NaN,NaN,0.5319767484275404,0,NaN,0,0,0,0,2
25.6,55,100,30,0,32.91302957283298,345.0591495149514,2.681309077267732,0,0.8,-0,0.003366519874756955,12.56994447714619,0.1278674106250761,60602.10899135377,65688.50661069492,6.482789604945872,298.3346854546105,171.9075201007707,0.7859492740275773,0,NaN,35,NaN,1.070841522109841,0.1926172268774407,NaN,NaN,0.5351477421380767,0,NaN,0,0,0,0,2
25.8,55,100,30,0,40.31318805987482,289.6415445759093,0.2681309077267732,0,0.8,-0,0.00330828624994319,12.56530321278613,0.1464825011279711,60610.58135176292,65705.34221209316,6.45901252512495,298.1739038359623,126.6910876490102,0.7905313902641579,0,NaN,35,NaN,1.063236365909055,0.1926872411135996,NaN,NaN,0.5383000361654274,0,NaN,0,0,0,0,2
26,55,100,30,0,57.21256628205217,248.4192760621333,0.02681309077267732,0,0.8,-0,0.003199285387326385,12.59069278818056,0.1665415476319241,60622.47367374288,65725.59526143805,6.445468615704344,298.0590337397454,94.37861287997039,0.7950654958984844,0,NaN,35,NaN,1.043441400968417,0.1928837423994056,NaN,NaN,0.5414196740083643,0,NaN,0,0,0,0,2
26.2,55,100,30,0,79.51345736778705,216.5163488557448,0.002681309077267732,0,0.8,-0,0.003140994148352716,12.6139125877996,0.1874713105492651,60638.85422158431,65750.31789102461,6.44643812720721,297.9763845139844,71.122693730072,0.7995458503378243,0,NaN,35,NaN,1.02683196763898,0.1930472102863098,NaN,NaN,0.544502693497121,0,NaN,0,0,0,0,2
26.4,55,100,30,0,101.4116859770278,191.077656930269,0.0002681309077267732,0,0.8,-0,0.003136100998603779,12.61322358177915,0.2086296237039099,60659.63200956282,65779.44317208519,6.45658425954112,297.9289660571164,57.77503296097512,0.8040030992179539,0,NaN,35,NaN,1.024831137574084,0.1930592716840365,NaN,NaN,0.547570173209417,0,NaN,0,0,0,0,2
26.6,55,100,30,0,119.2678052833336,57.32329707908071,198.847676127135,0,0.8,-0,0.003105510779420074,12.63540442360955,0.23056097416446,60683.87702550416,65812.0370139335,6.471168572092679,298.6558090034133,262.4614893638738,0.8084333400941456,0,NaN,35,NaN,1.006292946194706,0.1932427077759242,NaN,NaN,0.550619421494894,0,NaN,0,0,0,0,2
26.8,55,100,30,0,131.3050075245612,305.7759791198752,19.8847676127135,0,0.8,-0,0.003124021306414659,12.62487349294224,0.2522958302935811,60710.43936511841,65846.96799329613,6.491631199061704,298.519029673174,223.9242910308061,0.8128513127197645,0,NaN,35,NaN,1.006738648775959,0.1932294845285528,NaN,NaN,0.5536605787793515,0,NaN,0,0,0,0,2
27,55,100,30,0,135.1520802835862,277.7286257181142,1.98847676127135,0,0.8,-0,0.003096221617160565,12.62642259228026,0.274272908956862,60737.81307911686,65882.7155053704,6.510429234126766,298.3601835294673,179.1468948496057,0.8172644423636269,0,NaN,35,NaN,0.993682787499259,0.1933560819466335,NaN,NaN,0.5566987543337544,0,NaN,0,0,0,0,2
27.2,55,100,30,0,131.5042094841672,243.4161638601291,0.1988476761271351,0,0.8,-0,0.003063134322092342,12.62566465206756,0.2966247354445051,60764.49627076533,65917.7433023796,6.529060233882959,298.2417434220876,145.742488233542,0.8216443742284419,0,NaN,35,NaN,0.9854253860559505,0.19343302212649,NaN,NaN,0.5597144230971449,0,NaN,0,0,0,0,2
27.4,55,100,30,0,120.3991599639916,217.2525552469248,0.01988476761271351,0,0.8,-0,0.00303164208802815,12.60363425189342,0.3193475733449016,60788.98557909224,65950.56022110934,6.541608435341798,298.1629475355039,123.5083157315229,0.8259903724532972,0,NaN,35,NaN,0.9864119772388655,0.1934143343186473,NaN,NaN,0.5627070705044278,0,NaN,0,0,0,0,2
27.6,55,100,30,0,104.2942469257071,200.021653509183,0.001988476761271351,0,0.8,-0,0.003022074711854042,12.58272152303509,0.3423645712061531,60810.27426760594,65980.16584211634,6.550286372709702,298.0913572481202,103.298390481714,0.8303141753145513,0,NaN,35,NaN,0.9803757760299933,0.1934683718155422,NaN,NaN,0.5656847729524108,0,NaN,0,0,0,0,2
27.8,55,100,30,0.5194349116580461,52.14712346285356,182.0245060926036,0.0001988476761271351,0,0.8,-0,0.002957147298758569,12.51516952350661,0.366177155267762,60821.25295748184,65999.44988833289,6.527888818416449,298.0487071172207,91.25422851936206,0.8346085531939137,0,NaN,35,NaN,0.9919289653351512,0.1933404240622096,NaN,NaN,0.5686425455790919,0,NaN,0,0,0,0,2
28,55,100,30,0,41.61282947393305,171.2730348921561,0.0001,0,0.8,-0,0.002906845091847253,12.50270477083154,0.390574799909484,60830.03088855062,66016.51792739252,6.498315739839875,298.0182804489947,82.65990340254463,0.8388548018455576,0,NaN,35,NaN,0.9903903580908454,0.1933480704788287,NaN,NaN,0.5715674967854482,0,NaN,0,0,0,0,2
28.2,55,100,37,0,42.83186106197563,162.9222272316998,0.0001,0,0.8,-0,0.003434072395169131,12.24950340202674,0.4092902953005063,60840.45627073655,66035.66603441931,6.469467315479442,298.0191812107224,82.91441880642267,0.8434574271688456,0,NaN,35,NaN,1.063536912015991,0.1925813303040075,NaN,NaN,0.5747382997903224,0,NaN,0,0,0,0,2
28.4,55,100,37,0,55.56492385065584,164.1467068767643,0.0001,0,0.8,-0,0.00334818731769492,12.26691318189549,0.4288295529808217,60853.4267956249,66057.3420893133,6.44736883530307,298.0200003638773,83.1459035859272,0.8482399542127939,0,NaN,35,NaN,1.057838645540896,0.1926311220340441,NaN,NaN,0.5780334450723913,0,NaN,0,0,0,0,2
28.6,55,100,37,0,77.11755778645286,165.1418544043401,0.0001,0,0.8,-0,0.003337991088229901,12.29332254005999,0.4486752777941971,60870.70681251946,66083.32542948928,6.43528681160485,298.0170078146722,82.29993623908219,0.8530020879041226,0,NaN,35,NaN,1.03609409215732,0.1928472293244183,NaN,NaN,0.5813149504684783,0,NaN,0,0,0,0,2
28.8,55,100,37,0,103.4917470456788,164.8532949253028,0.0001,0,0.8,-0,0.003332166686905584,12.31851820889714,0.4686052708220901,60893.26175706385,66114.60386866321,6.436161343533487,298.0072501852785,79.54044978641305,0.8577561544934135,0,NaN,35,NaN,1.014589775093512,0.1930607159920248,NaN,NaN,0.5845913061823266,0,NaN,0,0,0,0,2
29,55,100,37,0,129.5056786917236,162.1471499537302,0.0001,0,0.8,-0,0.003323826201267459,12.33619207222652,0.4886446241100688,60921.02128848656,66151.09013695673,6.454141807082377,297.9895791090368,74.54060477154052,0.8625028756932342,0,NaN,35,NaN,1.002468561901584,0.1931769588676531,NaN,NaN,0.5878630076813892,0,NaN,0,0,0,0,2
29.2,55,100,37,0,148.3127784405042,156.3956928187216,0.0001,0,0.8,-0,0.00326764765535545,12.34901226198639,0.5095269749882411,60952.54473278722,66191.32585555222,6.477277392473668,297.9723564402236,69.66491501573118,0.8672182156838001,0,NaN,35,NaN,0.9970450781283898,0.1932239024473585,NaN,NaN,0.5911134832478927,0,NaN,0,0,0,0,2
29.4,55,100,37,0,157.9034742143101,150.1956217388625,0.0001,0,0.8,-0,0.003338832034378953,12.31571596671151,0.529654267150122,60985.98805520395,66233.53121354883,6.500352655342132,297.9583051882418,65.68466397771576,0.8719561634722506,0,NaN,35,NaN,1.002912963334837,0.1931539388366636,NaN,NaN,0.5943799486452745,0,NaN,0,0,0,0,2
29.6,55,100,37,0,158.2807590885009,144.4404763296397,0.0001,0,0.8,-0,0.003384990071469017,12.27556814853667,0.5495132085358494,61019.50636075898,66275.84885885652,6.521769350142387,297.9550684448603,64.76723431026664,0.8767399043976004,0,NaN,35,NaN,1.01380100607682,0.1930319145864507,NaN,NaN,0.5976783973419836,0,NaN,0,0,0,0,2
29.8,55,100,37,0,150.0966131137803,141.865628811941,0.0001,0,0.8,-0,0.003300495061613434,12.27990545854863,0.5704579443348093,61051.3839404738,66316.47548929065,6.539100566867173,297.9642782341099,67.3792359350501,0.8814795583792053,0,NaN,35,NaN,1.010228048759297,0.1930596703218424,NaN,NaN,0.6009468562019901,0,NaN,0,0,0,0,2
30,55,100,37,0,134.9880733994146,143.3823483606782,0.0001,0,0.8,-0,0.00321271542795858,12.27314692522426,0.5927415939217994,61080.23619904205,66354.04441571209,6.553050520241412,297.9608438842549,66.40463912117512,0.8861427969583603,0,NaN,35,NaN,1.000734508953812,0.1931488391533556,NaN,NaN,0.6041630161588946,0,NaN,0,0,0,0,2
30.2,55,100,37,0.5189851622316792,67.49403669970729,140.7888580204473,0.0001,0,0.9,-0,0.003202866871245907,12.98503836897242,0.6153025854262776,61095.69174804449,66378.22029052694,6.538299059135524,297.9623232191263,66.82461560683603,0.8907794163814087,0,NaN,35,NaN,1.038218287110159,0.1927517489865434,NaN,NaN,0.6073612078462907,0,NaN,0,0,0,0,2
30.4,55,100,37,0,52.78743768872243,139.8566318345768,0.0001,0,0.9,-0,0.003132634797106058,12.96915453498814,0.6387558786993998,61108.10131776387,66399.3015428487,6.51929877650014,297.9580749197866,65.61816556346781,0.8953614419485554,0,NaN,35,NaN,1.041747276053159,0.1927062857141144,NaN,NaN,0.6105221250684436,0,NaN,0,0,0,0,2
30.6,55,100,37,0,45.60304334017174,136.9669942680503,0.0001,0,0.9,-0,0.003089127966975118,12.94421670343726,0.6630243582094838,61119.07474228492,66418.97205774077,6.495454084613767,297.9503626488801,63.42743022834976,0.8999129032839445,0,NaN,35,NaN,1.037371620929133,0.1927427543535345,NaN,NaN,0.6136623341413042,0,NaN,0,0,0,0,2
30.8,55,100,37,0,47.95881917961894,132.7659325423733,0.0001,0,0.9,-0,0.003032188678461152,12.93275117454673,0.6880942957824772,61130.52019413687,66439.08526305156,6.474592328298328,297.9453950759857,62.01598452698605,0.904424669105805,0,NaN,35,NaN,1.043241731960896,0.192673183901434,NaN,NaN,0.6167755264590902,0,NaN,0,0,0,0,2
31,55,100,37,0,58.63401140696582,39.829779762712,143.2491214869268,0,0.9,-0,0.003019487466784121,12.92574743015642,0.7135279088069331,61144.0153921829,66461.24774109141,6.45959370395538,298.5087944928008,222.1395322813311,0.9089045318567993,0,NaN,35,NaN,1.043936612528612,0.1926572766244055,NaN,NaN,0.6198670702109684,0,NaN,0,0,0,0,2
31.2,55,100,37,0,75.29896769244922,232.1921507100807,14.32491214869268,0,0.9,-0,0.003032300164879045,12.92661794729056,0.7388839872191484,61160.77297660127,66486.69121102816,6.456685699834798,298.4072409985238,193.2678184704541,0.9133846265500206,0,NaN,35,NaN,1.037327312837611,0.1927170116037748,NaN,NaN,0.6229591378964516,0,NaN,0,0,0,0,2
31.4,55,100,37,0,93.10623041414796,212.010493038443,1.432491214869269,0,0.9,-0,0.003019035587158112,12.9243628466152,0.7643801215467982,61181.12329242298,66515.73271719723,6.461205946366806,298.2904813307053,160.0605070981908,0.9178640699928244,0,NaN,35,NaN,1.038515745627518,0.1926959934854624,NaN,NaN,0.6260511199655,0,NaN,0,0,0,0,2
31.6,55,100,37,0,109.1197198456148,187.7615962927671,0.1432491214869269,0,0.9,-0,0.003047420514256341,12.88893341836489,0.7896404429299045,61204.70349215021,66548.04335355986,6.47172045074241,298.2134515611217,138.1432325405689,0.9223663666738933,0,NaN,35,NaN,1.055841799912653,0.1925077959235438,NaN,NaN,0.629159243406468,0,NaN,0,0,0,0,2
31.8,55,100,37,0,120.9315167632012,172.9550731965162,0.01432491214869269,0,0.9,-0,0.003065966660856438,12.86715868963155,0.8147893944264103,61230.66367412924,66582.7634031059,6.485559874366712,298.1582225873807,122.4214490471104,0.9268995091614175,0,NaN,35,NaN,1.063171379403867,0.1924230566614241,NaN,NaN,0.6322890324676357,0,NaN,0,0,0,0,2
32,55,100,37,0,127.2158201210307,162.4832340698087,0.001432491214869269,0,0.9,-0,0.003027328192779422,12.88098638437248,0.8405349243462326,61257.89339016746,66618.70761707299,6.502386283713636,298.1128629902719,109.5026005023879,0.9313932490952891,0,NaN,35,NaN,1.060955758542746,0.1924372821556334,NaN,NaN,0.6353919850288348,0,NaN,0,0,0,0,2
32.2,55,100,43,0,126.7704021685161,153.1817373971016,0.0001432491214869269,0,0.9,-0,0.00358685392845913,12.64347631745088,0.8592813841609004,61286.24078089927,66656.16936146613,6.515766371725247,298.0972036963544,105.0404090312199,0.9362228815514096,0,NaN,35,NaN,1.121322484245563,0.1918020718545055,NaN,NaN,0.6387272817774893,0,NaN,0,0,0,0,2
32.4,55,100,43,0,120.9938112996493,152.3518401090924,0.0001,0,0.9,-0,0.003586790257476801,12.6187402648329,0.8778456809859814,61313.43484679919,66692.48613305863,6.523981615950935,298.0818225726769,100.6551194958266,0.941259200990611,0,NaN,35,NaN,1.129793426504805,0.1917044274923615,NaN,NaN,0.6422057654058548,0,NaN,0,0,0,0,2
32.6,55,100,43,0,111.9370351998523,150.8079357580219,0.0001,0,0.9,-0,0.003575832550746665,12.58447827633416,0.8966530179750485,61338.82057535294,66726.99335065087,6.526686740553517,298.061159270983,94.76089048521634,0.9462961249327569,0,NaN,35,NaN,1.138919450705649,0.1915999725605048,NaN,NaN,0.6456851270467482,0,NaN,0,0,0,0,2
32.8,55,100,43,0,101.7997549512713,146.8628015765721,0.0001,0,0.9,-0,0.003435256798147551,12.5842038662479,0.9174391765924158,61362.18181020808,66759.41285771424,6.520385998662852,298.0470961730122,90.74748018788102,0.9512464283505836,0,NaN,35,NaN,1.142448271070726,0.1915537719269971,NaN,NaN,0.6491051025267984,0,NaN,0,0,0,0,2
33,55,100,43,0,94.19467831826009,144.4594802012148,0.0001,0,0.9,-0,0.00338192623859753,12.55539203078915,0.9390985028624311,61384.02423104141,66790.3348270408,6.511531442951181,298.032946305056,86.70753638142125,0.9561418701085977,0,NaN,35,NaN,1.142647866342819,0.1915422328892347,NaN,NaN,0.6524876138006184,0,NaN,0,0,0,0,2
33.2,55,100,43,0,90.11098170647175,141.4493554790901,0.0001,0,0.9,-0,0.003287669553879384,12.53611462019956,0.9623667955274315,61405.05140189703,66820.42172823676,6.502776278990236,298.024111441959,84.18401271055258,0.9609849937406759,0,NaN,35,NaN,1.150898640390209,0.1914472276938943,NaN,NaN,0.6558344041118576,0,NaN,0,0,0,0,2
33.4,55,100,43,0,89.52085246989185,139.7429381598853,0.0001,0,0.9,-0,0.00325583180121629,12.52181111577278,0.9862537046520874,61425.96262368774,66850.39545429997,6.492418681294903,298.0065579729815,79.16810855643912,0.9657867372815023,0,NaN,35,NaN,1.149966612992891,0.1914476201314104,NaN,NaN,0.6591530197815749,0,NaN,0,0,0,0,2
33.6,55,100,43,0,93.07933634769634,134.65743190932,0.0001,0,0.9,-0,0.003250235363231774,12.50249095084855,1.010309632376156,61447.58914087991,66881.08999306272,6.487925915777068,297.9873442113869,73.67547233656599,0.9705755710707094,0,NaN,35,NaN,1.153126608367354,0.1914055625110822,NaN,NaN,0.6624631303958015,0,NaN,0,0,0,0,2
33.8,55,100,43,0,98.41056199514253,128.4062591633243,0.0001,0,0.9,-0,0.003244309968089632,12.47947340086902,1.034606803816965,61470.28346659677,66912.86046768479,6.489543147165347,297.9827056125035,72.34885695779799,0.9753577264641162,0,NaN,35,NaN,1.162040856576517,0.191303781371269,NaN,NaN,0.6657690406755025,0,NaN,0,0,0,0,2
34,55,100,43,0,103.0936217603932,126.475453687522,0.0001,0,0.9,-0,0.003161843801979195,12.4670299371676,1.060115854697735,61493.91319211628,66945.56024515207,6.488353836606695,297.9812711399219,71.93840908676844,0.9801039766529488,0,NaN,35,NaN,1.171086958699414,0.1912006878820367,NaN,NaN,0.669050540624782,0,NaN,0,0,0,0,2
34.2,55,100,43,0,108.28116319679,125.366810607398,0.0001,0,0.9,-0,0.003085011276915767,12.47592902931687,1.086756020163898,61518.57807362242,66979.26659437684,6.493070363401396,297.9837445886805,72.64643644435516,0.9847894623570445,0,NaN,35,NaN,1.165684971008497,0.1912477285452354,NaN,NaN,0.6722904304237609,0,NaN,0,0,0,0,2
34.4,55,100,43,0,111.5537418345575,125.5285767205176,0.0001,0,0.9,-0,0.003167582466645317,12.42530211676419,1.11231384569765,61543.89753147859,67013.69037013674,6.498935280868054,297.9660845551127,67.58871952472148,0.9895006355601839,0,NaN,35,NaN,1.176609429556057,0.1911251991836108,NaN,NaN,0.6755484849025644,0,NaN,0,0,0,0,2
34.6,55,100,43,0,112.4954854437881,118.8077363494619,0.0001,0,0.9,-0,0.003185071074715037,12.39370939409886,1.137926045883611,61569.40707551159,67048.32708121079,6.507946388179135,297.9567309901141,64.90861105590707,0.994253277167108,0,NaN,35,NaN,1.182769690320305,0.1910520511758342,NaN,NaN,0.6788356262006745,0,NaN,0,0,0,0,2
34.8,55,100,43,0,109.8261414760472,114.4413774934267,0.0001,0,0.9,-0,0.003082306046382858,12.39160908704502,1.164971673876837,61594.38159310925,67082.41167981255,6.519483274442743,297.9583272343032,65.3661933393398,0.9989693728003656,0,NaN,35,NaN,1.181259024349239,0.1910586388203305,NaN,NaN,0.6820978967638035,0,NaN,0,0,0,0,2
35,55,100,43,0,102.5438262554007,113.439645605434,0.0001,0,0.9,-0,0.003021679632097015,12.3788305769943,1.192890607499642,61617.89727558392,67115.01029737621,6.52745192213562,297.9579419024976,65.25566724381176,1.003622369519022,0,NaN,35,NaN,1.181144370858528,0.1910508497640339,NaN,NaN,0.6853169163680106,0,NaN,0,0,0,0,2
35.2,55,100,43,0,92.09383827276379,111.7320055874711,0.0001,0,0.9,-0,0.002953533225390857,12.36301691832056,1.222058681515161,61639.3209277244,67145.49953987957,6.530321227677966,297.958270164287,65.34984583658479,1.008214334459343,0,NaN,35,NaN,1.180312342533637,0.1910506273869872,NaN,NaN,0.6884940993975766,0,NaN,0,0,0,0,2
35.4,55,100,43,0,80.50143555201566,110.2709672370088,0.0001,0,0.9,-0,0.002925533831903285,12.33659575526938,1.251788506510509,61658.42561907241,67173.66111697951,6.526194889581972,297.9490161348231,62.6934869504905,1.012765377314061,0,NaN,35,NaN,1.180246022089011,0.1910425326494536,NaN,NaN,0.6916433470300822,0,NaN,0,0,0,0,2
35.6,55,100,43,0,70.56619588591727,33.08129017110264,123.326014558919,0,0.9,-0,0.002898429560731815,12.30161624803535,1.282000571896375,61675.46763481761,67199.76548515973,6.518430776030663,298.4453222470042,205.2099574246954,1.017299326997089,0,NaN,35,NaN,1.183679307013298,0.1909981341060346,NaN,NaN,0.6947811413317159,0,NaN,0,0,0,0,2
35.8,55,100,43,0,63.72614748419308,202.4644091504324,12.3326014558919,0,0.9,-0,0.002874425429901025,12.26561935664046,1.312514506539932,61691.08396818866,67224.45242940664,6.505212875845463,298.3211415050147,169.5387381947326,1.021828845640466,0,NaN,35,NaN,1.189962214708104,0.1909241525655467,NaN,NaN,0.6979162427366502,0,NaN,0,0,0,0,2
36,55,100,43,0,62.17950669525113,172.5993415853712,1.233260145589191,0,0.9,-0,0.002805634009026993,12.26071515958191,1.344108687141208,61706.42371349883,67248.83801508571,6.489865934116357,298.2206026545286,140.6492226113022,1.026321411058964,0,736.539830832219,35,1766.28371584679,1.188124032454234,0.1909345744308096,1.222058681515161,12.65502670566192,0.7010261360069502,0,35.60118307728836,0,0,0,0,2
36.2,55,100,47,0,66.76117373698727,150.8876001706244,0.1233260145589191,0,0.9,-0,0.003025391816762624,12.12989012381519,1.372956679802682,61723.50519826435,67275.16829032025,6.476988906275556,298.1443712269065,118.7369320078794,1.030964361154288,0,NaN,35,NaN,1.222434892173824,0.190569197477543,NaN,NaN,0.7042405164332715,0,NaN,0,0,0,0,2
36.4,55,100,47,0,76.47873766454941,133.6143985644567,0.01233260145589191,0,0.9,-0,0.002988743129885954,12.12154907380823,1.402293986050226,61742.54833216345,67303.47261139462,6.471083926780386,298.0895820402387,102.9822413917766,1.035695109610298,0,NaN,35,NaN,1.227516307131195,0.1905072781320331,NaN,NaN,0.7075160847621074,0,NaN,0,0,0,0,2
36.6,55,100,47,0,88.54332879604866,120.6977858802273,0.001233260145589191,0,0.9,-0,0.002994175018070808,12.10279256250359,1.431868034345755,61764.01460145805,67334.23796608724,6.469049877961642,298.0646608042894,95.81320464575219,1.040437606499471,0,NaN,35,NaN,1.23224030598163,0.190449049337548,NaN,NaN,0.7108001969251437,0,NaN,0,0,0,0,2
36.8,55,100,47,0,101.4311533571327,115.8702048866748,0.0001233260145589191,0,0.9,-0,0.003031501899964669,12.08465855307073,1.460763980993998,61788.06339724272,67367.61711539728,6.469362308239731,298.0431247984716,89.61523054490985,1.045207898076286,0,NaN,35,NaN,1.237633956827262,0.1903838046225297,NaN,NaN,0.7141039699324012,0,NaN,0,0,0,0,2
37,55,100,47,0,114.1986963337083,111.0519723100117,0.0001,0,0.9,-0,0.003030671190599175,12.08123610112247,1.489651652100856,61814.66839430944,67403.57742970082,6.477237115127195,298.0315228733566,86.27461438805773,1.049998138597616,0,NaN,35,NaN,1.234625557826198,0.1904058586668689,NaN,NaN,0.7174219763347609,0,NaN,0,0,0,0,2
37.2,55,100,47,0,123.7990206931294,108.8280081316634,0.0001,0,0.9,-0,0.003042017658550852,12.05162334226774,1.518488018729587,61843.1936433408,67441.50371034558,6.492219178734712,298.0252933898472,84.47998080462881,1.054814844502064,0,NaN,35,NaN,1.242619237842169,0.1903134999704351,NaN,NaN,0.7207587359641096,0,NaN,0,0,0,0,2
37.4,55,100,47,0,127.4074074126519,107.9479585101552,0.0001,0,0.9,-0,0.003078106706285551,12.0142819192591,1.547042755857729,61872.43951248114,67480.21502386674,6.505651475976879,298.0211573198156,83.28778619998408,1.059682388774916,0,NaN,35,NaN,1.245268954696326,0.1902765927541482,NaN,NaN,0.7241311434150008,0,NaN,0,0,0,0,2
37.6,55,100,47,0,125.6707016904902,107.516237594837,0.0001,0,0.9,-0,0.003030970981099912,11.97839493514899,1.576335526856857,61901.3368571219,67518.55610310186,6.518334636085416,298.0154989588544,81.65589992285412,1.064548193359323,0,NaN,35,NaN,1.26595365724856,0.1900521546339825,NaN,NaN,0.7275027773352049,0,NaN,0,0,0,0,2
37.8,55,100,47,0,118.8582298423428,106.3885230815621,0.0001,0,0.9,-0,0.003081035150582749,11.92550742777851,1.605100307042629,61928.87013768777,67555.57251127613,6.526921574605202,298.0147006784236,81.42555321573376,1.069430273222278,0,NaN,35,NaN,1.277530361021703,0.1899223566119217,NaN,NaN,0.7308861227495494,0,NaN,0,0,0,0,2
38,55,100,47,0,108.6220209542643,106.7367649971713,0.0001,0,0.9,-0,0.002996386769004827,11.91097840006024,1.635082847486509,61954.35435941728,67590.48254463209,6.531703216517874,298.0113633633742,80.46205562343991,1.074273331008596,0,NaN,35,NaN,1.284968638009101,0.1898356715764754,NaN,NaN,0.7342428549185325,0,NaN,0,0,0,0,2
38.2,55,100,47,0,96.47252876490445,106.142653849242,0.0001,0,0.9,-0,0.003032105103854676,11.84644463647614,1.664830603157833,61977.40714803286,67623.0119531489,6.532221086775895,298.0104348544182,80.19386849123292,1.079108435925838,0,NaN,35,NaN,1.300271837671738,0.189667139877512,NaN,NaN,0.7375945018075637,0,NaN,0,0,0,0,2
38.40000000000001,55,100,47,0,84.1176966942208,106.2734742488218,0.0001,0,0.9,-0,0.002965544950118708,11.82928498188704,1.695538196458633,61997.98769592973,67653.01921550973,6.530116179091908,298.0065241931205,79.06383337234604,1.083905082138852,0,NaN,35,NaN,1.306129786010968,0.1895969681939637,NaN,NaN,0.7409199110230262,0,NaN,0,0,0,0,2
38.6,55,100,47,0,72.59978633948674,105.3225669589834,0.0001,0,0.9,-0,0.003010619492370454,11.74027501995304,1.725795671883853,62016.26319696339,67680.79782416766,6.520979174019651,298.0085953963065,79.662564420134,1.088723694360974,0,NaN,35,NaN,1.330319444459194,0.1893358582339835,NaN,NaN,0.7442609715917282,0,NaN,0,0,0,0,2
38.8,55,100,47,0,64.75135040367468,106.3111192599075,0.0001,0,0.9,-0,0.003000763667422074,11.70409413640463,1.75636428291207,62032.96705097345,67706.99274451291,6.506059979561714,298.0088701390896,79.74201068284954,1.093551085427209,0,NaN,35,NaN,1.344065356547287,0.1891834251193996,NaN,NaN,0.7476085441156358,0,NaN,0,0,0,0,2
39,55,100,47,0,62.86705512057988,106.7126988576641,0.0001,0,0.9,-0,0.002914165351335064,11.71745268464706,1.788327960387211,62049.29303115321,67732.76956402448,6.490293328070921,298.0052693584321,78.70037380409377,1.098317325188208,0,NaN,35,NaN,1.334115440975135,0.1892779578741232,NaN,NaN,0.7509141284566085,0,NaN,0,0,0,0,2
39.2,55,100,47,0,67.27369708683591,105.8009991758306,0.0001,0,0.9,-0,0.002906614830088593,11.68073834234693,1.820647332247247,62066.49931352061,67759.45716231933,6.481510885027875,298.0056862786233,78.82101858121703,1.103062078784946,0,NaN,35,NaN,1.344482617160692,0.1891608859268229,NaN,NaN,0.7542052232885466,0,NaN,0,0,0,0,2
39.40000000000001,55,100,47,0,75.16769620409653,106.1694434379061,0.0001,0,0.9,-0,0.002984534595190525,11.62925492599002,1.851991515486176,62085.28357601345,67787.789638879,6.47805308407195,298.0000286119629,77.18320221526479,1.107860309118875,0,NaN,35,NaN,1.36027624124106,0.1889871432760331,NaN,NaN,0.7575338292486173,0,NaN,0,0,0,0,2
39.6,55,100,47,0,84.44970034471407,104.4276569870279,0.0001,0,0.9,-0,0.002888870686920732,11.66686548031215,1.884773240895313,62105.92436293055,67817.93804600101,6.478091476619825,297.9928023556511,75.09045245355462,1.112630274827959,0,NaN,35,NaN,1.34493524548362,0.1891378696816407,NaN,NaN,0.7608432444719611,0,NaN,0,0,0,0,2
39.8,55,100,47,0,93.72191880616828,101.9781040080159,0.0001,0,0.9,-0,0.002870782801583686,11.65921845009484,1.917988364634969,62128.4203375292,67849.93832309525,6.486417731575776,297.9823475061797,72.06140957369571,1.117349884913983,0,NaN,35,NaN,1.349948903048392,0.1890766135304452,NaN,NaN,0.7641181319781035,0,NaN,0,0,0,0,2
40,55,100,47,0,99.64763891575544,98.15546619964312,0.0001,0,0.9,-0,0.002857544001669084,11.63151199220484,1.951483949088417,62152.10027476057,67883.14107274801,6.498955201376202,297.9867302849714,73.33177958404293,1.12205816750257,0,NaN,35,NaN,1.362185585045276,0.1889401140089214,NaN,NaN,0.7673855650433093,0,NaN,0,0,0,0,2
40.2,60,100,51,0,100.5710794801881,99.08396773553338,0.0001,0,1.1,-0,0.003270559949526605,13.2547254765139,1.978683941696817,62178.76018894745,67919.64357549207,6.508693981668753,297.9989177991159,76.86615910122826,1.040864012244899,10,NaN,35,NaN,1.407395337611042,0.1898462408407857,NaN,NaN,0.775740542142892,0,NaN,0,0,0,0,2
40.40000000000001,60,100,51,0,97.62166351668853,102.7581749608752,0.0001,0,1.1,-0,0.00314059759334255,13.28032324450405,2.007748694153893,62204.82565488866,67955.50112223501,6.516862796546495,298.0001525627155,77.22439686055554,1.040967424773227,10,NaN,35,NaN,1.375866064264291,0.1901467935497662,NaN,NaN,0.7758186698719717,0,NaN,0,0,0,0,2
40.6,60,100,51,0,91.40091528222764,103.0521795134979,0.0001,0,1.1,-0,0.003052122869050668,13.27681022816731,2.038394222057898,62229.64395262884,67990.07886493631,6.520893374092386,298.0036014600144,78.22554295070732,1.045321168602603,10,NaN,35,NaN,1.368956215429461,0.1902043064405355,NaN,NaN,0.7791080978508039,0,NaN,0,0,0,0,2
40.8,60,100,51,0,83.57648555853132,104.2385094564647,0.0001,0,1.1,-0,0.003116862046812558,13.20461781286722,2.068179702649441,62252.89328202913,68023.1551060351,6.520177818817241,298.0128188124517,80.90244449528444,1.049928768391654,10,NaN,35,NaN,1.382941677212171,0.1900621076137978,NaN,NaN,0.7825897346253875,0,NaN,0,0,0,0,2
41,60,100,51,0,76.04060290108424,107.5276840681328,0.0001,0,1.1,-0,0.003031660395972582,13.211716954361,2.099462932287809,62274.63201626005,68054.65697434133,6.514003898591946,298.0123928599087,80.77867298219134,1.054513185275617,10,NaN,35,NaN,1.376048154510268,0.1901190297464721,NaN,NaN,0.7860542726825543,0,NaN,0,0,0,0,2
41.2,60,100,51,0,70.97700414576454,107.792305764468,0.0001,0,1.1,-0,0.002958488301380942,13.21738287976225,2.132110472530718,62295.35661769515,68085.11840953841,6.505301687083896,298.0094350496449,79.91891472574456,1.059022200289418,10,NaN,35,NaN,1.364142527557473,0.1902238521162909,NaN,NaN,0.7894622357193507,0,NaN,0,0,0,0,2
41.40000000000001,60,100,51,0,69.38511602123168,107.2397881141042,0.0001,0,1.1,-0,0.002948828814851291,13.1982276828655,2.165062348318829,62315.76196306325,68115.28424768997,6.495075267404967,298.0059762219739,78.91311770523863,1.063509134201596,10,NaN,35,NaN,1.357206569591303,0.1902813222828588,NaN,NaN,0.7928539110630423,0,NaN,0,0,0,0,2
41.6,60,100,51,0,71.88070463896619,106.4224905062494,0.0001,0,1.1,-0,0.002939445880325799,13.1816711189107,2.198500425290665,62336.66582313408,68145.93553274834,6.486011831628933,298.0010666832463,77.48487859543606,1.067976530279374,10,NaN,35,NaN,1.364157846640644,0.190206490538065,NaN,NaN,0.7962312156658532,0,NaN,0,0,0,0,2
41.8,60,100,51,0,77.99297551376571,104.9787491767845,0.0001,0,1.1,-0,0.002839962215766518,13.21722222473096,2.233496902612783,62358.79262807171,68177.75480112898,6.480983153512974,297.9898043831935,74.20714996623943,1.072371620823373,10,NaN,35,NaN,1.349504493322743,0.1903376554929655,NaN,NaN,0.7995542455701543,0,NaN,0,0,0,0,2
42,60,100,51,0,86.10720517831314,101.1700778207784,0.0001,0,1.1,-0,0.002855976905768254,13.17855459080387,2.268366948216899,62382.54177709625,68211.24197651366,6.480007273150084,297.9908236358783,74.50391813640492,1.076761044630983,10,NaN,35,NaN,1.360107380782395,0.1902281968465981,NaN,NaN,0.8028733746685615,0,NaN,0,0,0,0,2
42.2,60,100,51,0,94.61140503589894,101.223851617182,0.0001,0,1.1,-0,0.002876558697739338,13.14917909060098,2.302906581311321,62407.98820245203,68246.47845752501,6.479942729117624,297.9984809832827,76.73452802242819,1.081195969449456,10,NaN,35,NaN,1.364121383153871,0.1901814223215998,NaN,NaN,0.8062272995313101,0,NaN,0,0,0,0,2
42.40000000000001,60,100,51,0,103.1514022761144,103.5138784219827,0.0001,0,1.1,-0,0.002977308355991002,13.08915117103431,2.335926949383311,62435.13906845544,68283.54289762702,6.481521211925243,297.9986000708801,76.76924267033532,1.085739273225882,10,NaN,35,NaN,1.369453063800581,0.1901218827106849,NaN,NaN,0.8096635923309685,0,NaN,0,0,0,0,2
42.6,60,100,51,0,111.0575335415042,103.440570410652,0.0001,0,1.1,-0,0.002905121613645663,13.10987831181496,2.370131508361243,62463.86891126221,68322.16485365127,6.486569329471489,297.9963053719291,76.10008492055206,1.090286491804708,10,NaN,35,NaN,1.36233942180081,0.1901809226473937,NaN,NaN,0.8131032575978051,0,NaN,0,0,0,0,2
42.8,60,100,51,0,116.9382950723411,102.5955087735967,0.0001,0,1.1,-0,0.00280946130228798,13.1368170353837,2.405935658708147,62493.77210972287,68361.91041330322,6.49433343122823,297.9993960172467,77.00180830101638,1.094747192351401,10,NaN,35,NaN,1.355640985717578,0.1902361562744289,NaN,NaN,0.8164778778947227,0,NaN,0,0,0,0,2
43,60,100,51,0,119.7156103034349,103.5404430976519,0.0001,0,1.1,-0,0.002800266102834686,13.13188600894911,2.441832664311866,62524.22631694199,68402.2002515284,6.501795840915371,298.0075909870897,79.39415171602683,1.099164517322132,10,NaN,35,NaN,1.350452132782624,0.1902770806710099,NaN,NaN,0.8198200741626357,0,NaN,0,0,0,0,2
43.2,60,100,51,0,119.5176423591344,106.3218785003292,0.0001,0,1.1,-0,0.002846321142215245,13.06669263094768,2.477137810515056,62554.63443280152,68442.50812458334,6.506507884558225,298.0238100150834,84.13164634796235,1.103618788479781,10,NaN,35,NaN,1.370159127554504,0.190080789488702,NaN,NaN,0.8231906179368436,0,NaN,0,0,0,0,2
43.40000000000001,60,100,51,0,117.4429127436947,112.1406429002006,0.0001,0,1.1,-0,0.002840841354951429,13.04872882264262,2.512570284101196,62584.62170387756,68482.39758527382,6.510313894951281,298.0280981404971,85.38488559806146,1.108088695884533,10,NaN,35,NaN,1.371184268040641,0.1900624311572262,NaN,NaN,0.8265733910566144,0,NaN,0,0,0,0,2
43.6,60,100,51,0,113.8399495887502,114.3912790236282,0.0001,0,1.1,-0,0.002738884925105989,13.07087318203015,2.549734912964817,62613.88587265414,68521.5035705817,6.515025320268765,298.0224549811037,83.73468582202904,1.112485762227993,10,NaN,35,NaN,1.360582783619256,0.1901549705355527,NaN,NaN,0.8299014274142301,0,NaN,0,0,0,0,2
43.8,60,100,51,0,108.3465472394606,113.4659083609447,0.0001,0,1.1,-0,0.002752593224958726,13.00526488849669,2.586879967874862,62642.05071321531,68559.54205155915,6.517135680324016,298.0154409927872,81.68253184494593,1.116863474145273,10,NaN,35,NaN,1.383378501917671,0.1899293774937204,NaN,NaN,0.8332151976862352,0,NaN,0,0,0,0,2
44,60,100,51,0,102.0204296898888,111.9304678785781,0.0001,0,1.1,-0,0.00274828190581973,12.9616509501234,2.624477913556169,62668.95002179444,68596.32699550646,6.516353641643452,298.0080910255186,79.53095090561082,1.121239398628715,10,NaN,35,NaN,1.40062378690661,0.1897566052999907,NaN,NaN,0.8365279967463546,0,NaN,0,0,0,0,2
44.2,60,100,57,0,96.00829127155718,110.0263713128168,0.0001,0,1.1,-0,0.003190505440926451,12.66308156116884,2.655116197026922,62695.84297003662,68633.53369379829,6.509454045804329,298.02573220257,84.69778263460287,1.125970269270636,10,NaN,35,NaN,1.485078541920785,0.18894163749344,NaN,NaN,0.8401099377444858,0,NaN,0,0,0,0,2
44.40000000000001,60,100,57,0,92.76680110040007,116.471115606999,0.0001,0,1.1,-0,0.003125930473530067,12.67000533143594,2.686631616009394,62722.08048876483,68670.04413686784,6.503584132021847,298.0379094208581,88.2660716059398,1.130843720281314,10,NaN,35,NaN,1.484935132554835,0.1889336944147522,NaN,NaN,0.8438002990407208,0,NaN,0,0,0,0,2
44.6,60,100,57,0,91.8503229021827,121.5049046848691,0.0001,0,1.1,-0,0.003209554480659994,12.60366601194732,2.717028772568397,62748.12842772483,68706.44298912981,6.49853599598193,298.0514404473616,92.23306200170244,1.13575794589304,10,NaN,35,NaN,1.498759179594083,0.1887922496697067,NaN,NaN,0.8475220160922637,0,NaN,0,0,0,0,2
44.8,60,100,57,0,92.9536986715176,127.5033829736228,0.0001,0,1.1,-0,0.00312342698984788,12.61527661994085,2.749303155569443,62774.39136223139,68743.03901546655,6.49627399048885,298.0590789816188,94.47361000601867,1.140658837079411,10,NaN,35,NaN,1.486635096528358,0.1888987025348366,NaN,NaN,0.8512341143270717,0,NaN,0,0,0,0,2
45,60,100,57,0,94.95536781866734,131.9662113696158,0.0001,0,1.1,-0,0.003045195482001785,12.63514146018292,2.783093537550835,62801.04929019623,68779.99663717615,6.492522893722888,298.0704507803018,97.81089949323342,1.145482800793802,10,NaN,35,NaN,1.474835834193034,0.1890021562012318,NaN,NaN,0.8548884131604363,0,NaN,0,0,0,0,2
45.2,60,100,57,0,98.4712755093267,138.0476547190462,0.0001,0,1.1,-0,0.002959495182764074,12.64537694377541,2.818481575888099,62828.40611053709,68817.61181909297,6.489915848259667,298.0709397314565,97.95445159688821,1.1502254266291,10,NaN,35,NaN,1.471587206269004,0.1890241027705167,NaN,NaN,0.8584815488151133,0,NaN,0,0,0,0,2
45.40000000000001,60,100,57,0,103.0214838049283,140.7729586385914,0.0001,0,1.1,-0,0.002846857641715966,12.66130911823851,2.855659751277253,62856.67144781858,68856.07232940184,6.489462728958568,298.0638427224287,95.86949131280375,1.154873534456517,10,NaN,35,NaN,1.472521722244876,0.1890062934912055,NaN,NaN,0.8620035108208887,0,NaN,0,0,0,0,2
45.6,60,100,57,0,107.7495359073264,140.9810633199767,0.0001,0,1.1,-0,0.002859841775607795,12.63278333790302,2.892667707596051,62885.88119812078,68895.47918007475,6.490601106348602,298.0618539868262,95.28492528545732,1.159487599965745,10,NaN,35,NaN,1.485721239208771,0.188871451189462,NaN,NaN,0.8655001048949885,0,NaN,0,0,0,0,2
45.8,60,100,57,0,112.0239095082829,142.7422791958861,0.0001,0,1.1,-0,0.002850887296419276,12.63729280868337,2.929761546884054,62915.94323049342,68935.73462941193,6.494150012050699,298.06306439252,95.64089831953115,1.164101537353858,10,NaN,35,NaN,1.471918408858758,0.1889944069901963,NaN,NaN,0.8689970269640687,0,NaN,0,0,0,0,2
46,60,100,57,0,114.8759070849487,145.4943091832567,0.0001,0,1.1,-0,0.002792524267035941,12.64406653281701,2.967792051222346,62946.57469058205,68976.50280295052,6.495587995058901,298.0501647040186,91.844943263736,1.168663683889138,10,NaN,35,NaN,1.475445622507294,0.1889520154256266,NaN,NaN,0.8724551145572257,0,NaN,0,0,0,0,2
46.2,60,100,57,0,117.1673489753683,143.3997533270632,0.0001,0,1.1,-0,0.002859881151106914,12.60729113487017,3.005011952001455,62977.6644492677,69017.79497719639,6.498683550434864,298.0449059653607,90.29658914699398,1.173247907148221,10,NaN,35,NaN,1.471412305620664,0.1889817476430159,NaN,NaN,0.8759303549727215,0,NaN,0,0,0,0,2
46.40000000000001,60,100,57,0,118.2083769254159,143.5634125545598,0.0001,0,1.1,-0,0.002818330672681947,12.58382680738242,3.04289539351619,63008.95971921575,69059.32525082534,6.503868720221813,298.0489898565862,91.49971459761804,1.177862828244769,10,NaN,35,NaN,1.469408850594678,0.1889920427662393,NaN,NaN,0.879429291093103,0,NaN,0,0,0,0,2
46.6,60,100,57,0,117.1737872569928,146.6957692682958,0.0001,0,1.1,-0,0.002819736222892584,12.54013360857837,3.080867847487308,63040.04501252549,69100.69118552067,6.508169291078053,298.0463419522927,90.7191684053228,1.182497790995396,10,NaN,35,NaN,1.478415026287442,0.1888972248448417,NaN,NaN,0.8829438507114994,0,NaN,0,0,0,0,2
46.8,60,100,57,0,114.4285574966814,147.5887327248298,0.0001,0,1.1,-0,0.00273875050866432,12.56729583064719,3.119919635645015,63070.58044836946,69141.42249897314,6.512714593822039,298.0359860652971,87.66473381935533,1.187067652241628,10,NaN,35,NaN,1.470933834602674,0.1889598867518858,NaN,NaN,0.8864094660599147,0,NaN,0,0,0,0,2
47,60,100,57,0,109.8615732016053,145.7736342045345,0.0001,0,1.1,-0,0.002741451780482807,12.50764933778944,3.159211351837328,63100.20499362102,69181.27363187427,6.515805111951251,298.0126100688407,80.76621164452089,1.191609479007439,10,NaN,35,NaN,1.491881985312289,0.1887512575547061,NaN,NaN,0.8898542346902033,0,NaN,0,0,0,0,2
47.2,60,100,57,0,104.0639364904218,139.1360620281961,0.0001,0,1.1,-0,0.002682359015883875,12.51005328308557,3.199184097706808,63128.67248340885,69219.92419692221,6.515718658609855,298.00265859102,77.82781079262426,1.19611574973075,10,NaN,35,NaN,1.485027000950419,0.1888080861498552,NaN,NaN,0.8932724432561956,0,NaN,0,0,0,0,2
47.40000000000001,60,100,57,0,98.30664627145292,136.3509997349779,0.0001,0,1.1,-0,0.002739723967662233,12.4395058888549,3.238614352410897,63155.98801283525,69257.47765936461,6.514464154531542,297.9995836008525,76.91937668265176,1.200640752722044,10,NaN,35,NaN,1.501234547650928,0.1886447137601799,NaN,NaN,0.8967052696657248,0,NaN,0,0,0,0,2
47.6,60,100,57,0,93.04482258152068,135.4644613741025,0.0001,0,1.1,-0,0.002769081792505798,12.37519878257518,3.277900360865226,63182.24955642164,69294.03375843729,6.510685314212727,297.9973344683632,76.2545816204338,1.20521682541673,10,NaN,35,NaN,1.516667721823078,0.188488594626713,NaN,NaN,0.9001772558030001,0,NaN,0,0,0,0,2
47.8,60,100,57,0,89.29907707962481,134.6959581235434,0.0001,0,1.1,-0,0.002731434152050257,12.3599248078093,3.317819452741232,63207.75984451667,69329.82135517929,6.507949490167658,297.9978672037278,76.4121157574871,1.209785643661164,10,NaN,35,NaN,1.518961765822138,0.1884579668814722,NaN,NaN,0.90364415566806,0,NaN,0,0,0,0,2
48,60,100,57,0,86.63616222640941,134.796662881612,0.0001,0,1.1,-0,0.002735020603434289,12.31737667681011,3.357821553407621,63232.73412225133,69365.11106648807,6.504179840110293,298.0046151210682,78.40860630665289,1.214356895687518,10,717.6252284845815,35,1816.093263985589,1.526051936517547,0.1883815220413789,3.199184097706808,16.07223232191761,0.9071133202741735,0,49.88223892955219,0,0,0,0,2
48.2,60,100,61,0,85.48783599753612,137.0407189886157,0.0001,0,1.1,-0,0.002843055982249579,12.20166133257841,3.396417532370656,63258.27301225089,69401.12220162025,6.493837489471322,298.0201845569756,83.01734982963971,1.219045871186091,10,NaN,35,NaN,1.557483441532084,0.1880722263708769,NaN,NaN,0.910672260710887,0,NaN,0,0,0,0,2
48.40000000000001,60,100,61,0,88.49470023891949,142.5346320366434,0.0001,0,1.1,-0,0.002863938126322668,12.16225294131196,3.434582063928834,63284.40485876262,69437.75275179975,6.485955793894448,298.0435949456862,89.95053150986588,1.223812478337999,10,NaN,35,NaN,1.571824536076231,0.1879260417272399,NaN,NaN,0.9142905747151064,0,NaN,0,0,0,0,2
48.6,60,100,61,0,94.62513912058787,151.2513662590989,0.0001,0,1.1,-0,0.002838460326682851,12.1668298535861,3.473135931835791,63311.75278388524,69475.59330233341,6.481722469214736,298.0689269563621,97.45663328581387,1.228572829861558,10,NaN,35,NaN,1.569507909638699,0.1879391353845264,NaN,NaN,0.9179045939948397,0,NaN,0,0,0,0,2
48.8,60,100,61,0,102.444815313797,161.4501424901762,0.0001,0,1.1,-0,0.002772616084529342,12.19182334172489,3.51277854396958,63340.65689674957,69514.94044785242,6.482494888662478,298.0769614947076,99.83859152837303,1.233272573381757,10,NaN,35,NaN,1.564595069045608,0.1879771607175309,NaN,NaN,0.9214730452393376,0,NaN,0,0,0,0,2
49,60,100,61,0,109.9507796740422,166.616829002882,0.0001,0,1.1,-0,0.002685351522431796,12.22895157612036,3.553529111875047,63371.05858355949,69555.74382362198,6.487222402120446,298.0747888842208,99.19411176954431,1.237890665267096,10,NaN,35,NaN,1.55129921792302,0.1880954490695542,NaN,NaN,0.9249799303350578,0,NaN,0,0,0,0,2
49.2,60,100,61,0,115.5687843239543,168.6930753988756,0.0001,0,1.1,-0,0.002741598668603766,12.15689141371335,3.59370237793348,63402.58232526315,69597.77695974529,6.492719387469064,298.0689299625378,97.45517739868409,1.24254715826416,10,NaN,35,NaN,1.566970181816602,0.1879368051327462,NaN,NaN,0.9285164089230312,0,NaN,0,0,0,0,2
49.40000000000001,60,100,61,0,118.9981272674507,169.49262515519,0.0001,0,1.1,-0,0.002903954092419023,12.04777739708807,3.63123556636741,63434.78989443456,69640.64428055966,6.499068861439944,298.0693310649087,97.5743100850956,1.247364143711438,10,NaN,35,NaN,1.592423537610348,0.1876842596993965,NaN,NaN,0.9321752341710799,0,NaN,0,0,0,0,2
49.6,60,100,61,0,119.8873467699643,172.2598209809266,0.0001,0,1.1,-0,0.002836880924997686,12.06205916707282,3.669806013545093,63467.17185288277,69683.62679580248,6.503402114799176,298.0718287153129,98.31647842840189,1.252192793714142,10,NaN,35,NaN,1.593896800099178,0.187660991796051,NaN,NaN,0.9358433860037256,0,NaN,0,0,0,0,2
49.8,60,100,61,0,119.0526060959825,175.7184170366776,0.0001,0,1.1,-0,0.002887891712169632,11.99998190244061,3.707819804312296,63499.38186750727,69726.51221032822,6.507454972778958,298.0826192132372,101.5248123412729,1.257042751676633,10,NaN,35,NaN,1.604498245066029,0.1875503691850236,NaN,NaN,0.9395281950435329,0,NaN,0,0,0,0,2
50,60,100,61,0,116.5911900209752,182.11598326676,0.0001,0,1.1,-0,0.002799950047319153,12.01377829240981,3.747166557620255,63531.09561039166,69768.85111454788,6.51019436379515,298.0785365009204,100.310167902248,1.261864824875282,10,NaN,35,NaN,1.59504659526012,0.1876316146786493,NaN,NaN,0.9431922857072776,0,NaN,0,0,0,0,2
50.2,60,100,61,0,113.0374284459174,183.7247392794261,0.0001,500,1.1,-0,0.002870748250612483,13.24934572817997,3.77949186295892,63662.11014451736,69910.56394183847,6.509497077760443,297.9615159392009,65.44899007986805,1.266706528783796,10,NaN,35,NaN,1.302387136956803,0.1904114687584805,NaN,NaN,0.9468717618918496,0,NaN,0,0,0,0,2
50.40000000000001,60,100,61,0,109.7696504911859,146.3283846130797,0.0001,500,1.1,-0,0.002884931771844383,13.22076421960347,3.811831158418565,63792.48944802483,70051.69501492214,6.508300242341852,297.8842800405843,42.39126172207264,1.271598944487904,10,NaN,35,NaN,1.289438746236089,0.1905249767054432,NaN,NaN,0.9505902541694136,0,NaN,0,0,0,0,2
50.6,60,100,61,0,106.9712478593071,43.89851538392391,163.3880056512997,500,1.1,-0,0.002756388137110825,13.30709818780131,3.846583338384141,63922.22880474944,70192.07611920114,6.505132617499407,298.3957971183259,195.4178756539169,1.276392835804025,10,NaN,35,NaN,1.271254423994972,0.1906883107256399,NaN,NaN,0.9542343283439091,0,NaN,0,0,0,0,2
50.8,60,100,61,0,105.4447607956881,216.6116779663074,16.33880056512998,500,1.1,-0,0.002769913505650136,13.28942078163233,3.881196209421346,64051.58618849844,70332.11634433296,6.50172996436825,298.2992702667979,166.480388568989,1.281148509375026,10,NaN,35,NaN,1.283292461081793,0.1905648872709667,NaN,NaN,0.9578498067636898,0,NaN,0,0,0,0,2
51,60,100,61,0,105.2737993511624,194.3159280433126,1.633880056512998,500,1.1,-0,0.002866835730033658,13.24584393025037,3.914472579493277,64180.93239295555,70472.2589306439,6.495923915213888,298.1745390776524,129.0098597500722,1.285987772132296,10,NaN,35,NaN,1.297136377612159,0.1904241365808244,NaN,NaN,0.9615292992069495,0,NaN,0,0,0,0,2
51.2,60,100,61,0,107.4323886168137,163.2302541794749,0.1633880056512998,500,1.1,-0,0.002757252376929934,13.3111162454044,3.949535984826555,64310.73583387501,70612.7930001979,6.490253239980657,298.061677622737,95.03450575195693,1.29079473669781,10,NaN,35,NaN,1.288809503183178,0.1904939053259056,NaN,NaN,0.9651846991824254,0,NaN,0,0,0,0,2
51.40000000000001,60,100,61,0,111.8511130820221,131.7737515642402,0.01633880056512998,500,1.1,-0,0.002817812665467742,13.29141719665164,3.983388550875302,64441.44051961668,70754.30647299597,6.486041451365088,297.9881615189249,72.85739462604433,1.295620631645024,10,NaN,35,NaN,1.298330039090705,0.1903942229407188,NaN,NaN,0.9688549610049065,0,NaN,0,0,0,0,2
51.6,60,100,61,0,117.9502010418997,109.5700675135507,0.001633880056512998,500,1.1,-0,0.00277599524238146,13.34559727438431,4.017616495478951,64573.37323851093,70897.01365457395,6.485571788302587,297.9337582823638,56.41127979816932,1.300442594847358,10,NaN,35,NaN,1.289393965044379,0.1904697395491206,NaN,NaN,0.9725226994894695,0,NaN,0,0,0,0,2
51.8,60,100,61,0,124.2295484921401,32.8710202540652,120.7603560560531,500,1.1,-0,0.002800099090618224,13.37024416323276,4.051500630368995,64706.49770403477,71040.9440878046,6.484995379182772,298.3149667556203,171.8923818918945,1.305260911539905,10,NaN,35,NaN,1.283112903399965,0.1905200449523424,NaN,NaN,0.9761881305808937,0,NaN,0,0,0,0,2
52,60,100,61,0,130.7517845191443,162.3119033904069,12.07603560560531,500,1.1,-0,0.002740773953217126,13.41649346760514,4.086131112793987,64840.86755456555,71186.07766051096,6.487070945870588,298.229663629052,145.9961522962639,1.310043862042349,10,NaN,35,NaN,1.283210698826765,0.1905098840477237,NaN,NaN,0.9798271186493539,0,NaN,0,0,0,0,2
52.2,60,100,65,0,136.4347538029896,141.8345145106606,1.207603560560531,500,1.1,-0,0.002942373723006853,13.28608783617218,4.117160151798807,64977.18969370047,71333.4247436436,6.489090095121622,298.1388794172508,118.3769534536081,1.31500790615856,10,NaN,35,NaN,1.328979930927036,0.1900658145854095,NaN,NaN,0.9836043731142576,0,NaN,0,0,0,0,2
52.40000000000001,60,100,65,0,141.3187347581985,119.7661209779852,0.1207603560560531,500,1.1,-0,0.002910025759628275,13.30542370286963,4.148399967760805,65114.50088326819,71481.75518033716,6.491186982130839,298.0739386322977,98.57710866992636,1.320070670427087,10,NaN,35,NaN,1.339068633756205,0.1899602329449554,NaN,NaN,0.9874572558372414,0,NaN,0,0,0,0,2
52.6,60,100,65,0,145.3635253940761,103.2504099045485,0.01207603560560531,500,1.1,-0,0.002877595875719061,13.33782362412197,4.180231488610826,65252.62639606847,71630.90274569228,6.494183624036224,298.0263923354029,84.04899918983924,1.325115498785247,10,NaN,35,NaN,1.337324642603782,0.1899670882498821,NaN,NaN,0.9912970011370266,0,NaN,0,0,0,0,2
52.8,60,100,65,0,148.2069568325663,90.10669207418013,0.001207603560560532,500,1.1,-0,0.00281699535552366,13.38892818326751,4.212849287579789,65391.32118229733,71780.5859979735,6.495802535160077,297.9911293122698,73.25079611594438,1.330108815464736,10,NaN,35,NaN,1.328145232330388,0.1900446572784481,NaN,NaN,0.9950980432171598,0,NaN,0,0,0,0,2
53,60,100,65,0,150.4102219941463,79.28725889758178,0.0001207603560560532,500,1.1,-0,0.002881697495784992,13.36761734961261,4.244265393237335,65530.45366523478,71930.78441641341,6.496316490661313,297.9660511833673,65.5546826572623,1.335134570029556,10,NaN,35,NaN,1.337505084318303,0.1899460858552887,NaN,NaN,0.9989242838721905,0,NaN,0,0,0,0,2
53.2,60,100,65,0,152.4071204711735,70.56712630980934,0.0001,500,1.1,-0,0.002872296487227841,13.37727969766305,4.276027189967,65669.9790390681,72081.41457666512,6.496684968230087,297.9524968915093,61.38594210451379,1.340194976703091,10,NaN,35,NaN,1.340282748834739,0.1899099615065044,NaN,NaN,1.002777419114808,0,NaN,0,0,0,0,2
53.40000000000001,60,100,65,0,154.253569230317,64.80590096184565,0.0001,500,1.1,-0,0.002876802817623675,13.37592659993598,4.307572025623718,65809.86430040697,72232.45746144916,6.496764200541215,297.945467458855,59.21922821816688,1.34528831218368,10,NaN,35,NaN,1.342726845644257,0.1898769431028666,NaN,NaN,1.006656147186728,0,NaN,0,0,0,0,2
53.6,60,100,65,0,156.0688082600707,19.44177028855369,74.43266602261284,500,1.1,-0,0.002955183969346739,13.36980625283303,4.337877986440857,65950.05968983764,72383.88217184209,6.498993035152465,298.2011255002716,138.1923252305823,1.350444329510398,10,NaN,35,NaN,1.343850951603682,0.1898563427553526,NaN,NaN,1.010583140741112,0,NaN,0,0,0,0,2
53.8,60,100,65,0,156.9845371649553,105.6515450292348,7.443266602261284,500,1.1,-0,0.00299297154693687,13.36742374013046,4.367485038010538,66090.38913486199,72535.49188606684,6.496658188129373,298.1702532394127,128.6349969169561,1.355660490342344,10,NaN,35,NaN,1.347217710639186,0.1898143264759454,NaN,NaN,1.014556485701309,0,NaN,0,0,0,0,2
54,60,100,65,0,158.856052482198,100.6253859824651,0.7443266602261285,500,1.1,-0,0.002887120221543463,13.42435680475138,4.398756487217749,66231.09405725426,72687.40787631759,6.492819443254666,298.1143357809135,111.286404977897,1.360820679523079,10,NaN,35,NaN,1.34506978868514,0.1898247972946883,NaN,NaN,1.018487733564761,0,NaN,0,0,0,0,2
54.2,60,100,65,0,162.2533947530468,87.9499012346742,0.07443266602261285,500,1.1,-0,0.00278831201718963,13.48124738248308,4.431687776361501,66372.48231103634,72839.95222669835,6.492450431818403,298.0670257262883,96.57617615473876,1.365873384819853,10,NaN,35,NaN,1.339818876929249,0.1898649380422811,NaN,NaN,1.022337614892463,0,NaN,0,0,0,0,2
54.40000000000001,60,100,65,0,165.7821483995975,76.33490511198039,0.007443266602261286,500,1.1,-0,0.002708085076194443,13.53629266722044,4.465814116521402,66514.57682300305,72993.15049514575,6.491024705148445,298.0316280731955,85.54568927091989,1.370831544776711,10,NaN,35,NaN,1.332297103977487,0.1899268085958062,NaN,NaN,1.026115957397282,0,NaN,0,0,0,0,2
54.6,60,100,65,0,169.8957618871009,66.9910049404499,0.0007443266602261286,500,1.1,-0,0.00267253338282507,13.57828008490063,4.500432089328783,66657.49116985852,73147.14509579807,6.493069965191072,298.0050104511146,77.23296150475836,1.375733646858569,10,NaN,35,NaN,1.323774285216224,0.189998268340604,NaN,NaN,1.029852067762755,0,NaN,0,0,0,0,2
54.8,60,100,65,0,173.1765050323884,59.25946046556851,0.0001,500,1.1,-0,0.00266292951302652,13.58995628852366,4.535114966921219,66801.05688881689,73301.80230099072,6.496168716596429,297.9810902399321,69.74621042100215,1.380613595566524,10,NaN,35,NaN,1.333664663862731,0.1898949897154561,NaN,NaN,1.033571774606604,0,NaN,0,0,0,0,2
55,60,100,65,0,175.2253993213435,51.39451169003385,0.0001,500,1.1,-0,0.002708701292372058,13.58217292939567,4.569180061743689,66945.02521842935,73456.92502647285,6.499344998772444,297.9688029981597,65.89193547025776,1.385527867862317,10,NaN,35,NaN,1.339824767687021,0.1898270483834449,NaN,NaN,1.037318128990324,0,NaN,0,0,0,0,2
55.2,60,100,65,0,176.0068976113257,46.62569885987514,0.0001,500,1.1,-0,0.002693884928780411,13.60405534829182,4.603189483571994,67089.14009407054,73612.22059536072,6.500437218885045,297.9607802323074,63.36976690585566,1.39047189193696,10,NaN,35,NaN,1.332393261175365,0.1898880751602564,NaN,NaN,1.041087655234574,0,NaN,0,0,0,0,2
55.40000000000001,60,100,65,0,176.3585916783016,42.78011138510385,0.0001,500,1.1,-0,0.002618985963335672,13.65807461158061,4.637883148486142,67233.31494532441,73767.48442075323,6.502621966675246,297.9521062572754,60.63683591599884,1.395358485837934,10,NaN,35,NaN,1.327969146953668,0.1899206532405232,NaN,NaN,1.044813878232842,0,NaN,0,0,0,0,2
55.6,60,100,65,0,175.8261341398117,38.37701945449487,0.0001,500,1.1,-0,0.00263673261762914,13.66375260971818,4.672279375485791,67377.37206521102,73922.65999367721,6.502901581022702,297.9496977019697,59.8762897875083,1.400221097499394,10,NaN,35,NaN,1.331364774744508,0.1898790625188893,NaN,NaN,1.048522291411485,0,NaN,0,0,0,0,2
55.8,60,100,65,0,175.1915757885997,11.51310583634846,46.99155189429098,500,1.1,-0,0.002569687251278676,13.70921325529814,4.707624900979555,67521.26360686953,74077.59368324623,6.506377296879773,298.1066372745788,109.5395768818952,1.405019428720578,10,NaN,35,NaN,1.334421387533121,0.189840813650061,NaN,NaN,1.052182148976322,0,NaN,0,0,0,0,2
56,60,100,65,0,173.1501514545912,63.78898637513593,4.699155189429098,500,1.1,-0,0.002547569928747755,13.725841506867,4.743466649343675,67664.71033684356,74232.09934806923,6.507952679631559,298.0915801205088,104.7642820947163,1.409776831044445,10,NaN,35,NaN,1.330312842260629,0.189870642794774,NaN,NaN,1.055811246777389,0,NaN,0,0,0,0,2
56.2,60,100,72,0,170.4950346372842,61.41611922311888,0.4699155189429098,500,1.1,-0,0.002819880481105046,13.53989912867925,4.775374858964689,67809.01701369559,74387.78262492831,6.506165926373066,298.0822983822138,101.8143480800482,1.414804668825485,10,NaN,34,NaN,1.39422202961565,0.1892540717474739,NaN,NaN,1.059647137271626,0,NaN,0,0,0,0,2
56.40000000000001,60,100,72,0,168.5595658635512,61.76110268597107,0.04699155189429099,500,1.1,-0,0.00290134329611544,13.51604631295793,4.80582853523152,67952.92594116887,74543.16419185622,6.503671616402358,298.0761682364758,99.86174381810831,1.420050247690935,10,NaN,34,NaN,1.406412608449119,0.1891281398806001,NaN,NaN,1.063649692386886,0,NaN,0,0,0,0,2
56.6,60,100,72,0,167.6133830288846,62.80200477657722,0.004699155189429099,500,1.1,-0,0.002838641431793207,13.54903404835925,4.837428810969441,68096.63532487348,74698.31247965834,6.499665715026337,298.0651101316502,96.33173282212492,1.425299537713079,10,NaN,34,NaN,1.40777150430667,0.1891051523408677,NaN,NaN,1.067655634775155,0,NaN,0,0,0,0,2
56.8,60,100,72,0,168.2722545829569,61.88924357263424,0.0004699155189429099,500,1.1,-0,0.002836366272379786,13.56028381133241,4.86905458771122,68240.4668502948,74853.61429383581,6.494795248480309,298.0551677767136,93.15102153216787,1.430529366241353,10,NaN,34,NaN,1.411137472171959,0.1890631249985222,NaN,NaN,1.071647278077078,0,NaN,0,0,0,0,2
57,60,100,72,0,170.8773114367009,60.98369684256802,0.0001,500,1.1,-0,0.002763495737766394,13.62998605854451,4.901881592654721,68384.81073589037,75009.34588919269,6.493627670065876,298.0382797253001,87.73658395081168,1.435685554586227,10,NaN,34,NaN,1.399379487720273,0.1891649809737229,NaN,NaN,1.075583256075552,0,NaN,0,0,0,0,2
57.2,60,100,72,0,173.9344875746027,57.30067839371308,0.0001,500,1.1,-0,0.002724592158180108,13.67330350852304,4.935321972115163,68529.75765160787,75165.6754883197,6.492405754481561,298.0265071600292,83.95398839140208,1.440778444474203,10,NaN,34,NaN,1.387061380570608,0.1892722362278733,NaN,NaN,1.079471441851791,0,NaN,0,0,0,0,2
57.40000000000001,60,100,72,0,177.4924574141685,54.80129345958282,0.0001,500,1.1,-0,0.002623602153567455,13.7525046976167,4.970119436662754,68675.40783040751,75322.62274480838,6.494956119336381,298.0090983557819,78.34829024600542,1.445778704002413,10,NaN,34,NaN,1.367723845917092,0.1894462734962872,NaN,NaN,1.083289417962294,0,NaN,0,0,0,0,2
57.6,60,100,72,0,180.0177343530225,49.87756873491584,0.0001,500,1.1,-0,0.002595292647999378,13.76617619583484,5.005465458278618,68821.55536942472,75480.10315207532,6.495961567970292,297.9932540018262,73.23522715433577,1.450738754511667,10,NaN,34,NaN,1.365969693957348,0.1894533923684046,NaN,NaN,1.08707719093028,0,NaN,0,0,0,0,2
57.8,60,100,72,0,182.1579704609221,44.88302099388086,0.0001,500,1.1,-0,0.002549343256753603,13.80503343317516,5.041549104319554,68968.12186291111,75637.99772706605,6.498441789126534,297.9839609129896,70.22971812299046,1.455669029489749,10,NaN,34,NaN,1.359060782221404,0.1895094952058537,NaN,NaN,1.090842717927394,0,NaN,0,0,0,0,2
58,60,100,72,0,183.2963371205447,41.54276306838121,0.0001,500,1.1,-0,0.002589489271745342,13.77853602272326,5.077398490812455,69114.9052211041,75796.19511370739,6.49819129638839,297.9783722659079,68.41834839435323,1.460621166835965,10,NaN,34,NaN,1.378173960201048,0.1893185280173588,NaN,NaN,1.094625436616102,0,NaN,0,0,0,0,2
58.2,60,100,72,0,184.5485768890699,39.08291222857578,0.0001,500,1.1,-0,0.00260324729133648,13.77513233293732,5.113008620138754,69261.92703699517,75954.67337096129,6.494934947282462,297.9758470518336,67.598077912276,1.465611618767984,10,NaN,34,NaN,1.390981369543117,0.1891873176477019,NaN,NaN,1.098437923250754,0,NaN,0,0,0,0,2
58.40000000000001,60,100,72,0,187.1044772243905,37.44258819762088,0.0001,500,1.1,-0,0.002604272594620801,13.77240077646294,5.148555218903742,69409.44717268852,76113.69231918638,6.492764997039721,297.9752503211306,67.40378728909968,1.47063001974262,10,NaN,34,NaN,1.404119440009579,0.1890528874658314,NaN,NaN,1.102272269120196,0,NaN,0,0,0,0,2
58.6,60,100,72,0,190.5151755281592,36.34991965439561,0.0001,500,1.1,-0,0.002682489524478141,13.72694903436399,5.183156898523208,69557.6354937532,76273.53785024895,6.49352852570895,297.9791880271582,68.68842086936922,1.475746227595993,10,NaN,34,NaN,1.424780266478608,0.1888467504924268,NaN,NaN,1.1061818689291,0,NaN,0,0,0,0,2
58.8,60,100,72,0,193.6143170297675,36.784790756573,0.0001,500,1.1,-0,0.002736333900123696,13.70555885716903,5.216812345467999,69706.42854258831,76434.08368426177,6.49561982358176,297.9846371351163,70.47001536164449,1.480970347091811,10,NaN,34,NaN,1.440616091745723,0.1886862067201765,NaN,NaN,1.110174476361015,0,NaN,0,0,0,0,2
59,60,100,72,0,195.8819714317824,37.85475122534173,0.0001,500,1.1,-0,0.002705457457673802,13.76310218388054,5.250590489942588,69855.66059939211,76595.01771848311,6.499411485285274,297.984802656649,70.52419593669892,1.486192320371896,10,NaN,34,NaN,1.428675579127222,0.1887897075138531,NaN,NaN,1.114165994879773,0,NaN,0,0,0,0,2
59.2,60,100,72,0,196.631632820478,37.29488041132434,0.0001,500,1.1,-0,0.002685424741749199,13.7837761415109,5.284451361497961,70005.0289773595,76756.098827461,6.50357150806502,297.9844082025826,70.39461140803751,1.491396140441494,10,NaN,34,NaN,1.424813985666342,0.1888164330307637,NaN,NaN,1.118144186121304,0,NaN,0,0,0,0,2
59.40000000000001,60,100,72,0,195.7215180372036,36.58765197126108,0.0001,500,1.1,-0,0.00265813151119454,13.78418266313614,5.318790583168081,70154.20215188683,76917.00451495232,6.507071957556053,297.9829776175608,69.92373961280292,1.496592187914242,10,NaN,34,NaN,1.437371622129729,0.1886871280257819,NaN,NaN,1.122116981821779,0,NaN,0,0,0,0,2
59.6,60,100,72,0,193.414565613347,35.5123661410844,0.0001,500,1.1,-0,0.002735824863356802,13.74397911814307,5.351812600373903,70302.8999100246,77077.53082385579,6.510177603165709,297.9873717756774,71.37304645444848,1.50185756144691,10,NaN,34,NaN,1.456530103751229,0.1884949040878248,NaN,NaN,1.126143339959659,0,NaN,0,0,0,0,2
59.8,60,100,72,0,189.8645392678351,36.40074073751002,0.0001,500,1.1,-0,0.002695621445459685,13.7559045453183,5.385221228909928,70450.87273448652,77237.32118643448,6.512077508117607,297.991185188147,72.63347306453058,1.507141229349942,10,NaN,34,NaN,1.46780715953023,0.1883775496532814,NaN,NaN,1.1301842513759,0,NaN,0,0,0,0,2
60,60,100,72,0,185.5572423985008,37.20985344152616,0.0001,500,1.1,-0,0.002709109659726984,13.75255501839842,5.418268759084633,70597.96922191099,77396.25885966365,6.513123602354219,297.9959122118898,74.19927323821742,1.512427404117717,10,967.6368326712611,34,1797.924888628183,1.476560258028,0.1882841831956731,5.284451361497961,18.18305695201014,1.134227645345796,0,41.67184390401622,0,0,0,0,2
60.2,60,100,76,0,180.8304499635632,38.48152059480746,0.0001,500,1.1,-0,0.002834406182703828,13.66997523465002,5.449220499444076,70744.9043417622,77555.15326339134,6.511989183049866,298.0065753073483,77.73901545815204,1.517851119805602,10,NaN,33,NaN,1.517665986565185,0.1878826211010323,NaN,NaN,1.138376832172768,0,NaN,0,0,0,0,2
60.40000000000001,60,100,76,0,176.5618451404923,41.97154379578173,0.0001,500,1.1,-0,0.002766498700320331,13.69394317605724,5.481694552755096,70890.96915395727,77713.14596815998,6.512641194827216,298.0144202961421,80.34870265051319,1.523298033185389,10,NaN,33,NaN,1.527185360578215,0.1877815862021348,NaN,NaN,1.14254436475825,0,NaN,0,0,0,0,2
60.6,60,100,76,0,172.0195984692022,44.84466573924898,0.0001,500,1.1,-0,0.002744489695087591,13.69958521325813,5.514460567170953,71036.10974114014,77870.21536905351,6.514727046867448,298.0211452820182,82.59054960841365,1.528710548633865,10,NaN,33,NaN,1.535292573781599,0.1876940564708543,NaN,NaN,1.146686173920509,0,NaN,0,0,0,0,2
60.8,60,100,76,0,166.6440245652185,47.64670955587,0.0001,500,1.1,-0,0.002765595342717313,13.69278699733318,5.546712353013001,71180.15987837198,78026.20373905095,6.51748745198798,298.0269207522009,84.51990957461493,1.534128013931521,10,NaN,33,NaN,1.546918103525379,0.1875729949464006,NaN,NaN,1.150832364959815,0,NaN,0,0,0,0,2
61,60,100,76,0,160.1666643677601,50.3817574505306,0.0001,500,1.1,-0,0.002607363849346981,13.78101476137514,5.581410225090705,71322.90125326095,78180.72054358841,6.520722800621479,298.0222108673667,82.94312377466824,1.539411032659475,10,NaN,33,NaN,1.532328322658755,0.1877018891281019,NaN,NaN,1.154876231514978,0,NaN,0,0,0,0,2
61.2,60,100,76,0,152.3957654720361,49.72305936389539,0.0001,500,1.1,-0,0.002543939183972694,13.82258247324859,5.617048073244386,71464.0772571369,78333.59653980525,6.52253475596898,298.0170898062045,81.22523155975968,1.544547310047395,10,NaN,33,NaN,1.525131501277575,0.1877606210890824,NaN,NaN,1.15880831760864,0,NaN,0,0,0,0,2
61.40000000000001,60,100,76,0,143.9062729865314,48.82452492542988,0.0001,500,1.1,-0,0.00254526227050954,13.8030662287008,5.652939112231839,71603.5442811133,78484.81354871679,6.523812017447478,298.0124351811884,79.66067068467029,1.54965075812432,10,NaN,33,NaN,1.538934920800582,0.1876194575000021,NaN,NaN,1.16271580066063,0,NaN,0,0,0,0,2
61.6,60,100,76,0,134.9030748470029,47.89795498628372,0.0001,500,1.1,-0,0.002561905361904957,13.76942316924627,5.688943185868343,71741.19904415315,78634.27766508241,6.523381879888398,298.0115802807994,79.3727208198157,1.554784148552435,10,NaN,33,NaN,1.559851429310006,0.1874104432214086,NaN,NaN,1.166646741794078,0,NaN,0,0,0,0,2
61.8,60,100,76,0,126.0758209795686,48.10424333424045,0.0001,500,1.1,-0,0.002522264148659921,13.77099196762818,5.725810610594785,71877.07673257674,78781.94118545689,6.522466633385084,298.0074947006661,77.99397050048583,1.5599056390108,10,NaN,33,NaN,1.572772410807239,0.187277576645974,NaN,NaN,1.17056910277824,0,NaN,0,0,0,0,2
62,60,100,76,0,117.6107931938766,47.1353904711733,0.0001,500,1.1,-0,0.002516396147347487,13.76825117393492,5.762878671155121,72011.2504214566,78927.92113915594,6.520708767715781,298.0042502305278,76.89695143469122,1.565012640321457,10,NaN,33,NaN,1.580037642930473,0.1871986213857512,NaN,NaN,1.174480896652151,0,NaN,0,0,0,0,2
62.2,60,100,76,0,109.8501231181491,46.32774139941041,0.0001,500,1.1,-0,0.00247146798550306,13.78770872693405,5.800453247370081,72143.86038933341,79072.30179942053,6.518448632074709,298.0041083674333,76.84884245792496,1.570086557237771,10,NaN,33,NaN,1.581819549897276,0.1871719891006451,NaN,NaN,1.178367872794825,0,NaN,0,0,0,0,2
62.40000000000001,60,100,76,0,102.9924583630263,46.46251580264227,0.0001,500,1.1,-0,0.002555514786243696,13.71568551861927,5.837171574234312,72275.08684771298,79215.43624927093,6.515246840266547,298.0045992198193,77.01543923087615,1.575224764778112,10,NaN,33,NaN,1.61672620308579,0.1868294020239583,NaN,NaN,1.182304632250366,0,NaN,0,0,0,0,2
62.6,60,100,76,0,97.41699169948673,46.78698762779113,0.0001,500,1.1,-0,0.002543590480505634,13.73251611035414,5.874171402215095,72405.18651556506,79357.47978363035,6.510243703561295,298.0028796020998,76.4306849686289,1.580411395394998,10,NaN,33,NaN,1.613685448314798,0.186848558290884,NaN,NaN,1.186279035431976,0,NaN,0,0,0,0,2
62.8,60,100,76,0,93.84567482957601,46.36250886486827,0.0001,500,1.1,-0,0.002457750763269541,13.78305664867553,5.912173271446697,72534.56166183029,79498.72698186329,6.502223658573174,297.9957762706298,74.01081583683101,1.585539534253987,10,NaN,33,NaN,1.603963767888648,0.1869315250882818,NaN,NaN,1.19020915433578,0,NaN,0,0,0,0,2
63,60,100,76,0,93.48650711041078,44.0327417193641,0.0001,500,1.1,-0,0.002357975560526867,13.86338447323202,5.951210199650697,72663.85623340888,79639.75311974269,6.49342360636741,297.9858321864943,70.61697501083883,1.59053118839658,10,NaN,33,NaN,1.58723653760241,0.1870814902179582,NaN,NaN,1.194035186297257,0,NaN,0,0,0,0,2
63.2,60,100,76,0,96.64026459071988,40.49691782725937,0.0001,500,1.1,-0,0.002297631112651888,13.90641571032047,5.990868913982355,72793.77289385894,79781.35475624322,6.487105636494421,297.9782648141723,68.02952718808483,1.595419692947117,10,NaN,33,NaN,1.582484877636169,0.1871174765624287,NaN,NaN,1.19778264581139,0,NaN,0,0,0,0,2
63.40000000000001,60,100,76,0,102.3105727670763,37.42946200074094,0.0001,500,1.1,-0,0.002320538357180459,13.91257490111959,6.030312424589194,72924.81350013729,79924.13771815223,6.482080824833359,297.9761403205653,67.30176702338991,1.600300188848116,10,NaN,33,NaN,1.589350693664284,0.1870427719159314,NaN,NaN,1.201524450037206,0,NaN,0,0,0,0,2
63.6,60,100,76,0,109.9945067123875,35.9381975301941,0.0001,500,1.1,-0,0.002317065182206578,13.92802171445719,6.070095800961506,73057.3794134105,80068.47722068679,6.481894830260477,297.9754314511479,67.05845916576126,1.60519091227475,10,NaN,33,NaN,1.599002082833727,0.1869414937666656,NaN,NaN,1.205274580802669,0,NaN,0,0,0,0,2
63.8,60,100,76,0,117.7411052730804,34.81483330442565,0.0001,500,1.1,-0,0.002288889945844443,13.97622893326669,6.110334454681878,73191.48320161636,80214.32161057057,6.483674031327999,297.972201330293,65.94778689756455,1.610043363127468,10,NaN,33,NaN,1.597156650730472,0.1869498630231331,NaN,NaN,1.20899584491031,0,NaN,0,0,0,0,2
64,60,100,76,0,124.785061779746,32.78443754816799,0.0001,500,1.1,-0,0.002300635061696377,13.99204306452249,6.150438022283031,73326.98437905185,80361.59299936143,6.483750592102259,297.9707461182863,65.44645696406829,1.614884896393642,10,NaN,33,NaN,1.602434989405473,0.1868903571680153,NaN,NaN,1.212709213249407,0,NaN,0,0,0,0,2
64.2,60,100,80,0,131.8102672629187,31.26416519825391,0.0001,500,1.1,-0,0.002402287219833121,13.97101598272895,6.189462568568199,73464.67763417744,80511.15903139408,6.485259186399864,297.9755547848443,67.10617275263999,1.619833073073884,10,NaN,32,NaN,1.617242617293515,0.1867398031738664,NaN,NaN,1.216504867308518,0,NaN,0,0,0,0,2
64.40000000000001,60,100,80,0,138.2218895081548,31.83704868657152,0.0001,500,1.1,-0,0.002369336184998839,14.02149080179032,6.228928315255359,73603.63969645914,80661.95031988215,6.488006229325514,297.9756705599931,67.14616121913394,1.624801718064586,10,NaN,32,NaN,1.613597960225532,0.1867651177469957,NaN,NaN,1.220316722926748,0,NaN,0,0,0,0,2
64.60000000000001,60,100,80,0,143.5352149789055,30.92423054538493,0.0001,500,1.1,-0,0.00240171846118374,14.02783707474148,6.267751608111875,73743.65172739494,80813.86630274073,6.491024029069958,297.9759343793796,67.23755355772253,1.629792568999944,10,NaN,32,NaN,1.61604035339534,0.1867323599607518,NaN,NaN,1.224146119747181,0,NaN,0,0,0,0,2
64.8,60,100,80,0,147.6444955051225,30.10202591984601,0.0001,500,1.1,-0,0.002359306989849002,14.06222631959909,6.306847940666835,73884.4728275974,80966.56970234784,6.492636139506177,297.9755429845284,67.10161714127732,1.634782396112661,10,NaN,32,NaN,1.615979346437763,0.1867234695146389,NaN,NaN,1.227975237271629,0,NaN,0,0,0,0,2
65,60,100,80,0,151.114408939603,29.06255527752201,0.0001,500,1.1,-0,0.002337602196932346,14.10010823364084,6.345965103220213,74025.97583721409,81119.92378946861,6.493621747888358,297.9719729608431,65.85971803516044,1.639732916144631,10,NaN,32,NaN,1.614358240035086,0.1867295242360284,NaN,NaN,1.231774691483589,0,NaN,0,0,0,0,2
65.2,60,100,80,0,154.1876357421623,26.91669448728909,0.0001,500,1.1,-0,0.002319314676030536,14.14349262885534,6.385139908152579,74168.08169460771,81273.8875560085,6.497428358597923,297.9695444544451,65.01323814977522,1.644659199484671,10,NaN,32,NaN,1.60040752249386,0.1868531166834313,NaN,NaN,1.235556039182893,0,NaN,0,0,0,0,2
65.40000000000001,60,100,80,0,155.7269605666886,25.05462098922941,0.0001,500,1.1,-0,0.00231066725414628,14.18089026498626,6.424256072298853,74310.48329388173,81428.12955987759,6.502176798758033,297.9675759137312,64.32572593024953,1.649562061881119,10,NaN,32,NaN,1.592239314171363,0.1869216175545778,NaN,NaN,1.239319899456703,0,NaN,0,0,0,0,2
65.60000000000001,60,100,80,0,155.3728473340211,23.25160528260902,0.0001,500,1.1,-0,0.002282440790250164,14.20266851098156,6.463540520546805,74452.80199817025,81582.25016868439,6.504672670371514,297.9647964456279,63.35309105343656,1.654426879244933,10,NaN,32,NaN,1.598585324412801,0.1868519200813735,NaN,NaN,1.243055036496768,0,NaN,0,0,0,0,2
65.8,60,100,80,0,154.0307877350355,21.09154960725981,0.0001,500,1.1,-0,0.002274106528958614,14.20229947451255,6.503275752819704,74594.83989743447,81736.11495655339,6.507440894837671,297.9647407564025,63.33352870463803,1.659272693688217,10,NaN,32,NaN,1.612288779622156,0.1867121504289996,NaN,NaN,1.246776062172367,0,NaN,0,0,0,0,2
66,60,100,80,0,151.5733368128815,19.77304954629751,0.0001,500,1.1,-0,0.002238736107264274,14.24723944700327,6.543034092009679,74736.37356303629,81889.40827774916,6.509704755733636,297.9638606491652,63.02430327343029,1.66407531868857,10,NaN,32,NaN,1.605921761753675,0.1867636976392821,NaN,NaN,1.250464394931951,0,NaN,0,0,0,0,2
66.2,60,100,80,0,148.2128673739801,18.14760858370541,0.0001,500,1.1,-0,0.002294226240054911,14.21467767839761,6.582635696940219,74877.22167553635,82042.14705840712,6.511845056766884,297.968502645995,64.65816478300472,1.668911550977947,10,NaN,32,NaN,1.622864611020566,0.1865930667914109,NaN,NaN,1.254179012010241,0,NaN,0,0,0,0,2
66.40000000000001,60,100,80,0,143.9950688347046,18.40047263797082,0.0001,500,1.1,-0,0.002276507295779583,14.23227884712302,6.622488399777563,75017.21205920783,82193.99576173114,6.512332649121371,297.9714885025051,65.7111019367366,1.673755410559287,10,NaN,32,NaN,1.630424982006423,0.1865118159611884,NaN,NaN,1.257899964838288,0,NaN,0,0,0,0,2
66.60000000000001,60,100,80,0,139.58725884654,18.21462738253167,0.0001,500,1.1,-0,0.002216316014255864,14.27526327747467,6.662781904217532,75156.30764663218,82344.87865595649,6.512339106076639,297.9713176440882,65.65067312739974,1.678535785977216,10,NaN,32,NaN,1.625352497271215,0.1865510939878683,NaN,NaN,1.261572618929278,0,NaN,0,0,0,0,2
66.8,60,100,80,0,135.1731555326056,17.06410614882223,0.0001,500,1.1,-0,0.00212775695969401,14.34765134681666,6.703793235568403,75294.50820005377,82494.74350297543,6.508495989418664,297.9695453547371,65.02320899633709,1.683201031016997,10,NaN,32,NaN,1.60485001652998,0.1867375820901665,NaN,NaN,1.265157269759544,0,NaN,0,0,0,0,2
67,60,100,80,0,132.3073858500349,15.37835941412759,0.0001,500,1.1,-0,0.002090553956121432,14.39410787346739,6.744670445594483,75432.12360117861,82643.99323345922,6.505195061844478,297.9683454195711,64.59757998937103,1.687790457773984,10,NaN,32,NaN,1.586991905656529,0.1868989244068962,NaN,NaN,1.268684096486079,0,NaN,0,0,0,0,2
67.2,60,100,80,0,130.7478901813813,13.83562475464124,0.0001,500,1.1,-0,0.002079952727813496,14.40044793120587,6.785506480382916,75569.41479168185,82792.90869651112,6.499696981972081,297.968795359783,64.75742564024782,1.692352650479411,10,NaN,32,NaN,1.596995369153434,0.1867950037171691,NaN,NaN,1.272190420097885,0,NaN,0,0,0,0,2
67.40000000000001,60,100,80,0,131.3965681262931,12.81280687541575,0.0001,500,1.1,-0,0.002028126950496397,14.45597112964518,6.826469680225986,75706.82358371752,82941.84459632267,6.496252172845813,297.9664442600055,63.92038132294474,1.696848576084999,10,NaN,32,NaN,1.59071738086011,0.1868462365480022,NaN,NaN,1.275646228386192,0,NaN,0,0,0,0,2
67.60000000000001,60,100,80,0,133.4094041063102,10.82812889242824,0.0001,500,1.1,-0,0.002011422160020573,14.49328594861555,6.867547759918823,75844.62317552508,83091.14214464153,6.49574543805744,297.9648912492742,63.36643799590503,1.701282761433311,10,NaN,32,NaN,1.586039216189587,0.1868823435063402,NaN,NaN,1.279054983394127,0,NaN,0,0,0,0,2
67.8,60,100,80,0,135.6218675842362,9.051633188666344,0.0001,500,1.1,-0,0.002027444205684669,14.52236850424759,6.908701030907955,75982.85284365877,83240.89596879839,6.49851928036755,297.9654983698584,63.58336343991826,1.705704865080274,10,NaN,32,NaN,1.577433808255436,0.186955841205335,NaN,NaN,1.282454849879248,0,NaN,0,0,0,0,2
68,60,100,80,0,136.7234356831161,7.95615921850775,0.0001,500,1.1,-0,0.001999143139512793,14.56275089087738,6.949776120411413,76121.29015915454,83390.82434680649,6.501316529429499,297.9655604606296,63.60555043612658,1.710109779472209,10,NaN,32,NaN,1.568418781569303,0.187033244678859,NaN,NaN,1.285841897087983,0,NaN,0,0,0,0,2
68.2,60,100,84,0,136.7165252297858,6.67921599986947,0.0001,500,1.1,-0,0.002127104690673665,14.47575817893378,6.990403421142601,76260.51160400183,83541.76316536544,6.501102218350566,297.9759412095406,67.328898231341,1.714657355662346,10,NaN,31,NaN,1.610561460098551,0.186623446255635,NaN,NaN,1.289339055614287,0,NaN,0,0,0,0,2
68.40000000000001,60,100,84,0,136.8052920268968,8.968625966977513,0.0001,500,1.1,-0,0.002056128504618255,14.53378192451819,7.031484107805911,76399.73533855598,83692.60374473217,6.502505237934991,297.9801986005481,68.85873586390674,1.719230716370269,10,NaN,31,NaN,1.606882737118063,0.1866497936594081,NaN,NaN,1.29285646827459,0,NaN,0,0,0,0,2
68.60000000000001,60,100,84,0,136.3179091532108,9.457365605508627,0.0001,500,1.1,-0,0.002083396770985107,14.52175572589265,7.072526929386335,76538.84707940368,83843.41453000248,6.503977433732243,297.9862473813782,71.03642169823308,1.723809949944272,10,NaN,31,NaN,1.619164151257982,0.1865241385725989,NaN,NaN,1.296378825337889,0,NaN,0,0,0,0,2
68.8,60,100,84,0,135.2465965207689,10.7697120798894,0.0001,500,1.1,-0,0.002075245187416895,14.55454262347314,7.113705742035921,76677.72996271242,83993.98145202032,6.505085462239631,297.9904174887342,72.54053988608987,1.728390381058468,10,NaN,31,NaN,1.615546547105093,0.1865498982593551,NaN,NaN,1.299902531598631,0,NaN,0,0,0,0,2
69,60,100,84,0,133.7334883179635,11.6473100631665,0.0001,500,1.1,-0,0.002070743969163003,14.5580188934057,7.155147128192494,76816.2962656428,84144.24409685341,6.507848523246555,297.9935982605368,73.68993971395119,1.732955105598765,10,NaN,31,NaN,1.628565681070814,0.1864172338461277,NaN,NaN,1.303414580836899,0,NaN,0,0,0,0,2
69.2,60,100,84,0,131.1085618704626,12.35405635744151,0.0001,500,1.1,-0,0.002074669309426228,14.5337942562053,7.196811484834857,76954.32357933193,84294.03488678162,6.509611930192189,297.9980026162323,75.28446034188323,1.737535397621795,10,NaN,31,NaN,1.656090970209944,0.1861462685765885,NaN,NaN,1.306939035026378,0,NaN,0,0,0,0,2
69.40000000000001,60,100,84,0,127.7868476140276,13.60963805398022,0.0001,500,1.1,-0,0.00199492094934535,14.59032794884649,7.238642747263468,77091.67361990268,84442.99766486741,6.512883396130916,297.9956480087676,74.43036460973684,1.742042654671954,10,NaN,31,NaN,1.65546370855059,0.1861437086742661,NaN,NaN,1.310407708201139,0,NaN,0,0,0,0,2
69.60000000000001,60,100,84,0,123.1484016556082,12.68936391966427,0.0001,500,1.1,-0,0.002017808955415801,14.56885705699399,7.280744546890913,77228.08335500993,84591.11762317226,6.51406975197751,297.998812326336,75.5801687234657,1.74654134160772,10,NaN,31,NaN,1.670130281534662,0.1859953792730429,NaN,NaN,1.313870199671185,0,NaN,0,0,0,0,2
69.8,60,100,84,0,118.0470783084314,13.6355133655146,0.0001,500,1.1,-0,0.00202176860927468,14.57178318170931,7.322784069187756,77363.45918393452,84738.23496206815,6.512678894261372,298.0023793868053,76.87866209196669,1.751072022377351,10,NaN,31,NaN,1.678624819057364,0.1859058109981532,NaN,NaN,1.317357733484097,0,NaN,0,0,0,0,2
70,60,100,84,0,113.5038789559007,14.79787908328596,0.0001,500,1.1,-0,0.002025604374951854,14.56197376310348,7.364950503403659,77497.91257242547,84884.47282758806,6.508747084152984,298.0068491870346,78.50870809983017,1.755623450350978,10,NaN,31,NaN,1.696230749179872,0.1857292894601752,NaN,NaN,1.320861659829274,0,NaN,0,0,0,0,2
70.2,60,100,84,0,110.5334908871711,16.4024342140501,0.0001,500,1.1,-0,0.00196640260100503,14.62693101648707,7.406802260148759,77631.75901474738,85029.98837001239,6.506487249262321,298.0058070445206,78.12792180438825,1.760123920067961,10,NaN,31,NaN,1.681532478137556,0.185860958611163,NaN,NaN,1.324326771989543,0,NaN,0,0,0,0,2
70.40000000000001,60,100,84,0,108.4534216483373,16.26621605881816,0.0001,500,1.1,-0,0.001956867954998975,14.65939756035572,7.448446962155545,77765.17793464553,85175.06880637356,6.504477295890744,298.0036266078973,77.32988543548484,1.764579656558484,10,NaN,31,NaN,1.672638304335828,0.1859373245755036,NaN,NaN,1.327757849760226,0,NaN,0,0,0,0,2
70.60000000000001,60,100,84,0,107.1818644674482,15.73954566214091,0.0001,500,1.1,-0,0.0019323091506379,14.65872540524153,7.489764788938586,77898.33122955797,85319.88256568975,6.502593320238135,298.0013487335257,76.49470521613225,1.769027793203533,10,NaN,31,NaN,1.68886416202792,0.1857742036225531,NaN,NaN,1.33118348008644,0,NaN,0,0,0,0,2
70.8,60,100,84,0,106.6642839615458,15.1060300747617,0.0001,500,1.1,-0,0.001906081636308455,14.67563272578411,7.530981833325927,78031.36988623257,85464.55314435695,6.500339255134832,297.9984403879979,75.42649517036183,1.773454938675249,10,NaN,31,NaN,1.700834242033602,0.1856516717044772,NaN,NaN,1.334593346118465,0,NaN,0,0,0,0,2
71,60,100,84,0,107.0499465190635,14.17031243268035,0.0001,500,1.1,-0,0.001890445908889483,14.72869796614092,7.572295356630744,78164.47485773859,85609.25954072089,6.500247040826992,297.9947538761064,74.07011104477365,1.777844977773516,10,NaN,31,NaN,1.684884665166697,0.185795472319494,NaN,NaN,1.337975027833952,0,NaN,0,0,0,0,2
71.2,60,100,84,0,107.4642196428657,12.8617929714968,0.0001,500,1.1,-0,0.001839470129251432,14.8261021056499,7.613615061820404,78297.65256428601,85753.91211705361,6.502154514034122,297.9879898547835,71.57705958541887,1.782148676414944,10,NaN,31,NaN,1.644513926295383,0.1861720376148457,NaN,NaN,1.341290583338043,0,NaN,0,0,0,0,2
71.40000000000001,60,100,84,0,107.1158624313125,10.35912480825054,0.0001,500,1.1,-0,0.001862791027531797,14.82720880068492,7.654962773712232,78430.7503273724,85898.52112820343,6.504575065283692,297.9851192354189,70.51716548090347,1.786417366476828,10,NaN,31,NaN,1.651781392424813,0.1860947226663197,NaN,NaN,1.344579542523492,0,NaN,0,0,0,0,2
71.60000000000001,60,100,84,0,105.8040008239998,8.969110841779795,0.0001,500,1.1,-0,0.001897774536235675,14.82376171779091,7.69606410183244,78563.57393660489,86042.93655422534,6.506855490323775,297.9863724750136,70.98067690066435,1.790730419967563,10,NaN,31,NaN,1.66010594409623,0.1860072464641576,NaN,NaN,1.347903061581397,0,NaN,0,0,0,0,2
71.8,60,100,84,0,103.5820706643569,8.8649794753902,0.0001,500,1.1,-0,0.001893916867075351,14.85899269694074,7.737358083498201,78695.94057327347,86186.90610351774,6.509041640024216,297.9879902232217,71.5800278811712,1.795063694434348,10,NaN,31,NaN,1.65025468502942,0.1860928814594253,NaN,NaN,1.351242545603257,0,NaN,0,0,0,0,2
72,60,100,84,0,100.4855414437814,8.902671123235493,0.0001,500,1.1,-0,0.001901430193286825,14.87305946635593,7.778404148191957,78827.67516976845,86330.2487205622,6.510127879226961,297.9899945694215,72.32390746956463,1.799396380035022,10,1047.030118558097,31,1704.018906704732,1.653616749251836,0.1860526484537562,7.613615061820404,19.51562432680169,1.354581959933471,0,26.64569264557291,0,0,0,0,2
72.2,60,100,90,0,96.95782256745335,9.131670821413067,0.0001,500,1.1,-0,0.00203009382927381,14.80957260658019,7.819385474539325,78959.88996895686,86474.30324089012,6.508965754988196,297.9999629393699,76.03001815739536,1.80387380056451,10,NaN,30,NaN,1.687002209028964,0.185726052037453,NaN,NaN,1.358033332233708,0,NaN,0,0,0,0,2
72.40000000000001,60,100,90,0,93.89880830512676,12.18052221044097,0.0001,500,1.1,-0,0.002007060276421254,14.85180372953335,7.860532218132326,79091.47800125911,86617.6872896784,6.506940983136043,298.0049587105776,77.89054227551371,1.808406527193162,10,NaN,30,NaN,1.683415693709672,0.1857516636658899,NaN,NaN,1.361527754618391,0,NaN,0,0,0,0,2
72.60000000000001,60,100,90,0,91.64533750482059,13.82791072885276,0.0001,500,1.1,-0,0.001946890540415275,14.90800946927246,7.901622224559243,79222.60241727438,86760.51816471129,6.504877046194423,298.0049474471039,77.88628863876754,1.812874769992501,10,NaN,30,NaN,1.670169895443316,0.1858694315998937,NaN,NaN,1.36497287604657,0,NaN,0,0,0,0,2
72.8,60,100,90,0,90.21480947029302,13.97250819302634,0.0001,500,1.1,-0,0.001941943772516423,14.92961599776862,7.942824173138302,79353.42869415403,86903.08321657355,6.503028855079981,298.0056059720683,78.13235245910889,1.817314056569024,10,NaN,30,NaN,1.666176296983392,0.1858990738305082,NaN,NaN,1.368396076362752,0,NaN,0,0,0,0,2
73,60,100,90,0,89.52272490694295,14.38531304818191,0.0001,500,1.1,-0,0.00192587471496825,14.95762942874938,7.983797175794216,79484.10451083755,87045.48660853178,6.500475004258761,298.0056712128835,78.15674184252146,1.821744899546337,10,NaN,30,NaN,1.664305454132324,0.1859085053956116,NaN,NaN,1.371813168119957,0,NaN,0,0,0,0,2
73.2,60,100,90,0,89.85518562256588,14.61310614475984,0.0001,500,1.1,-0,0.001918873463784877,14.97579740807529,8.024864857008184,79614.83508903164,87187.98679549486,6.498848146310813,298.004771271893,77.81925920216301,1.826176950652873,10,NaN,30,NaN,1.666094187955132,0.18588307494913,NaN,NaN,1.375231593870315,0,NaN,0,0,0,0,2
73.40000000000001,60,100,90,0,90.83309086968205,14.5148076800519,0.0001,500,1.1,-0,0.0018895685907086,15.04667301572605,8.065790624135289,79745.750291166,87330.58904273844,6.49753367830357,298.0007925393476,76.32477433946856,1.830563361603561,10,NaN,30,NaN,1.64348331760758,0.1860900788362248,NaN,NaN,1.378615213731587,0,NaN,0,0,0,0,2
73.60000000000001,60,100,90,0,92.3387250578842,13.32781720531763,0.0001,500,1.1,-0,0.001899424234408958,15.05661873442611,8.107065027901699,79876.95585971435,87473.52996393251,6.495977458513782,297.9988338869818,75.58781798495863,1.834930716479785,10,NaN,30,NaN,1.647684912740871,0.1860418015091972,NaN,NaN,1.381984525643936,0,NaN,0,0,0,0,2
73.8,60,100,90,0,94.46863975565857,12.7116428587329,0.0001,500,1.1,-0,0.00186489813970128,15.10573888073392,8.147877615156796,80008.57666034751,87616.81213080407,6.49585270171733,297.9945836357782,73.98592587221501,1.839265336823598,10,NaN,30,NaN,1.641181071348515,0.1860954977345657,NaN,NaN,1.385328970118414,0,NaN,0,0,0,0,2
74,60,100,90,0,96.64298836769171,11.21626684805669,0.0001,500,1.1,-0,0.001863364231870554,15.12693613486496,8.188584701635843,80140.62171479773,87760.53883918391,6.496481708505685,297.9918341454299,72.94789975564828,1.843583942241167,10,NaN,30,NaN,1.642284652435115,0.1860768063831875,NaN,NaN,1.388661440990363,0,NaN,0,0,0,0,2
74.2,60,100,90,0,98.56784260140346,10.09645590359561,0.0001,500,1.1,-0,0.00190505802628935,15.10794873433429,8.229773651013335,80273.04009652312,87904.78194012522,6.49576624149934,297.992656664528,73.25893984592899,1.847956537344844,10,NaN,30,NaN,1.661680808662391,0.1858838648624711,NaN,NaN,1.392035962761353,0,NaN,0,0,0,0,2
74.40000000000001,60,100,90,0,100.7857055551709,10.09462662367618,0.0001,500,1.1,-0,0.001864559638908994,15.15897299007206,8.270832441154697,80405.89020689268,88049.396622931,6.495643794516668,297.990773262247,72.54544580973284,1.852325581208528,10,NaN,30,NaN,1.65513157497096,0.1859379464320382,NaN,NaN,1.395408135414341,0,NaN,0,0,0,0,2
74.60000000000001,60,100,90,0,103.0462998801866,9.163308863291988,0.0001,500,1.1,-0,0.001869264857141013,15.18307578663429,8.312059082955441,80539.18088572106,88194.4804568111,6.494773400463437,297.9896112463408,72.10448448291872,1.856675695523072,10,NaN,30,NaN,1.654766517351967,0.1859331805691808,NaN,NaN,1.398766086509714,0,NaN,0,0,0,0,2
74.8,60,100,90,0,105.6594027569619,8.430536227031311,0.0001,500,1.1,-0,0.001874202579482109,15.18777160561196,8.353455789049036,80672.98207562385,88340.15370914643,6.493630923202415,297.990723884911,72.52738068468845,1.861051769049705,10,NaN,30,NaN,1.664477475917248,0.1858324367202253,NaN,NaN,1.402144467701848,0,NaN,0,0,0,0,2
75,60,100,90,0,108.7279955404415,8.433533390824195,0.0001,500,1.1,-0,0.001928946832258342,15.19774953747002,8.394948309710992,80807.38386905023,88486.53998179015,6.492336149745059,297.9944826773122,73.95856010799211,1.865488033985375,10,NaN,30,NaN,1.667837325970806,0.1857920452975808,NaN,NaN,1.405569718353349,0,NaN,0,0,0,0,2
75.2,60,100,90,0,112.3141265721228,9.374117664139234,0.0001,100,1.1,-0,0.001912781976683903,14.46885350549547,8.444344631612601,80862.47708719377,88553.56587758266,6.493469195267662,298.0773686063461,105.5569289393584,1.869928547109803,10,NaN,30,NaN,1.942550784500603,0.1831593175079793,NaN,NaN,1.408998653399659,0,NaN,0,0,0,0,2
75.40000000000001,60,100,90,0,115.4385888006805,37.73467263702237,0.0001,100,1.1,-0,0.001872388478894186,14.47099627570858,8.493776294118202,80918.16424537913,88621.09973253695,6.497358831669963,298.1251038693643,123.7687179391929,1.874304038719399,10,NaN,30,NaN,1.987651679209107,0.1827186683219818,NaN,NaN,1.412377775036536,0,NaN,0,0,0,0,2
75.60000000000001,60,100,90,0,117.0059238709679,56.48301664852063,0.0001,100,1.1,-0,0.001871201204510136,14.4738727718156,8.54296645555837,80974.14555047576,88688.90936871739,6.501583536171541,298.1489795935318,132.884655240791,1.878634362006594,10,NaN,30,NaN,1.985477122344101,0.1827314670150566,NaN,NaN,1.415722400767182,0,NaN,0,0,0,0,2
75.8,60,100,90,0,116.8910992080737,69.05352211483638,0.0001,100,1.1,-0,0.001835421034264113,14.48442700751296,8.592100931566765,81030.09172872138,88756.59938561061,6.50527299588311,298.1603035113361,137.2115161701226,1.882907651084921,10,NaN,30,NaN,1.978410159201774,0.1827912970017352,NaN,NaN,1.419023352149391,0,NaN,0,0,0,0,2
76,60,100,90,0,115.3033184813808,78.36794058348822,0.0001,100,1.1,-0,0.001839085212412543,14.44052286011344,8.641120282266881,81085.71173196104,88824.00766715538,6.506861571312795,298.166736485958,139.6714181471314,1.887173115429847,10,NaN,30,NaN,1.994600721207456,0.1826280361540883,NaN,NaN,1.422318633104618,0,NaN,0,0,0,0,2
76.2,60,100,116,0,113.0852856999304,86.51376911962423,0.0001,100,1.1,-0,0.002647178836713265,13.93346765619336,8.684863819633192,81146.07224485194,88897.7715267672,6.501963046012142,298.2142456812221,157.8530531536845,1.89234650007521,10,NaN,29,NaN,2.188385833075366,0.1807548436345986,NaN,NaN,1.426315828486718,0,NaN,0,0,0,0,2
76.40000000000001,60,100,116,0,112.8412178994346,109.1088123994881,0.0001,100,1.1,-0,0.002619474517092198,13.93345000890378,8.729154689716943,81206.36407683264,88971.44113724578,6.498550910986224,298.2373748857175,166.7117421981989,1.898066234991533,10,NaN,29,NaN,2.214064879264499,0.1804967207304356,NaN,NaN,1.430735799087669,0,NaN,0,0,0,0,2
76.60000000000001,60,100,116,0,113.9363700268679,124.766282031759,0.0001,100,1.1,-0,0.002570406303279512,13.94862378212171,8.774656746137881,81266.86324777217,89045.2532801202,6.496811047223204,298.2447944727045,169.555844625075,1.903764158486457,10,NaN,29,NaN,2.206782470533954,0.1805564620811018,NaN,NaN,1.435139582956279,0,NaN,0,0,0,0,2
76.80000000000001,60,100,116,0,115.726739058646,136.054128722983,0.0001,100,1.1,-0,0.002505590754088903,13.96297498845542,8.821440232298011,81327.71649906058,89119.36343550781,6.495471221219942,298.229536189335,163.7020683071086,1.909365355696884,10,NaN,29,NaN,2.195663731834585,0.1806533415659582,NaN,NaN,1.439469259672733,0,NaN,0,0,0,0,2
77,60,100,116,0,118.0570776359182,139.9141667845162,0.0001,100,1.1,-0,0.002400238715032786,13.99476957128204,8.869895411501158,81389.03679511679,89193.78695618799,6.495096655530832,298.2117517694916,156.8734786643022,1.914811790544149,10,NaN,29,NaN,2.182725231816833,0.1807680001191411,NaN,NaN,1.443679924721341,0,NaN,0,0,0,0,2
77.2,60,100,116,0,120.5353565558354,142.5005861638798,0.0001,100,1.1,-0,0.002384624145956021,13.96535062109954,8.918449809156559,81450.85429185737,89268.71290481403,6.495440343363602,298.193647146787,149.9161387928854,1.920175806288456,10,NaN,29,NaN,2.19505010542486,0.1806393460946376,NaN,NaN,1.44782746715271,0,NaN,0,0,0,0,2
77.40000000000001,60,100,116,0,122.876893304098,144.3285658355402,0.0001,100,1.1,-0,0.002348805933085173,13.95604684863991,8.96733232753078,81513.14300674415,89344.08672228099,6.496342736421538,298.1688358254502,140.3734377896625,1.925503792392497,10,NaN,29,NaN,2.199795231669145,0.1805838000340704,NaN,NaN,1.451947736513109,0,NaN,0,0,0,0,2
77.60000000000001,60,100,116,0,124.8579386873175,143.1662126491562,0.0001,100,1.1,-0,0.002311900954240324,13.96158599899799,9.016269474931926,81575.83138702576,89419.81914479607,6.496677596737781,298.1477058328713,132.2397263193681,1.93079230263865,10,NaN,29,NaN,2.192426121681893,0.1806450792374105,NaN,NaN,1.456038055468078,0,NaN,0,0,0,0,2
77.80000000000001,60,100,116,0,126.7086893081533,142.3937935738477,0.0001,100,1.1,-0,0.002386237334317843,13.92905696149235,9.064622982437522,81638.89346086643,89496.06725229521,6.497229229506353,298.122571325897,122.5563200706711,1.936133873750976,10,NaN,29,NaN,2.190198540325417,0.180656703764049,NaN,NaN,1.460169997508401,0,NaN,0,0,0,0,2
78,60,100,116,0,128.336259703143,139.4198323447028,0.0001,100,1.1,-0,0.002476385216002711,13.86873662734473,9.111486939326817,81702.2843203144,89572.7940841318,6.497489299091531,298.1023878941699,114.7737676882859,1.941615209514207,10,NaN,29,NaN,2.2065515980532,0.1804890184948593,NaN,NaN,1.464410663931641,0,NaN,0,0,0,0,2
78.2,60,100,116,0,129.8614522631506,137.2414819223149,0.0001,100,1.1,-0,0.002438756381139888,13.8816851589631,9.158512665009884,81765.98215574306,89649.76259377961,6.498077504877476,298.0837495536566,107.5807756142698,1.947126529699458,10,NaN,29,NaN,2.198699924087507,0.1805545408925549,NaN,NaN,1.468675151295026,0,NaN,0,0,0,0,2
78.40000000000001,60,100,116,0,131.1493532198548,134.8021762145341,0.0001,100,1.1,-0,0.00239469491496164,13.89680836981979,9.205716637078355,81829.93805636991,89726.9266109774,6.498590604867603,298.0708317313952,102.5911831362003,1.952585012153349,10,NaN,29,NaN,2.184658706093471,0.1806797618433325,NaN,NaN,1.47289937066638,0,NaN,0,0,0,0,2
78.60000000000001,60,100,116,0,132.233310563361,133.6259233503467,0.0001,100,1.1,-0,0.002437034570921934,13.85526035998445,9.252690881971981,81894.10926074994,89804.40725826872,6.499458871557889,298.06207199409,99.20476259068529,1.958061887994739,10,NaN,29,NaN,2.193280550870961,0.1805866169273829,NaN,NaN,1.477138440801923,0,NaN,0,0,0,0,2
78.80000000000001,60,100,116,0,132.9685559454298,133.3568875743395,0.0001,100,1.1,-0,0.00241473095294967,13.85599978070169,9.299833891471451,81958.42617174161,89882.04565604235,6.499409175417305,298.0482587090532,93.86007552804438,1.963560109274813,10,NaN,29,NaN,2.184615774330952,0.1806599506452715,NaN,NaN,1.481394653425425,0,NaN,0,0,0,0,2
79,60,100,116,0,133.7278272352579,130.9847020447882,0.0001,100,1.1,-0,0.002437357435268839,13.81629830316125,9.346623445439683,82022.89586260002,89959.89409029343,6.498624860719602,298.0283145042029,86.13650887969811,1.969084035539031,10,NaN,29,NaN,2.197448046879412,0.1805261686792235,NaN,NaN,1.485671391417528,0,NaN,0,0,0,0,2
79.2,60,100,116,0,134.8002964719758,126.0172525986943,0.0001,100,1.1,-0,0.002455418358137908,13.76955122972377,9.393048102895879,82087.58139115726,90038.02958488907,6.498233926210924,298.0122292478179,79.9019592526539,1.974660822431302,10,NaN,29,NaN,2.217113861892498,0.1803264111386694,NaN,NaN,1.489989692804595,0,NaN,0,0,0,0,2
79.40000000000001,60,100,116,0,136.0254984457621,121.6792145898744,0.0001,100,1.1,-0,0.002400650847848078,13.77416305937528,9.439977786494458,82152.51334931536,90116.34742504952,6.497868823891805,297.9919513455577,72.03551458043961,1.980218096911344,10,NaN,29,NaN,2.2167543686256,0.1803196524998304,NaN,NaN,1.494293522465343,0,NaN,0,0,0,0,2
79.60000000000001,60,100,116,0,137.397915434219,115.2625745261431,0.0001,100,1.1,-0,0.002464925771410712,13.730469676871,9.486248931059816,82217.71852206504,90195.05888473743,6.49819079544483,297.9892107308469,70.97142038783778,1.985806223216971,10,NaN,29,NaN,2.226805616417057,0.1802125019442388,NaN,NaN,1.498621887061249,0,NaN,0,0,0,0,2
79.80000000000001,60,100,116,0,138.6393728621719,114.1673221763096,0.0001,100,1.1,-0,0.002409301884318767,13.72916700384379,9.533108131246761,82283.16754791004,90273.9686940993,6.50026409074082,297.9842790098616,69.05488110050581,1.991389506299583,10,NaN,29,NaN,2.228532318330275,0.1801855935367785,NaN,NaN,1.502947143094343,0,NaN,0,0,0,0,2
80,60,100,116,0,139.0479664662428,112.0818354534431,0.0001,100,1.1,-0,0.002309733676696291,13.78001907425876,9.580819031580706,82348.69510167405,90352.7867214126,6.502449045878469,297.9754870414815,65.63521938891749,1.996849202686421,10,NaN,29,NaN,2.203466466059387,0.1804170713432497,NaN,NaN,1.507177280527379,0,NaN,0,0,0,0,2
80.2,60,100,90,0,138.587816006951,108.4960571395139,0.0001,100,1.1,-0,0.001346651234847491,14.56174188531571,9.625214374105768,82408.93962065825,90423.37979039327,6.517933531194975,297.9102947903141,40.25744410167945,2.001093395020443,10,NaN,23,NaN,1.930226560763532,0.1830324445351838,NaN,NaN,1.510466077919908,0,NaN,0,0,0,0,2
80.40000000000001,60,100,90,0,131.8906062735633,32.54881714185415,143.7967823318653,100,1.1,-0,0.001345856105979031,14.55409708181902,9.669510575610996,82467.78177489212,90492.55936039104,6.529896416314707,298.2602152354731,176.5784128642265,2.004593301311661,10,NaN,23,NaN,1.877858430902685,0.1835266756508398,NaN,NaN,1.513178412332131,0,NaN,0,0,0,0,2
80.60000000000001,60,100,90,0,120.4623518375005,150.3963672422445,14.37967823318653,100,1.1,-0,0.001314088877814283,14.55165397430641,9.71368984426341,82524.27715487467,90559.2898531346,6.540146091455659,298.1876555976148,148.2893513698107,2.007956293988123,10,NaN,23,NaN,1.869055057633459,0.1836044945987348,NaN,NaN,1.515784880366364,0,NaN,0,0,0,0,2
80.80000000000001,60,100,90,0,104.9285775531577,132.4969601726747,1.437967823318653,100,1.1,-0,0.00131985228696213,14.47911169093918,9.758159472446179,82577.69249109845,90622.98133141821,6.543845182360152,298.1034309660408,115.4286804544551,2.011293751324272,10,NaN,23,NaN,1.897877578888993,0.1833227821940581,NaN,NaN,1.518371788050686,0,NaN,0,0,0,0,2
81,60,100,90,0,87.93117055138126,111.0207444741418,0.1437967823318654,100,1.1,-0,0.001314743474723382,14.43183999929044,9.803097967936695,82627.73262447213,90683.30111374977,6.53910018735083,298.0444061046922,92.38401150180289,2.014632973472197,10,NaN,23,NaN,1.916167610272574,0.1831416428089334,NaN,NaN,1.520960293665125,0,NaN,0,0,0,0,2
81.2,60,100,90,0,72.83849628557408,95.16751327219978,0.01437967823318654,100,1.1,-0,0.001304991628754944,14.38028967237576,9.84863721432564,82674.77042773874,90740.61796805714,6.525303539288686,298.0014786489926,75.61326657597543,2.017962295098235,10,NaN,23,NaN,1.938109168001624,0.1829255171897222,NaN,NaN,1.523541353640247,0,NaN,0,0,0,0,2
81.40000000000001,60,100,90,0,63.26714959171377,82.4654564419059,0.001437967823318654,100,1.1,-0,0.001305494830979662,14.33741659709196,9.89441289597119,82719.90368944954,90796.04490587134,6.505738156623055,297.975584273831,65.49067596155147,2.021292100592616,10,NaN,23,NaN,1.955378876524284,0.1827540186382616,NaN,NaN,1.526123017543205,0,NaN,0,0,0,0,2
81.60000000000001,60,100,90,0,61.51191212383618,73.90930226613818,0.0001437967823318654,100,1.1,-0,0.001271540188739438,14.36513280772929,9.939843701695803,82764.69169254467,90851.05426056586,6.488822663578113,297.9526217911439,56.50877476402112,2.024589650442482,10,NaN,23,NaN,1.93720275163457,0.1829218171802611,NaN,NaN,1.528679898548302,0,NaN,0,0,0,0,2
81.80000000000001,60,100,90,0,66.49572028524828,65.26586382146689,0.0001,100,1.1,-0,0.001275858901914842,14.32691212818263,9.98526359340805,82810.48038604237,90907.11928644901,6.479965456749277,297.9358815473012,49.95675222929993,2.027884000811821,10,NaN,23,NaN,1.953108209172249,0.1827634573239794,NaN,NaN,1.531234522858384,0,NaN,0,0,0,0,2
82,60,100,90,0,75.00445964619206,19.57975914644007,77.37100684226533,100,1.1,-0,0.001282838734554816,14.33642435262864,10.03080430377539,82857.92678909173,90964.89534345602,6.476466978209735,298.1484427125737,133.2036898475053,2.031198766047932,10,NaN,23,NaN,1.942104860094255,0.1828625742963603,NaN,NaN,1.533805204153891,0,NaN,0,0,0,0,2
82.2,60,100,90,0,84.92080031005555,90.63447101805548,7.737100684226533,100,1.1,-0,0.001298280061318881,14.33756045464523,10.07625452112024,82907.31374558895,91024.64309485315,6.479837665510296,298.1250592867931,124.0399000736629,2.034527548305279,10,NaN,23,NaN,1.936678998133241,0.1829082737453024,NaN,NaN,1.536386984311103,0,NaN,0,0,0,0,2
82.40000000000001,60,100,90,0,93.48348312026494,86.53958210572026,0.7737100684226533,100,1.1,-0,0.001290882820003751,14.34031046551762,10.12152993431579,82958.4209721793,91086.10814341267,6.486644690120815,298.0876445398786,109.3676331968949,2.037855406874259,10,NaN,23,NaN,1.933930879826439,0.1829283499660779,NaN,NaN,1.538968276797832,0,NaN,0,0,0,0,2
82.60000000000001,60,100,90,0,99.33406623057832,78.49659336832528,0.07737100684226533,100,1.1,-0,0.001276618526155108,14.33816793150451,10.16678537787424,83010.70746485515,91148.71629716542,6.496739343716487,298.0569376525348,97.3176144408209,2.041156852573968,10,NaN,23,NaN,1.937378678273707,0.1828892029162675,NaN,NaN,1.54152930785048,0,NaN,0,0,0,0,2
82.80000000000001,60,100,90,0,101.1470007589433,71.46999808202222,0.007737100684226533,100,1.1,-0,0.001313314183528587,14.29717692078652,10.2123017466987,83063.36194951746,91211.82955586922,6.504097847847028,298.0375215509095,89.69306290732453,2.044499405257608,10,NaN,23,NaN,1.945442572786933,0.1828058139583943,NaN,NaN,1.544122456199299,0,NaN,0,0,0,0,2
83,60,100,90,0,100.0360286180901,67.1369066464197,0.0007737100684226533,100,1.1,-0,0.00127408992582978,14.31293313243484,10.25756111047958,83115.79679710601,91274.63600277061,6.512332910299481,298.020713290149,83.08800301499656,2.047833137094295,10,NaN,23,NaN,1.938222514240173,0.1828686661676772,NaN,NaN,1.546708991249913,0,NaN,0,0,0,0,2
83.2,60,100,90,0,95.61940070667146,62.89073560533905,0.0001,100,1.1,-0,0.00127731655991687,14.29729057381612,10.30291978049151,83167.34871176982,91336.55740119876,6.51927282970148,298.0123317618763,79.79210260056,2.051139662994491,10,NaN,23,NaN,1.937366498001238,0.1828706815160318,NaN,NaN,1.549274644918285,0,NaN,0,0,0,0,2
83.40000000000001,60,100,90,0,88.43385809028878,60.90191868754599,0.0001,100,1.1,-0,0.001274230933721579,14.27286445311461,10.34814017542282,83217.46134353615,91397.04377828825,6.52205764198429,298.0086447006541,78.34124730611329,2.054441390935613,10,NaN,23,NaN,1.942122781685071,0.1828190195899967,NaN,NaN,1.551836801110623,0,NaN,0,0,0,0,2
83.60000000000001,60,100,90,0,80.14387485437159,60.15518509829474,0.0001,100,1.1,-0,0.001271374590689767,14.26385977599664,10.39366828101417,83265.91273564901,91455.86612800381,6.51851030138398,298.0060844989072,77.33314559241177,2.057730253194629,10,NaN,23,NaN,1.936615745775332,0.1828655576929562,NaN,NaN,1.554389197458761,0,NaN,0,0,0,0,2
83.80000000000001,60,100,90,0,73.28030097725359,59.62374472932279,0.0001,100,1.1,-0,0.001232604433653742,14.27576183936281,10.43855989280604,83312.98845066373,91513.19732312385,6.511699385748037,298.0018899360879,75.68045597867412,2.060965308709778,10,NaN,23,NaN,1.927962265652689,0.182942274613635,NaN,NaN,1.556900053978826,0,NaN,0,0,0,0,2
84,60,100,90,0,69.13153499140361,58.42399077876945,0.0001,100,1.1,-0,0.001230403898123239,14.26488201692436,10.48331491640142,83359.23213472811,91569.70561441658,6.503152114466307,297.996489580002,73.55136488485046,2.064171417291144,10,996.0272452986738,23,1638.868836215946,1.922798350219061,0.1829856608306789,10.30291978049151,21.2338937731276,1.559388657073131,0,28.12658037976254,0,0,0,0,2
84.2,60,100,90,0,68.39692932464999,56.66319975357933,0.0001,100,1.1,-0,0.001238494684014603,14.24127236281648,10.52848362128801,83405.32605477834,91626.11466934397,6.491554367221444,297.9952485154339,73.06177218201198,2.067385318881185,10,NaN,23,NaN,1.926089495733521,0.1829481892284459,NaN,NaN,1.561883522448169,0,NaN,0,0,0,0,2
84.40000000000001,60,100,90,0,72.30587177893392,56.14389439830657,0.0001,100,1.1,-0,0.001217091433692591,14.26800501788803,10.57272270901319,83452.19872286398,91683.2282529215,6.485117988139776,297.9906825958215,71.25944317664347,2.07057600360625,10,NaN,23,NaN,1.912706837112004,0.1830701607494787,NaN,NaN,1.564360576466781,0,NaN,0,0,0,0,2
84.60000000000001,60,100,90,0,78.76267505522782,54.39977944506421,0.0001,100,1.1,-0,0.001242742420069102,14.24342320650638,10.61743413528946,83500.35987730611,91741.72729067695,6.48233539209207,297.9881726433663,70.26805506758929,2.073780117299404,10,NaN,23,NaN,1.914933348022366,0.1830428900787845,NaN,NaN,1.566848267784101,0,NaN,0,0,0,0,2
84.80000000000001,60,100,90,0,86.33704872037499,53.21868758842993,0.0001,100,1.1,-0,0.001232852793210581,14.26576662654855,10.66146292709026,83550.03275034278,91801.68272153898,6.483872062336538,297.9843568236043,68.75989798548721,2.076983073175557,10,NaN,23,NaN,1.904124401292418,0.1831402004487012,NaN,NaN,1.569335272384831,0,NaN,0,0,0,0,2
85,60,100,90,0,93.29427920000545,51.47752854019271,0.0001,100,1.1,-0,0.001251861068833348,14.24886030622195,10.70553492266616,83601.09351286489,91863.09773996552,6.489406572831905,297.9831484971521,68.28200348793531,2.080202206297592,10,NaN,23,NaN,1.904747230284132,0.1831282286409491,NaN,NaN,1.571835051976441,0,NaN,0,0,0,0,2
85.2,60,100,90,0,98.03841421760083,50.50265544753199,0.0001,100,1.1,-0,0.001283918613600798,14.23312903587939,10.75011626999673,83653.09857607329,91925.54992367397,6.494471220492779,297.9835845514189,68.45457637104489,2.083465821350464,10,NaN,23,NaN,1.902006257764801,0.1831483139835843,NaN,NaN,1.574369592329715,0,NaN,0,0,0,0,2
85.40000000000001,60,100,90,0,100.7710244097469,50.03022526119179,0.0001,100,1.1,-0,0.001243098493986953,14.25619644775202,10.79425928760235,83705.64549963805,91988.44698419464,6.501378673112112,297.9826243372492,68.07428343782233,2.086702496184981,10,NaN,23,NaN,1.893580528395136,0.1832227510000425,NaN,NaN,1.576883428424541,0,NaN,0,0,0,0,2
85.60000000000001,60,100,90,0,100.7331055928256,49.08010164385016,0.0001,100,1.1,-0,0.001265781894200361,14.2080064720828,10.83868914881303,83758.18020053761,92051.41147820806,6.508335774257318,297.9830416464032,68.23966185301762,2.089937856336984,10,NaN,23,NaN,1.911522079637998,0.1830452870409489,NaN,NaN,1.57939646008947,0,NaN,0,0,0,0,2
85.80000000000001,60,100,90,0,97.91808044652382,48.57968755509415,0.0001,100,1.1,-0,0.001277694347083488,14.169506293219,10.88362497893003,83810.14628468135,92113.87752312719,6.51294261784182,297.986734130312,69.70401177066216,2.093204950688723,10,NaN,23,NaN,1.926029578747446,0.1829005282406346,NaN,NaN,1.581934360785928,0,NaN,0,0,0,0,2
86,60,100,90,0,93.26818558650325,49.21452642510243,0.0001,100,1.1,-0,0.001291886685579067,14.15652468175253,10.92892175770996,83861.17573261124,92175.45400973574,6.516227806234934,297.9926604878243,72.05584996224161,2.09649737821998,10,NaN,23,NaN,1.920931957242207,0.1829431004171666,NaN,NaN,1.584492163970991,0,NaN,0,0,0,0,2
86.2,60,100,90,0,87.30102957407077,50.73395602422832,0.0001,100,1.1,-0,0.001261150315376544,14.18050361027149,10.97407605417263,83911.00558596628,92235.73020282436,6.515332972274978,297.9944576310518,72.76949500663339,2.099749011518518,10,NaN,23,NaN,1.903786541348137,0.1831008501536778,NaN,NaN,1.587018495398488,0,NaN,0,0,0,0,2
86.40000000000001,60,100,90,0,81.70128832232628,51.03429104977263,0.0001,100,1.1,-0,0.001219517156681039,14.1961619068425,11.01853914223603,83959.71160889964,92294.74182335615,6.511185811860101,297.9897118760873,70.88369301459456,2.102913516926509,10,NaN,23,NaN,1.895170918913254,0.1831772264618655,NaN,NaN,1.58947734366192,0,NaN,0,0,0,0,2
86.60000000000001,60,100,90,0,77.75770279577476,49.17568817724967,0.0001,100,1.1,-0,0.001247118685711637,14.1541659185064,11.06384569161721,84007.62555316414,92353.05565348823,6.504961518122063,297.9895413171544,70.81587414960291,2.1060680077817,10,NaN,23,NaN,1.901863675310626,0.1831073996046107,NaN,NaN,1.591928616897745,0,NaN,0,0,0,0,2
86.80000000000001,60,100,90,0,76.30024031708263,48.76663386090738,0.0001,100,1.1,-0,0.001258088807221069,14.12141379155302,11.10912146460515,84055.24302927787,92411.09179094604,6.499294421761051,297.9926902955378,72.06873769794161,2.10924091744222,10,NaN,23,NaN,1.917313417277414,0.1829538654473503,NaN,NaN,1.594394410784322,0,NaN,0,0,0,0,2
87,60,100,90,0,77.10114194876468,49.46210998849278,0.0001,100,1.1,-0,0.001229686116808491,14.14041954615061,11.15412845559527,84103.01587502894,92469.19797024132,6.496342946829479,297.9918179994439,71.72145355250821,2.112376012299054,10,NaN,23,NaN,1.911153601112837,0.1830068586524279,NaN,NaN,1.596831022079368,0,NaN,0,0,0,0,2
87.2,60,100,90,0,79.07550934639335,48.86343658088447,0.0001,100,1.1,-0,0.001236558619676445,14.12444738676003,11.19920758635662,84151.17932580681,92527.74297760605,6.494924476350811,297.9922646770357,71.89938868122606,2.115498872957164,10,NaN,23,NaN,1.911020891045987,0.1830022880868456,NaN,NaN,1.599258327292917,0,NaN,0,0,0,0,2
87.40000000000001,60,100,90,0,81.62092666945779,48.71725754989097,0.0001,100,1.1,-0,0.001222485633067614,14.15411163855863,11.24359210076981,84199.84755242753,92586.72753606926,6.494896114669399,297.9913838645137,71.54827367521291,2.118606916233023,10,NaN,23,NaN,1.891346713988727,0.1831843790077274,NaN,NaN,1.601674315994696,0,NaN,0,0,0,0,2
87.60000000000001,60,100,90,0,84.17803472248144,48.11995253670614,0.0001,100,1.1,-0,0.0012582640662673,14.09587530532266,11.28821997075383,84249.02235055849,92646.35022602043,6.49491542661537,297.994194244137,72.66925340923873,2.121753707129454,10,NaN,23,NaN,1.910144006472955,0.1829989706718667,NaN,NaN,1.604120628448784,0,NaN,0,0,0,0,2
87.80000000000001,60,100,90,0,86.73170997576999,48.77303451993225,0.0001,100,1.1,-0,0.001258242694804837,14.10101952179059,11.3329058122383,84298.70205084418,92706.49464217167,6.498092743272453,297.9978900157627,74.14433380045482,2.12493344488224,10,NaN,23,NaN,1.902752036433928,0.1830636282939846,NaN,NaN,1.606592762178646,0,NaN,0,0,0,0,2
88,60,100,90,0,88.00425286638061,49.80928203874268,0.0001,100,1.1,-0,0.001277729701809969,14.04224139511119,11.37820582954147,84348.62983040257,92767.00453645443,6.500283696630205,298.0034143268942,76.35067179782061,2.128156597422236,10,NaN,23,NaN,1.925078468953411,0.1828443229363051,NaN,NaN,1.609098863212111,0,NaN,0,0,0,0,2
88.2,60,100,90,0,88.41375530058798,51.60832668302587,0.0001,100,1.1,-0,0.001275727654130408,14.02082076493224,11.423508293335,84398.63262987004,92827.60976618057,6.502991177690144,298.0091387544512,78.6384220123991,2.131410256445386,10,NaN,23,NaN,1.935595251876643,0.1827377449083166,NaN,NaN,1.611628902366252,0,NaN,0,0,0,0,2
88.40000000000001,60,100,90,0,87.73541473739853,53.66985911524577,0.0001,100,1.1,-0,0.001308367010932676,13.98219944442527,11.4695691699078,84448.49337278254,92888.18599717061,6.504417925747655,298.0123358543092,79.91696973694988,2.13470498035813,10,NaN,23,NaN,1.943987147672446,0.1826513836926995,NaN,NaN,1.614191097113847,0,NaN,0,0,0,0,2
88.60000000000001,60,100,90,0,86.49222864409984,55.07262865150818,0.0001,100,1.1,-0,0.001299341867005878,13.95611151039984,11.51546146816048,84498.10023737,92948.48488365955,6.507438202771987,298.0126116975552,80.02734490344386,2.138010534550808,10,NaN,23,NaN,1.960457781757842,0.1824877470275087,NaN,NaN,1.616761940355922,0,NaN,0,0,0,0,2
88.80000000000001,60,100,90,0,84.03160662044915,55.60641085902529,0.0001,100,1.1,-0,0.001260040111356719,13.97712703504488,11.56072760881408,84547.21095405055,93008.16770928138,6.509122220271592,298.0099891043901,78.9771756358449,2.141259316066807,10,NaN,23,NaN,1.954710790627532,0.182536638177084,NaN,NaN,1.619288850284556,0,NaN,0,0,0,0,2
89,60,100,90,0,80.90685982089163,55.17248605104609,0.0001,100,1.1,-0,0.001230533965339443,13.99011529758479,11.60527403719816,84595.6933786852,93067.10063575923,6.508357094537691,298.0073121769115,77.90456988487162,2.144429956979034,10,NaN,23,NaN,1.94911661496424,0.1825842031103894,NaN,NaN,1.621755193300333,0,NaN,0,0,0,0,2
89.2,60,100,90,0,78.09192047422125,54.64320693427578,0.0001,100,1.1,-0,0.001205715466887395,13.99388223934954,11.64942430996533,84643.60983280023,93125.39014148114,6.506876888101155,298.0032216936182,76.2645515069546,2.147536091969034,10,NaN,23,NaN,1.945978190252101,0.1826084061036487,NaN,NaN,1.624171561334776,0,NaN,0,0,0,0,2
89.40000000000001,60,100,90,0,75.86357190852246,53.52627378838247,0.0001,100,1.1,-0,0.001185823833709906,14.01005141340592,11.69303663902923,84691.07797246205,93183.16774035682,6.50544448855671,297.9991658446599,74.63741386731949,2.150592799601258,10,NaN,23,NaN,1.932883085133505,0.1827278428637919,NaN,NaN,1.626549673512514,0,NaN,0,0,0,0,2
89.60000000000001,60,100,90,0,74.20573809574752,52.27849803314126,0.0001,100,1.1,-0,0.001169543923470724,14.01621006367543,11.73635610464309,84738.21185776209,93240.56573721019,6.506017154916219,297.9953951063916,73.12372552803716,2.153607494210941,10,NaN,23,NaN,1.924758990229704,0.1827998274175759,NaN,NaN,1.628895289490257,0,NaN,0,0,0,0,2
89.80000000000001,60,100,90,0,72.31241410505837,50.97673137250621,0.0001,100,1.1,-0,0.001148953749108503,14.01965317628005,11.77903162531906,84784.96466870085,93297.50316409701,6.505752969879975,297.9901975588776,71.03600417741345,2.156574617590204,10,NaN,23,NaN,1.923130800719404,0.1828098369112228,NaN,NaN,1.631204076266956,0,NaN,0,0,0,0,2
90,60,100,90,0,70.53392521233778,49.03917450689218,0.0001,100,1.1,-0,0.02815809334492907,15.77187467101137,11.81139001213845,84831.36082096751,93354.16957622164,6.513901309038846,297.9602159087405,58.98364447969226,2.159369286756002,10,NaN,23,NaN,1.732564168638029,0.1846207008992643,NaN,NaN,1.633378839515919,0,NaN,0,0,0,0,2
90.2,75,100,90,0,65.46582965224238,38.36689527384803,0.0001,100,1.1,-0,0.001159576490620567,14.37575341326045,11.85004313477484,84876.73605394152,93409.82227988535,6.502602531207866,297.9973566234415,73.91649982868296,1.765981962170841,10,NaN,23,NaN,1.90194651650806,0.1873722827499072,NaN,NaN,1.661047199484956,0,NaN,0,0,0,0,2
90.40000000000001,75,100,90,0,65.0079518456901,49.91340079947943,0.0001,100,1.1,-0,0.001162491679499824,14.34817707376399,11.89327344693986,84922.01434532106,93465.38300855985,6.497906092009687,297.9935557430044,72.38706837786343,1.741376150788613,10,NaN,23,NaN,1.841664803800963,0.1878771271944416,NaN,NaN,1.637368446523307,0,NaN,0,0,0,0,2
90.60000000000001,75,100,90,0,66.34476327332604,48.2244150674789,0.0001,100,1.1,-0,0.001148974993477968,14.35639457722164,11.93573787927338,84967.55750989927,93521.14482054405,6.49578782761119,297.9894089047364,70.71743808043783,1.74189700172613,10,NaN,23,NaN,1.83072914186396,0.1879591436721479,NaN,NaN,1.637869513528659,0,NaN,0,0,0,0,2
90.80000000000001,75,100,90,0,68.54155153064285,46.58060283095662,0.0001,100,1.1,-0,0.00116013837861245,14.33909019546921,11.97808104538685,85013.53660423326,93577.39163277962,6.492908510828193,297.9900238036772,70.96515466930393,1.744138307635952,10,NaN,23,NaN,1.834597691857981,0.1879254928208228,NaN,NaN,1.640025764984433,0,NaN,0,0,0,0,2
91,75,100,90,0,71.90081291233869,46.42667818017469,0.0001,100,1.1,-0,0.001147114255514313,14.34085617246477,12.02011653962692,85060.1836986213,93634.28184563939,6.493298752188443,297.9876695315336,70.01612568750586,1.746492107590538,10,NaN,23,NaN,1.834776762959071,0.1879196316889408,NaN,NaN,1.642290379536969,0,NaN,0,0,0,0,2
91.2,75,100,90,0,75.09081823159416,45.23573518647976,0.0001,100,1.1,-0,0.00114158445143276,14.34434411807198,12.06154689939085,85107.46525105221,93691.76749269248,6.497327668129858,297.9865733323584,69.57396715808694,1.748834444583802,10,NaN,23,NaN,1.835229569007198,0.1879117148157518,NaN,NaN,1.644544105865153,0,NaN,0,0,0,0,2
91.40000000000001,75,100,90,0,76.66778490771576,44.41281094460163,0.0001,100,1.1,-0,0.001131314306112943,14.36403303760271,12.10281601008698,85155.05865870787,93749.5273122017,6.503516308777326,297.9839433016501,68.51248994217697,1.751150784082019,10,NaN,23,NaN,1.817363722651749,0.1880428655132501,NaN,NaN,1.646772955936385,0,NaN,0,0,0,0,2
91.60000000000001,75,100,90,0,75.77385518647428,43.01017180749054,0.0001,100,1.1,-0,0.001121425601278175,14.37199590310496,12.1439048261437,85202.46986525822,93807.06650716356,6.509174736807353,297.9822357085981,67.82288410501513,1.753442243980156,10,NaN,23,NaN,1.804569851983578,0.1881355395874147,NaN,NaN,1.648978000920279,0,NaN,0,0,0,0,2
91.80000000000001,75,100,90,0,72.6252044696666,41.83865124675887,0.0001,100,1.1,-0,0.001106540845491246,14.39006588237751,12.1848659828231,85249.24864908482,93863.92250492529,6.513144716255341,297.9763023458712,65.42528040072814,1.755701517051097,10,NaN,23,NaN,1.783485904044281,0.1882911097086752,NaN,NaN,1.651152204166527,0,NaN,0,0,0,0,2
92,75,100,90,0,67.89240340463694,39.13828712629038,0.0001,100,1.1,-0,0.00110082014665926,14.37289046565549,12.22593764112469,85295.07852193466,93919.82083696735,6.512929718740975,297.9732876065952,64.20632957933499,1.757940112650798,10,NaN,23,NaN,1.786056986547639,0.1882673246167951,NaN,NaN,1.653306637090832,0,NaN,0,0,0,0,2
92.2,75,100,90,0,63.25392503432765,37.25404026668852,0.0001,100,1.1,-0,0.001116112223289555,14.32849593254162,12.26766012133601,85339.97695161132,93974.84337146502,6.508287818389158,297.9745962351311,64.73574932822206,1.760181951623434,10,NaN,23,NaN,1.807643615250082,0.1880993183761708,NaN,NaN,1.655464319715424,0,NaN,0,0,0,0,2
92.40000000000001,75,100,90,0,60.47333511977229,36.72641290345237,0.0001,100,1.1,-0,0.001150915130658424,14.26904093477797,12.31010987993576,85384.31352130034,94029.44608462365,6.500311446263747,297.9813052814565,67.45155248596721,1.762471817735935,10,NaN,23,NaN,1.830828010587581,0.1879190355758872,NaN,NaN,1.657668359114472,0,NaN,0,0,0,0,2
92.60000000000001,75,100,90,0,60.88006503371911,38.07857798911027,0.0001,100,1.1,-0,0.001161768156667261,14.23984956050236,12.35276784081805,85428.72492427175,94084.17850573522,6.492378775536088,297.9864462941271,69.5338120252151,1.764799146090221,10,NaN,23,NaN,1.845150828291189,0.1878058810292353,NaN,NaN,1.659908593874625,0,NaN,0,0,0,0,2
92.80000000000001,75,100,90,0,64.44904958846922,39.1008575676656,0.0001,100,1.1,-0,0.001176260297913208,14.20573963504709,12.39592059900735,85473.8437888701,94139.70127414051,6.486278858535021,297.9921408218635,71.84159829264475,1.767154150928564,10,NaN,23,NaN,1.863534194366957,0.1876618184827145,NaN,NaN,1.662175610255292,0,NaN,0,0,0,0,2
93,75,100,90,0,70.45212935589569,40.51864807146384,0.0001,100,1.1,-0,0.001163078055522626,14.22330217853755,12.43860945837795,85520.15758624722,94196.39883283709,6.48497216538054,297.9937885259135,72.5097392739706,1.76951285754557,10,NaN,23,NaN,1.851460024981624,0.1877489787673528,NaN,NaN,1.664446332136743,0,NaN,0,0,0,0,2
93.2,75,100,90,0,76.96802942282284,40.74967783057826,0.0001,100,1.1,-0,0.001138869100696384,14.24061684660016,12.48097066073342,85567.76996520875,94254.34500765031,6.488185212981883,297.9936398087716,72.44938759258211,1.771841972762276,10,NaN,23,NaN,1.846189050703596,0.1877845364170852,NaN,NaN,1.666688705929251,0,NaN,0,0,0,0,2
93.40000000000001,75,100,90,0,82.19922401584276,40.4530823579918,0.0001,100,1.1,-0,0.001114011369415177,14.27406141084566,12.52244131255303,85616.42510097484,94313.25955503489,6.493060314255987,297.9895650765823,70.79504615498158,1.774132939174961,10,NaN,23,NaN,1.825919472949468,0.1879339717762595,NaN,NaN,1.668894486898369,0,NaN,0,0,0,0,2
93.60000000000001,75,100,90,0,85.48938973359309,38.80990796016999,0.0001,100,1.1,-0,0.001113265307311356,14.26674151052497,12.56353737442512,85665.73554924942,94372.82474424219,6.498856574292654,297.9853183996791,69.0698171255144,1.776406743971352,10,NaN,23,NaN,1.829750969981193,0.1879005513879032,NaN,NaN,1.671083877001134,0,NaN,0,0,0,0,2
93.80000000000001,75,100,90,0,86.46334860768823,36.98405529183316,0.0001,100,1.1,-0,0.001114426078413737,14.26748358739357,12.60461516261321,85715.23776541222,94432.56999237291,6.506519754150342,297.9825530003788,67.94565525499451,1.77867035696927,10,NaN,23,NaN,1.824938261557925,0.1879327344437334,NaN,NaN,1.673263584926708,0,NaN,0,0,0,0,2
94,75,100,90,0,84.36885974973551,35.51128259796923,0.0001,100,1.1,-0,0.001132124703588416,14.23887194654074,12.6460645404999,85764.31714990131,94491.95433613137,6.513043575983494,297.9827500606883,68.025807962597,1.780945904250379,10,NaN,23,NaN,1.831028151413815,0.1878821778996316,NaN,NaN,1.675454916775193,0,NaN,0,0,0,0,2
94.2,75,100,90,0,79.67455339626962,34.94574641369039,0.0001,100,1.1,-0,0.001135162877701458,14.20397624659126,12.68809440979557,85812.4524478644,94550.42231577814,6.517257963211553,297.9864277482927,69.52266874720598,1.78322909786599,10,NaN,23,NaN,1.848156563269621,0.1877478352502542,NaN,NaN,1.677653745008933,0,NaN,0,0,0,0,2
94.40000000000001,75,100,90,0,73.29842115140646,35.56619796070021,0.0001,100,1.1,-0,0.001141223405490205,14.1710985471061,12.73045478216069,85859.30580279556,94607.66109413287,6.517829537118175,297.9941696685414,72.67563802588326,1.785527124336228,10,NaN,23,NaN,1.856097291870154,0.1876831729418168,NaN,NaN,1.67986699258368,0,NaN,0,0,0,0,2
94.60000000000001,75,100,90,0,66.69821758085264,37.70061835044058,0.0001,100,1.1,-0,0.001140133078887761,14.14867748185035,12.77305083292769,85904.83148791263,94663.54771009019,6.516188591518437,298.0026242470659,76.12088766409406,1.787816971123114,10,NaN,23,NaN,1.867491847415598,0.1875922994495669,NaN,NaN,1.68207249653723,0,NaN,0,0,0,0,2
94.80000000000001,75,100,90,0,60.74999231154599,40.3407461098264,0.0001,100,1.1,-0,0.00114104367532586,14.12541140972468,12.81587553896385,85949.15973356251,94718.26196912261,6.511906183043622,298.0119042868328,79.9046910137846,1.790102480512211,10,NaN,23,NaN,1.871689824013615,0.187556062514551,NaN,NaN,1.684273956542709,0,NaN,0,0,0,0,2
95,75,100,90,0,56.51631436797552,43.57735975546458,0.0001,100,1.1,-0,0.00114208834093522,14.10396385353563,12.85896352673185,85992.63389349867,94772.11513130851,6.504403162684837,298.0185645670816,82.62185898522881,1.79237926869263,10,NaN,23,NaN,1.88153786407867,0.1874769388400616,NaN,NaN,1.686467148871181,0,NaN,0,0,0,0,2
95.2,75,100,90,0,55.28595549369808,46.25196689928214,0.0001,100,1.1,-0,0.001144678558813981,14.08450611699197,12.9023888874418,86035.85582555144,94825.75162618016,6.495126180652242,298.022397005432,84.1862355949212,1.794654076309127,10,NaN,23,NaN,1.887190129763783,0.1874296735829344,NaN,NaN,1.688658565750163,0,NaN,0,0,0,0,2
95.40000000000001,75,100,90,0,57.7619020687199,48.2203772938652,0.0001,100,1.1,-0,0.001182389210253011,14.05155036981655,12.94628084271089,86079.56722837758,94879.99084365777,6.488484851544839,298.0268818165191,86.01794127842302,1.796966534368622,10,NaN,23,NaN,1.893084064139404,0.1873804983717931,NaN,NaN,1.690886388521184,0,NaN,0,0,0,0,2
95.60000000000001,75,100,90,0,62.88005866775237,50.57878153498135,0.0001,100,1.1,-0,0.001167844880177341,14.06092494964083,12.98938131465751,86124.29712806323,94935.20523374004,6.484241640584194,298.027599787441,86.31133714390873,1.799288684237587,10,NaN,23,NaN,1.891260323893491,0.1873899181900851,NaN,NaN,1.693123686023783,0,NaN,0,0,0,0,2
95.80000000000001,75,100,90,0,69.69606791288179,51.80091353933958,0.0001,100,1.1,-0,0.001138541878788111,14.09832667331692,13.03149266348483,86170.38626488362,94991.68788694017,6.488718421965168,298.0260971304837,85.69689956961285,1.801578952110201,10,NaN,23,NaN,1.872770887056403,0.1875259383655963,NaN,NaN,1.695330401623885,0,NaN,0,0,0,0,2
96,75,100,90,0,74.70043700881088,52.31210413620855,0.0001,100,1.1,-0,0.001123421677094611,14.11061878596342,13.07338339300664,86217.4725703382,95049.15279376341,6.494447417194079,298.0250120442437,85.2529418969833,1.80384492561208,10,952.3381607430001,23,1611.888987939041,1.861382792467044,0.1876080543943215,12.9023888874418,22.45606415610636,1.69751384120908,0,37.26963013941808,0,0,0,0,2
96.2,75,100,90,0,77.43700472724743,52.92766170373366,0.0001,100,1.1,-0,0.001149394587595416,14.09264963019534,13.1157954974363,86265.10179950381,95107.25406795376,6.50310029466116,298.026481353206,85.85445031258419,1.806127113394442,10,NaN,23,NaN,1.857818125286224,0.1876307478947912,NaN,NaN,1.699713037282361,0,NaN,0,0,0,0,2
96.40000000000001,75,100,90,0,76.70683820942382,54.38066310165721,0.0001,100,1.1,-0,0.00118452310774449,14.04006766328846,13.15889705607036,86312.57962059607,95165.34836557075,6.509639197749453,298.0299390931197,87.27084797242701,1.808464020150889,10,NaN,23,NaN,1.873970301629221,0.1875036851747907,NaN,NaN,1.701965100574806,0,NaN,0,0,0,0,2
96.60000000000001,75,100,90,0,73.37740071540759,56.55561429987213,0.0001,100,1.1,-0,0.001200835926309374,14.01010272466944,13.20261355110027,86359.38551714484,95222.82051779269,6.513704905309293,298.034684442126,89.21585705158647,1.810833693954478,10,NaN,23,NaN,1.883408153768574,0.1874275096866658,NaN,NaN,1.704248883978659,0,NaN,0,0,0,0,2
96.80000000000001,75,100,90,0,68.42302756077665,59.28954264968976,0.0001,100,1.1,-0,0.001202980654352592,13.97929506858766,13.24685890477587,86405.19442550448,95279.33726234468,6.515974129763686,298.038941892621,90.96191631535471,1.81321646318562,10,NaN,23,NaN,1.892714486334188,0.1873522984604937,NaN,NaN,1.706545433058475,0,NaN,0,0,0,0,2
97,75,100,90,0,62.55894286328334,62.02343953266248,0.0001,100,1.1,-0,0.001189120535665821,13.96419432908947,13.29112722081595,86449.82567409606,95334.64364265819,6.512838407943192,298.0379473325022,90.55378143258235,1.815586736477497,10,NaN,23,NaN,1.899318039251535,0.1872976285598979,NaN,NaN,1.708830082535085,0,NaN,0,0,0,0,2
97.2,75,100,90,0,57.96112637183163,63.10870638623851,0.0001,100,1.1,-0,0.00117484857709008,13.95534868602213,13.33521623520035,86493.53389099018,95388.99931576806,6.505287097485297,298.036355455438,89.90016246718875,1.817938317854065,10,NaN,23,NaN,1.899373557593447,0.1872927210373833,NaN,NaN,1.711096857433473,0,NaN,0,0,0,0,2
97.40000000000001,75,100,90,0,56.38102136618907,63.98999296879848,0.0001,100,1.1,-0,0.001163311993137561,13.9566258276847,13.37882221503224,86536.92218838976,95442.98407567757,6.497021731777555,298.0376841495129,90.4460095177638,1.820267875914825,10,NaN,23,NaN,1.897154263952135,0.1873051303103971,NaN,NaN,1.713342542833685,0,NaN,0,0,0,0,2
97.60000000000001,75,100,90,0,58.09527486122313,65.82366108156859,0.0001,100,1.1,-0,0.001112146816993888,14.01311228796053,13.42145803052207,86580.64986684447,95497.13069618997,6.48997774495166,298.0339512244546,88.91158026032348,1.822527635592713,10,NaN,23,NaN,1.869918176791055,0.1875075850598511,NaN,NaN,1.715521075601278,0,NaN,0,0,0,0,2
97.80000000000001,75,100,90,0,62.62083198708329,65.93899233761729,0.0001,100,1.1,-0,0.001083807835872982,14.03644020765426,13.46370975208641,86625.2810710014,95552.12137287699,6.48533097988852,298.0261969093929,85.72236379294999,1.824728734349679,10,NaN,23,NaN,1.855557989824255,0.1876123524488274,NaN,NaN,1.717643181708003,0,NaN,0,0,0,0,2
98,75,100,90,0,69.00114066323955,64.56492149632436,0.0001,100,1.1,-0,0.001106951747241097,14.02189297716414,13.5060290742931,86671.18740967457,95608.48446811044,6.486510354381954,298.0189330959151,82.73316967998734,1.826942890569827,10,NaN,23,NaN,1.852435113706941,0.1876318144348136,NaN,NaN,1.719778001834899,0,NaN,0,0,0,0,2
98.2,75,100,90,0,74.89826091391744,63.09944731166863,0.0001,100,1.1,-0,0.001115750437030888,14.0130827548411,13.54800955920067,86718.27129748378,95666.07004392394,6.490723643262063,298.0149723484424,81.10227999604466,1.829188366177495,10,NaN,23,NaN,1.853291842067148,0.1876210231036973,NaN,NaN,1.721943147353093,0,NaN,0,0,0,0,2
98.40000000000001,75,100,90,0,79.11875801994439,62.49745913148058,0.0001,100,1.1,-0,0.001122271006838742,13.99624039455017,13.59008841183603,86766.19758396335,95724.53224668519,6.495693874974232,298.0066551602262,77.67552729711041,1.831449364537599,10,NaN,23,NaN,1.863307342213618,0.1875407117089102,NaN,NaN,1.72412339078151,0,NaN,0,0,0,0,2
98.60000000000001,75,100,90,0,81.35838819465206,60.21919786954183,0.0001,100,1.1,-0,0.001131024580794571,13.99617083810065,13.63209610018309,86814.57075447966,95783.4621651866,6.50094150788293,297.9992089060089,74.60573361931965,1.833718923231854,10,NaN,23,NaN,1.856233174167033,0.1875900498038366,NaN,NaN,1.726312020476115,0,NaN,0,0,0,0,2
98.80000000000001,75,100,90,0,81.50047754701829,57.96218758467288,0.0001,100,1.1,-0,0.001100911585895258,14.01035581641909,13.67332060208828,86862.97204950798,95842.30045368503,6.505424585308373,297.9873199846105,69.70143900303886,1.835955124255948,10,NaN,23,NaN,1.856125955732414,0.1875865899781129,NaN,NaN,1.728468611027059,0,NaN,0,0,0,0,2
99,75,100,90,0,79.85273135502149,53.88669058419038,0.0001,100,1.1,-0,0.001092895776655363,14.01096843148099,13.71415268314165,86911.04419369741,95900.76771825401,6.508888376496118,297.9767195994929,65.32602935650424,1.838156019631657,10,NaN,23,NaN,1.854789234434831,0.1875925249907633,NaN,NaN,1.730591277918677,0,NaN,0,0,0,0,2
99.2,75,100,90,0,76.82036536924005,49.84322405198623,0.0001,100,1.1,-0,0.001113964678901926,13.96667130809505,13.75572468515315,86958.50960534599,95958.70537721014,6.510499242832095,297.9681496960924,61.78659809559655,1.840364302207339,10,NaN,23,NaN,1.872151999561424,0.1874565679062973,NaN,NaN,1.732721194161811,0,NaN,0,0,0,0,2
99.40000000000001,75,100,90,0,73.14646872662077,46.09309524820344,0.0001,100,1.1,-0,0.001109762364872247,13.93375522714225,13.7974846390212,87005.23845736866,96015.9358832524,6.51008882758788,297.9649342768906,60.45781316281931,1.842588727807573,10,NaN,23,NaN,1.888100900842195,0.1873312746190408,NaN,NaN,1.734866806869293,0,NaN,0,0,0,0,2
99.60000000000001,75,100,90,0,69.63743862574506,43.85366350254924,0.0001,100,1.1,-0,0.001116789305681263,13.93026446317667,13.83951715680908,87051.26241498464,96072.47642673088,6.508430747034511,297.9628034525992,59.57672308270767,1.844814015222333,10,NaN,23,NaN,1.879124932575694,0.1873951544263431,NaN,NaN,1.737013377715874,0,NaN,0,0,0,0,2
99.80000000000001,75,100,90,0,66.7892649873741,41.82768014943375,0.0001,100,1.1,-0,0.001142111031213821,13.91159669889512,13.88184934230169,87096.71285822964,96128.51191401169,6.504058528554486,297.963688668183,59.94296396646726,1.847058975377979,10,NaN,23,NaN,1.870850570879234,0.1874536582171762,NaN,NaN,1.739179053988848,0,NaN,0,0,0,0,2
100,75,100,90,0,65.69488858442337,40.75419018048959,0.0001,100,1.1,-0,0.001145031230138635,13.8990840942609,13.92414717098725,87141.93938119103,96184.34472224192,6.498782354012675,297.9671808884976,61.38863380984841,1.84932014566845,10,NaN,23,NaN,1.869588795928474,0.1874589136647619,NaN,NaN,1.74136049847501,0,NaN,0,0,0,0,2
100.2,75,100,90,0,66.70526173271425,40.59069212900081,0.0001,100,1,-4000,0.001186675116783653,13.00435234893144,13.96765742321905,86483.69326157954,95440.51512191177,6.522794243435206,297.9719409505617,63.35211066776922,1.842113589007263,10,NaN,23,NaN,1.868377914823151,0.1874818656880129,NaN,NaN,1.734408491907683,0,NaN,0,0,0,0,2
100.4,75,100,90,0,58.01192160279234,40.97600520742287,0.0001,100,1,-4000,0.001157795125622768,13.00611622598814,14.01102183760307,85823.80520523,94694.82516632281,6.542318668455383,297.973750940258,64.09307079870067,1.830021353541584,10,NaN,23,NaN,1.852026462294221,0.1876290309993868,NaN,NaN,1.722746368097633,0,NaN,0,0,0,0,2
100.6,75,100,90,0,41.61725215272492,40.51253683321389,0.0001,100,1,-4000,0.001175543295921559,12.92507099323611,14.05533224848948,85160.73511694861,93945.92552885656,6.548151355292185,297.9811307852006,67.09135062849253,1.817548222361144,10,NaN,23,NaN,1.860986176702388,0.1875848834663808,NaN,NaN,1.710720820393026,0,NaN,0,0,0,0,2
100.8,75,100,90,0,22.92005698309084,42.06066867537882,0.0001,100,1,-4000,0.001190573769620191,12.84352417584534,14.1010577823837,84494.02253486413,93193.35393835032,6.535327119344458,297.9912790554808,71.18261686624079,1.805042809476388,10,NaN,23,NaN,1.86989729777892,0.1875411375420937,NaN,NaN,1.698668147436187,0,NaN,0,0,0,0,2
101,75,100,90,0,9.369937337093777,44.79887752999485,0.0001,100,1,-4000,0.0012577408181109,12.72597862308787,14.14818363814694,83824.69731452106,92438.29208781999,6.508160610599533,298.0073719139137,77.61974152506041,1.79258920147325,10,NaN,23,NaN,1.887079448182193,0.1874344550627792,NaN,NaN,1.686669380315341,0,NaN,0,0,0,0,2
101.2,75,100,90,0,6.673761690931256,49.94776624277304,0.0001,100,1,-4000,0.001256002993202681,12.69994600049231,14.19509798604289,83154.9308938933,91682.6903583297,6.480627863566922,298.020732827771,82.92197479835646,1.780151387060835,10,NaN,23,NaN,1.877074813495073,0.1875341753328501,NaN,NaN,1.674689788729631,0,NaN,0,0,0,0,2
101.4,75,100,90,0,14.94599084644561,54.71303185705733,0.0001,100,1,-4000,0.001301295612954881,12.65755767237736,14.24238426640831,82486.91798428592,90928.88923007814,6.462749767722699,298.0344825152442,88.33492508787199,1.767740503003164,10,NaN,23,NaN,1.867639244056571,0.187629527679536,NaN,NaN,1.662740076883875,0,NaN,0,0,0,0,2
101.6,75,100,90,0,30.3366191212306,60.13394822281097,0.0001,100,1,-4000,0.001325279405893487,12.66261326850665,14.28943543543254,81822.0832684237,90178.23618757853,6.461335129986514,298.039943398828,90.4675225261672,1.75534953353946,10,NaN,23,NaN,1.840898204742939,0.1878562281484218,NaN,NaN,1.650813465538795,0,NaN,0,0,0,0,2
101.8,75,100,90,0,46.26999723169816,63.20792472482933,0.0001,100,1,-4000,0.001338623122009785,12.65512949729744,14.33622595331727,81160.53650833626,89430.8438898218,6.475866930852692,298.0453840130479,92.57520362614459,1.742963702858152,10,NaN,23,NaN,1.829072074860218,0.1879696802775641,NaN,NaN,1.638895718839762,0,NaN,0,0,0,0,2
102,75,100,90,0,56.39103374302461,66.54185745984049,0.0001,100,1,-4000,0.001377635688600831,12.63459868611452,14.38327909138398,80501.11481813095,88685.59102515095,6.497518094161408,298.0523670621995,95.25861315866936,1.730593865313234,10,NaN,23,NaN,1.811360949243376,0.1881277634833047,NaN,NaN,1.626997269045865,0,NaN,0,0,0,0,2
102.2,75,100,90,0,57.87928202558063,70.61210529980298,0.0001,100,1,-0,0.001377354599781344,12.62065719062361,14.43064512065935,80545.3422154423,88740.65427636183,6.491209603156721,298.056466363383,96.82812725055651,1.728118080447873,10,NaN,23,NaN,1.8178166524198,0.1880835113941668,NaN,NaN,1.624616299902479,0,NaN,0,0,0,0,2
102.4,75,100,90,0,62.0054163359753,73.93775617196934,0.0001,100,1,-0,0.001351203772746553,12.64664772114718,14.47716571424106,80590.39062110633,88796.45473231935,6.489178020024796,298.0530843677624,95.53243867757062,1.730246700890905,10,NaN,23,NaN,1.811271857212743,0.1881291041522676,NaN,NaN,1.626663390635594,0,NaN,0,0,0,0,2
102.6,75,100,90,0,66.84068474751464,74.85771155082998,0.0001,100,1,-0,0.001376136495565004,12.61301477512781,14.52398573819674,80636.40271880187,88853.30163578966,6.489187369487977,298.0524536701467,95.29065699829287,1.732656593458326,10,NaN,23,NaN,1.828367678101686,0.1879947449942891,NaN,NaN,1.628981119821835,0,NaN,0,0,0,0,2
102.8,75,100,90,0,71.6792052200623,76.6561496316609,0.0001,100,1,-0,0.001351295168185402,12.63409412780648,14.5706351769012,80683.37907643619,88911.06064457228,6.495083356849895,298.0490408815227,93.98152110987768,1.73506551283741,10,NaN,23,NaN,1.823436626603371,0.1880275632522601,NaN,NaN,1.631298061128065,0,NaN,0,0,0,0,2
103,75,100,90,0,74.14655355983952,77.45048041899307,0.0001,100,1,-0,0.001319238629678462,12.67345405861177,14.61641408478583,80730.84812014029,88969.20624877523,6.501480346483482,298.03464104152,88.45426120505343,1.737426050373194,10,NaN,23,NaN,1.803500243207555,0.1881743242794995,NaN,NaN,1.633568611563431,0,NaN,0,0,0,0,2
103.2,75,100,90,0,74.07230000000675,74.34716458986782,0.0001,100,1,-0,0.00132219011635497,12.64599045031876,14.66254708704786,80778.30340255449,89027.4025617414,6.504929913025284,298.0216900077006,83.4799060271308,1.739785341484111,10,NaN,23,NaN,1.807548013059516,0.1881390970032623,NaN,NaN,1.635838105175306,0,NaN,0,0,0,0,2
103.4,75,100,90,0,72.62949057846333,71.28609577918465,0.0001,100,1,-0,0.00129318375812592,12.66662711144951,14.70778787421181,80825.47125651408,89085.20401581259,6.507598561109056,298.0070876163285,77.86766931648448,1.742117015947489,10,NaN,23,NaN,1.801499525545081,0.1881805186081237,NaN,NaN,1.638081172839543,0,NaN,0,0,0,0,2
103.6,75,100,90,0,70.11235158205999,67.15877879823591,0.0001,100,1,-0,0.001273482460256881,12.6814409750442,14.75284744169745,80872.13703261831,89142.44624466282,6.508175179558086,297.9933211604292,72.57332576092497,1.744403026152164,10,NaN,23,NaN,1.789671828213351,0.1882658524039891,NaN,NaN,1.640280446266408,0,NaN,0,0,0,0,2
103.8,75,100,90,0,67.36892812418074,62.78465506056318,0.0001,100,1,-0,0.001271096152946852,12.66568125545586,14.79804810310925,80918.25483980728,89199.13837271946,6.50711009809669,297.9821459750487,68.27281375250175,1.746666029929265,10,NaN,23,NaN,1.794502765010937,0.1882248774242901,NaN,NaN,1.642457717575413,0,NaN,0,0,0,0,2
104,75,100,90,0,65.05022753173509,58.78200803964117,0.0001,100,1,-0,0.001262333396703594,12.67758172542458,14.8427990439308,80963.90876718545,89255.32605497628,6.507163429513038,297.9729291100315,64.72372991290595,1.748908907099765,10,NaN,23,NaN,1.781115537993593,0.1883221017572893,NaN,NaN,1.644615753759542,0,NaN,0,0,0,0,2
104.2,75,100,90,0,62.70127253879787,55.01647756338383,0.0001,100,1,-0,0.001257122357846927,12.66366741774521,14.88707478338064,81009.09174784708,89311.03169533175,6.50678741447186,297.9670349554985,62.45268427011411,1.751143395754987,10,NaN,23,NaN,1.784654260837802,0.1882909863101735,NaN,NaN,1.646765846452779,0,NaN,0,0,0,0,2
104.4,75,100,90,0,60.50771073992141,52.03696236332971,0.0001,100,1,-0,0.001207343941078786,12.67799724097354,14.93054624705081,81053.83462872769,89366.16098415924,6.50676952648644,297.9593731939987,59.49878752712574,1.753330541282105,10,NaN,23,NaN,1.79124165438343,0.1882368418210034,NaN,NaN,1.64887050761545,0,NaN,0,0,0,0,2
104.6,75,100,90,0,58.31875556980562,48.20167163608002,0.0001,100,1,-0,0.001208635117094252,12.66709307828127,14.97398223156996,81098.13771588076,89420.86501312543,6.504676749487545,297.9567181863631,58.47456000987965,1.755498325473154,10,NaN,23,NaN,1.787167998183931,0.1882635794482715,NaN,NaN,1.65095665815405,0,NaN,0,0,0,0,2
104.8,75,100,90,0,56.97486284179073,45.81965198799506,0.0001,100,1,-0,0.001208882589110485,12.64700315841265,15.01769074792412,81142.16850610399,89475.3190287677,6.501789434252169,297.9569644578423,58.56961444630046,1.75766451045424,10,NaN,23,NaN,1.795533368775329,0.1881959916410936,NaN,NaN,1.653041389579695,0,NaN,0,0,0,0,2
105,75,100,90,0,56.78186264849872,44.30146019421198,0.0001,100,1,-0,0.001184575124873182,12.65115802629792,15.06077844871506,81186.15714961367,89529.65453420408,6.498807212022378,297.9543962787336,57.57769587809558,1.759800623462264,10,NaN,23,NaN,1.804584727183046,0.188123250890465,NaN,NaN,1.655097297164162,0,NaN,0,0,0,0,2
105.2,75,100,90,0,57.77952011970817,41.79975853469654,0.0001,100,1,-0,0.001155764785114816,12.68064714791876,15.103269598798,81230.34253155427,89584.09125866745,6.496449526988179,297.9509083295902,56.22973259920826,1.761884670682438,10,NaN,23,NaN,1.793679436019884,0.1882019665028229,NaN,NaN,1.65710320621327,0,NaN,0,0,0,0,2
105.4,75,100,90,0,59.71789942021323,38.90553787605239,0.0001,100,1,-0,0.001170666109085384,12.66677686138115,15.14596602558151,81274.91229380587,89638.9767451446,6.494044052141803,297.9507055893333,56.1513302474035,1.763965677838378,10,NaN,23,NaN,1.789227170221448,0.1882317403644239,NaN,NaN,1.659106299880472,0,NaN,0,0,0,0,2
105.6,75,100,90,0,62.62062392887888,37.0208144656321,0.0001,100,1,-0,0.001131018986223963,12.72089180405908,15.18786253393588,81320.05933789037,89694.33226798262,6.49545234017716,297.9468342679847,54.65340729593137,1.766015720222046,10,NaN,23,NaN,1.756552462125468,0.1884754847434075,NaN,NaN,1.661079696275992,0,NaN,0,0,0,0,2
105.8,75,100,90,0,64.94737115375032,11.10624433968963,48.76467220906346,100,1,-0,0.001114192225483631,12.75163985341741,15.2289680140844,81365.64333028384,89750.04112816676,6.49935183667142,298.0725220392416,103.3147242756022,1.768014214365091,10,NaN,23,NaN,1.741652377195524,0.1885845386073669,NaN,NaN,1.66300357504425,0,NaN,0,0,0,0,2
106,75,100,90,0,65.71835265839429,52.50384538285301,4.876467220906346,100,1,-0,0.001100357558682496,12.77912171653716,15.26983096297402,81411.3542647413,89805.82498071455,6.504976561094413,298.0629560222064,99.60887258552808,1.769970721955989,10,NaN,23,NaN,1.719982665332971,0.1887448992822623,NaN,NaN,1.664887133713261,0,NaN,0,0,0,0,2
106.2,75,100,90,0,64.24175751330338,50.98048769286633,0.4876467220906346,100,1,-0,0.001098329549217989,12.77307958589419,15.31072946316919,81456.77083813012,89861.28096808401,6.50874952359668,298.0469909078163,93.42023906688914,1.771895187126895,10,NaN,23,NaN,1.724212404974297,0.1887091732956678,NaN,NaN,1.666739940092439,0,NaN,0,0,0,0,2
106.4,75,100,90,0,61.26757187577765,47.90511918878705,0.04876467220906347,100,1,-0,0.001097577851077754,12.75187418873735,15.35177356556168,81501.59414152072,89916.14875159628,6.510618961267922,298.0344015684014,88.53724559789397,1.773804829621876,10,NaN,23,NaN,1.73511025586752,0.1886229741907122,NaN,NaN,1.66857856927667,0,NaN,0,0,0,0,2
106.6,75,100,90,0,57.54592909305436,45.44369449166962,0.004876467220906348,100,1,-0,0.001129228862043774,12.69513881439508,15.39361808665352,81545.67358666015,89970.37646978219,6.509444636036426,298.0243562058691,84.63866337943766,1.77573748007101,10,NaN,23,NaN,1.758386823462723,0.1884429333128385,NaN,NaN,1.6704394457097,0,NaN,0,0,0,0,2
106.8,75,100,90,0,54.29790866579108,43.36252327868704,0.0004876467220906348,100,1,-0,0.001146726713031058,12.66389144358494,15.43580949248501,81589.10238312233,90024.01338526614,6.507450731627795,298.0196441348137,82.80884522810055,1.777698946630953,10,NaN,23,NaN,1.766424792021946,0.1883782623239808,NaN,NaN,1.672328165697616,0,NaN,0,0,0,0,2
107,75,100,90,0,51.84039818039253,42.72555670367863,0.0001,100,1,-0,0.001130666146043983,12.66092080963646,15.4774273660053,81632.03815931734,90077.10002881316,6.50397873078689,298.0122211732567,79.92464062324417,1.779649958354264,10,NaN,23,NaN,1.773365542938738,0.1883219203225807,NaN,NaN,1.674206916146654,0,NaN,0,0,0,0,2
107.2,75,100,90,0,50.7739135342872,40.93663055493023,0.0001,100,1,-0,0.001111276688064159,12.66108476700075,15.51860336956303,81674.75937735596,90129.93871306577,6.499805861814022,298.0064082701105,77.66472359137357,1.781582657923413,10,NaN,23,NaN,1.771929759716973,0.1883290960612171,NaN,NaN,1.676068128615753,0,NaN,0,0,0,0,2
107.4,75,100,90,0,51.37414541621843,39.44514517827825,0.0001,100,1,-0,0.001089523186940412,12.68877535889121,15.55931438367979,81717.599449826,90182.82948872415,6.49559033135433,297.9987447739531,74.68364352283761,1.783485864390427,10,NaN,23,NaN,1.752760211528151,0.1884706957921477,NaN,NaN,1.677901032191465,0,NaN,0,0,0,0,2
107.6,75,100,90,0,53.65848663368115,37.08514590674651,0.0001,100,1,-0,0.001089452538557972,12.69403408305284,15.59948643138511,81760.89524125626,90236.17683401234,6.494831784788704,297.9925468051904,72.27125588555056,1.7853779912936,10,NaN,23,NaN,1.743554865891811,0.1885367942616676,NaN,NaN,1.679723357267344,0,NaN,0,0,0,0,2
107.8,75,100,90,0,56.23477105346386,34.95725192801627,0.0001,100,1,-0,0.001103076885045872,12.6816502030277,15.63978601950089,81804.70438043868,90290.08132089039,6.496260428537639,297.9884761378059,70.68594024499829,1.787282326974111,10,NaN,23,NaN,1.742608850709754,0.1885403037335092,NaN,NaN,1.681557533151123,0,NaN,0,0,0,0,2
108,75,100,90,0,58.2434863379019,33.31986164074477,0.0001,100,1,-0,0.001036148377232977,12.74524188027662,15.67836246999803,81848.91432671659,90344.17313297805,6.500797512431653,297.9772052857098,66.29396376126441,1.789126915214763,10,891.0066636720327,23,1590.441641470227,1.724873177283279,0.1886710660480182,15.51860336956303,23.56860933687403,1.683334251224756,0,46.30392747404289,0,0,0,0,2
108.2,75,100,90,0,58.4341713900649,29.02980284067082,0.0001,100,1,-0,0.001036181395747891,12.72896466835574,15.71688865993942,81893.16250749594,90398.31273014066,6.504227402789396,297.9679840255036,62.69856076694918,1.790936802147607,10,NaN,23,NaN,1.733288301295103,0.1886038724196097,NaN,NaN,1.685077629361642,0,NaN,0,0,0,0,2
108.4,75,100,90,0,57.26647890239403,25.07819767437821,0.0001,100,1,-0,0.001024526448945284,12.70971537894038,15.75533017941845,81937.17626223531,90452.2095716638,6.50753705469905,297.9615865164249,60.20268539969732,1.792737774762308,10,NaN,23,NaN,1.748496082826259,0.1884852413551391,NaN,NaN,1.686812503908064,0,NaN,0,0,0,0,2
108.6,75,100,90,0,54.7717770136552,21.73961745014478,0.0001,100,1,-0,0.001048011156232624,12.66809874912495,15.79440796232626,81980.68876279068,90505.69458074916,6.507670639865726,297.9597491332968,59.48544719503281,1.794558453675724,10,NaN,23,NaN,1.761213952029341,0.1883854074354636,NaN,NaN,1.688566445821896,0,NaN,0,0,0,0,2
108.8,75,100,90,0,52.23367379412907,19.71319595500061,0.0001,100,1,-0,0.001034094340149416,12.68195484127354,15.83275406057822,82023.69036810336,90558.58534586584,6.506906860015368,297.9582446180453,58.89780371709434,1.796364397600169,10,NaN,23,NaN,1.756651255621801,0.1884165082234224,NaN,NaN,1.690306276611982,0,NaN,0,0,0,0,2
109,75,100,90,0,49.99386245842436,17.69851106530607,0.0001,100,1,-0,0.001001220377851345,12.70548650917551,15.87069357043881,82066.24090417095,90610.93508278477,6.504887452586887,297.9558616420878,57.96651992997122,1.798124437003225,10,NaN,23,NaN,1.742991941820359,0.188516588792438,NaN,NaN,1.692001963648265,0,NaN,0,0,0,0,2
109.2,75,100,90,0,48.56306098451377,15.32184140106734,0.0001,100,1,-0,0.001003412894871045,12.69910614641732,15.90897517990615,82108.50210498387,90663.01921249008,6.502437724208648,297.9549141793252,57.59603547605153,1.7998672493764,10,NaN,23,NaN,1.734001674313522,0.18858132068207,NaN,NaN,1.693681131605514,0,NaN,0,0,0,0,2
109.4,75,100,90,0,48.10954430636398,13.3576506459215,0.0001,100,1,-0,0.0009864946936262834,12.72214309322198,15.94679361036039,82150.66927424526,90714.93761891521,6.500552745993199,297.9533746204577,56.99369013651773,1.80158049784812,10,NaN,23,NaN,1.721157471581552,0.1886752695607707,NaN,NaN,1.69533189101637,0,NaN,0,0,0,0,2
109.6,75,100,90,0,48.40678950682083,11.14289053207469,0.0001,100,1,-0,0.000980943149185,12.70829727281803,15.98473136060401,82192.89238104728,90766.93043282881,6.499950075732992,297.9532927943285,56.96165228163795,1.803280606680771,10,NaN,23,NaN,1.725030097358746,0.1886426877500314,NaN,NaN,1.696970064272943,0,NaN,0,0,0,0,2
109.8,75,100,90,0,48.94270404178825,9.377755476175032,0.0001,100,1,-0,0.0009706462095560163,12.71098763333921,16.02252086441615,82235.21874966484,90819.0050346373,6.500194288920202,297.9538338622206,57.17356942736163,1.804969006767951,10,NaN,23,NaN,1.723362719273037,0.1886520661018843,NaN,NaN,1.698597028524098,0,NaN,0,0,0,0,2
110,75,100,90,0,49.38225890962073,7.813517382209888,0.0001,100,1,-0,0.000969404928307373,12.70007920924536,16.06081237285736,82277.62871834102,90871.19674299659,6.501940526038302,297.9553667550607,57.77430315734141,1.806649444386964,10,NaN,23,NaN,1.724563324551601,0.1886397493832866,NaN,NaN,1.700216392460472,0,NaN,0,0,0,0,2
110.2,75,100,90,0,49.1211023187516,6.607077236141215,0.0001,100,1,-0,0.0009579149796977754,12.70220960736671,16.09859077513135,82319.98217289076,90923.28116482853,6.503900310342648,297.9561867952852,58.09584719811807,1.808312783150187,10,NaN,23,NaN,1.727639853414003,0.188613264865478,NaN,NaN,1.701819350137777,0,NaN,0,0,0,0,2
110.4,75,100,90,0,48.08013804795196,5.204747732063147,0.0001,100,1,-0,0.0009747974353340187,12.66654120984601,16.13674748169642,82362.12279036205,90975.22092732765,6.506114271599149,297.9594679029202,59.3831343169333,1.809986941069758,10,NaN,23,NaN,1.740408799674895,0.1885133761924206,NaN,NaN,1.703432805714069,0,NaN,0,0,0,0,2
110.6,75,100,90,0,46.15343892514507,4.687584387635987,0.0001,100,1,-0,0.0009876891334244004,12.6301876626307,16.17550932813866,82403.87250649399,91026.83346942562,6.505908846091502,297.9648851223664,61.50966827239554,1.811683044371945,10,NaN,23,NaN,1.755250298245396,0.1883977282090309,NaN,NaN,1.705067484110962,0,NaN,0,0,0,0,2
110.8,75,100,90,0,44.31765896022998,5.011963148818928,0.0001,100,1,-0,0.0010002406835268,12.59175675307534,16.21496489639735,82445.24882408856,91078.12632696403,6.502785219056983,297.9717124917733,64.19123302033216,1.813394079624413,10,NaN,23,NaN,1.775195372835491,0.1882433576410316,NaN,NaN,1.706716628292299,0,NaN,0,0,0,0,2
111,75,100,90,0,43.7331594724857,6.009968537108087,0.0001,100,1,-0,0.001003705206828244,12.57089518691747,16.2545421400196,82486.50176772082,91129.31576888732,6.499563609763591,297.9783668203854,66.80626231589267,1.815111701224403,10,NaN,23,NaN,1.787333285001848,0.1881480911855206,NaN,NaN,1.708372195946141,0,NaN,0,0,0,0,2
111.2,75,100,90,0,44.42828683902118,7.193725079214751,0.0001,100,1,-0,0.0009847576963985688,12.58570189681476,16.29360442580998,82527.88784277346,91180.57212623514,6.498809252437523,297.9822903609009,68.34898003901176,1.816806574140664,10,NaN,23,NaN,1.785060777526058,0.1881620643137744,NaN,NaN,1.710005910797507,0,NaN,0,0,0,0,2
111.4,75,100,90,0,45.41675100630265,7.68619485695266,0.0001,100,1,-0,0.0009601680754871502,12.60346128783956,16.33252960800544,82569.46679861897,91231.94859369624,6.500234821482842,297.9834686324006,68.81251902825329,1.818454908181429,10,NaN,23,NaN,1.782593489875606,0.188177601208343,NaN,NaN,1.711594836620631,0,NaN,0,0,0,0,2
111.6,75,100,90,0,45.83573260325395,7.39916050423728,0.0001,100,1,-0,0.0009849591158480283,12.56426100332211,16.37191057736829,82611.12488037192,91283.50193144035,6.501697577353768,297.9867861353233,70.11838066063866,1.820111190037704,10,NaN,23,NaN,1.795759646527177,0.1880746519179272,NaN,NaN,1.713191493866653,0,NaN,0,0,0,0,2
111.8,75,100,90,0,45.67646564343533,7.914935691342016,0.0001,100,1,-0,0.001005872218069368,12.52182052442281,16.41168257428872,82652.7455964003,91335.09836689214,6.502071190659702,297.9920013511502,72.17236462623481,1.821801100788298,10,NaN,23,NaN,1.816411101717101,0.1879148674932511,NaN,NaN,1.714820641781953,0,NaN,0,0,0,0,2
112,75,100,90,0,45.37144474669795,9.193783954351723,0.0001,100,1,-0,0.001003516079440337,12.50218861896388,16.45167953735247,82694.29951396563,91386.64163994526,6.499989342150745,297.9967074751835,74.02686073009846,1.823502212947517,10,NaN,23,NaN,1.828908194129361,0.1878168496646749,NaN,NaN,1.71646066219007,0,NaN,0,0,0,0,2
112.2,75,100,90,0,45.9037319120882,10.47833329527348,0.0001,100,1,-0,0.001043786646638462,12.44798845144503,16.49243719337193,82735.95380427284,91438.41819854789,6.497300010413201,298.0034103323831,76.66965057071614,1.825240153301284,10,NaN,23,NaN,1.850202166480829,0.1876520095383198,NaN,NaN,1.71813626470509,0,NaN,0,0,0,0,2
112.4,75,100,90,0,47.50588683967826,12.63205341823875,0.0001,100,1,-0,0.001037661053957497,12.43520935069605,16.53307323165797,82777.9223802136,91490.50671883603,6.496554863709843,298.0080719294709,78.50863156968094,1.826992468210047,10,NaN,23,NaN,1.86424367342176,0.1875421208833938,NaN,NaN,1.719825804480824,0,NaN,0,0,0,0,2
112.6,75,100,90,0,49.39777957536797,14.31792044892374,0.0001,100,1,-0,0.00106106942531185,12.4054915091593,16.57397419580789,82820.26338215561,91543.05086061815,6.497309555769526,298.0139434098041,80.82619843326194,1.828765661675329,10,NaN,23,NaN,1.875466530147965,0.187453561600031,NaN,NaN,1.721535554899745,0,NaN,0,0,0,0,2
112.8,75,100,90,0,50.98909740815108,16.61131654088278,0.0001,100,1,-0,0.001045042981110099,12.41646897956478,16.61447797052865,82862.91716027925,91595.87223590272,6.499113583980416,298.0160287646952,81.64977578422472,1.830535054334453,10,NaN,23,NaN,1.872366342096062,0.1874737122098108,NaN,NaN,1.723241720764761,0,NaN,0,0,0,0,2
113,75,100,90,0,51.86016161804379,17.80960574347117,0.0001,100,1,-0,0.001017455164554737,12.44984837471864,16.65456185353488,82905.74118604184,91648.77888183597,6.502517592230245,298.0143538479609,80.98790728145813,1.832262663252573,10,NaN,23,NaN,1.855763671366244,0.1875963946874842,NaN,NaN,1.724907673337582,0,NaN,0,0,0,0,2
113.2,75,100,90,0,51.3677324691614,17.81719798450096,0.0001,100,1,-0,0.001031168405838993,12.42789648510009,16.69516635964914,82948.46328031339,91701.65078715414,6.506552586244055,298.0138147581294,80.77475649596721,1.833987010579291,10,NaN,23,NaN,1.854104718285316,0.1876056852778699,NaN,NaN,1.726570556950525,0,NaN,0,0,0,0,2
113.4,75,100,90,0,49.26435601757348,18.18204316668199,0.0001,100,1,-0,0.001024002745411845,12.43911049804468,16.73587517996876,82990.76099208021,91754.08033089615,6.507564453477896,298.0135688657536,80.67747395726876,1.835706113623133,10,NaN,23,NaN,1.836516403533903,0.1877358081773481,NaN,NaN,1.728228459026165,0,NaN,0,0,0,0,2
113.6,75,100,90,0,46.76816768273208,18.61930690061909,0.0001,100,1,-0,0.001016533431531991,12.43170955554498,16.77625239572113,83032.55581561383,91805.95221063175,6.505854893287705,298.0128956890297,80.41100898224835,1.837401905504613,10,NaN,23,NaN,1.844025194694689,0.1876756169281703,NaN,NaN,1.729863954000761,0,NaN,0,0,0,0,2
113.8,75,100,90,0,44.95505570022205,18.89773758944455,0.0001,100,1,-0,0.0009978211015530985,12.44282652989026,16.81602351717684,83073.98469980228,91857.38457096956,6.502951000065837,298.0112412765073,79.75578943747617,1.839065665581971,10,NaN,23,NaN,1.840981208889542,0.1876955227729009,NaN,NaN,1.731468627715232,0,NaN,0,0,0,0,2
114,75,100,90,0,44.29870985104652,18.81560243326417,0.0001,100,1,-0,0.000994596701900455,12.43270909003636,16.85548220528568,83115.27963707084,91908.65961956941,6.500575498484076,298.0074802231779,78.26544432146721,1.840709020790748,10,NaN,23,NaN,1.84960351384684,0.1876269832016574,NaN,NaN,1.733053690833221,0,NaN,0,0,0,0,2
114.2,75,100,90,0,44.5870096442944,17.95199499757769,0.0001,100,1,-0,0.000993279043752059,12.43147417068274,16.89483942501145,83156.6301180306,91959.98171673088,6.49976044068728,298.003173963576,76.55813336961502,1.842340846757327,10,NaN,23,NaN,1.849199194324031,0.1876269308583039,NaN,NaN,1.734627702134286,0,NaN,0,0,0,0,2
114.4,75,100,90,0,45.19790515389435,16.77505170406844,0.0001,100,1,-0,0.0009838330882078427,12.44797021561912,16.93416625502238,83198.10084688848,92011.38908381575,6.498658662353849,297.9985506301095,74.72412647845388,1.843950729207217,10,NaN,23,NaN,1.836856993986866,0.1877174578820891,NaN,NaN,1.736180614225199,0,NaN,0,0,0,0,2
114.6,75,100,90,0,46.25544586033869,15.33132223922306,0.0001,100,1,-0,0.0009772162366418556,12.4490151748928,16.97313608763285,83239.78120435146,92062.99758823484,6.500372739813074,297.9938071373325,72.84142838706599,1.84554423874431,10,NaN,23,NaN,1.835888291569915,0.1877217560598925,NaN,NaN,1.737717798208379,0,NaN,0,0,0,0,2
114.8,75,100,90,0,46.61720207037605,13.67514086126958,0.0001,100,1,-0,0.001013152588193883,12.39007160352286,17.01294447786465,83281.53097910788,92114.82926119426,6.501153762053001,297.9943884206835,73.07226390892188,1.847178431810275,10,NaN,23,NaN,1.854473520381565,0.1875776775335733,NaN,NaN,1.739294295270597,0,NaN,0,0,0,0,2
115,75,100,90,0,46.67862054409834,13.67902746317453,0.0001,100,1,-0,0.001006833160460675,12.40389896832665,17.05271297505578,83323.28905926322,92166.65773655141,6.501467915187296,297.9946435445813,73.17362649249601,1.848826423556927,10,NaN,23,NaN,1.839741451355511,0.1876862605085035,NaN,NaN,1.740884173154677,0,NaN,0,0,0,0,2
115.2,75,100,90,0,46.61292331806702,13.55225135840653,0.0001,100,1,-0,0.0009819192725269727,12.41325717849664,17.09172863470956,83365.03065124262,92218.38673307447,6.502794728461007,297.9921353419085,72.17648007622257,1.850444871620225,10,NaN,23,NaN,1.843940819899149,0.1876513201494133,NaN,NaN,1.742445616913096,0,NaN,0,0,0,0,2
115.4,75,100,90,0,46.01168527615627,12.4841409288568,0.0001,100,1,-0,0.0009823153385367831,12.40567542763325,17.13055730854976,83406.64902265556,92269.99724773421,6.50170256891065,297.9906170894538,71.57256297049805,1.852050132711234,10,NaN,23,NaN,1.844040638655169,0.187647494078716,NaN,NaN,1.743994404484148,0,NaN,0,0,0,0,2
115.6,75,100,90,0,45.85848579769731,11.68423067361017,0.0001,100,1,-0,0.0009731784695385383,12.39234001078033,17.16903317533913,83448.23368249672,92321.56844308008,6.500494865405026,297.9887145222418,70.81536791154797,1.853652501212492,10,NaN,23,NaN,1.854432105410092,0.1875656192154777,NaN,NaN,1.745540467100795,0,NaN,0,0,0,0,2
115.8,75,100,90,0,46.18100599262436,10.68737273338994,0.0001,100,1,-0,0.0009510626392681616,12.41188801443231,17.20703965320565,83489.88026268028,92373.12170510145,6.501066365687494,297.9847248204173,69.22666795459668,1.855220486633287,10,NaN,23,NaN,1.852929171781102,0.1875740220552655,NaN,NaN,1.747053418544176,0,NaN,0,0,0,0,2
116,75,100,90,0,46.26872054548214,8.90198944210281,0.0001,100,1,-0,0.0009121388375799766,12.4370980049224,17.24446631562017,83531.54263068603,92424.59247758117,6.501417513159273,297.978750018973,66.84621568935901,1.856736033620434,10,NaN,23,NaN,1.846794821997904,0.1876176489877651,NaN,NaN,1.748515831966541,0,NaN,0,0,0,0,2
116.2,75,100,90,0,46.22239231896928,6.297786473144789,0.0001,100,1,-0,0.0009064725442983423,12.43384354492458,17.28183338423143,83573.19416047006,92476.04936718692,6.502952535311281,297.9738837512366,64.90636970017843,1.858225946092988,10,NaN,23,NaN,1.846099787975307,0.1876200715395024,NaN,NaN,1.749953566994896,0,NaN,0,0,0,0,2
116.4,75,100,90,0,45.55746699370793,3.866860826401229,0.0001,100,1,-0,0.0008987561492797077,12.42935462113238,17.31905020703395,83614.71082622281,92527.35358929461,6.504121765083426,297.9694500594152,63.13800863558151,1.859701595467149,10,NaN,23,NaN,1.849622069459258,0.1875905390436937,NaN,NaN,1.751377594524484,0,NaN,0,0,0,0,2
116.6,75,100,90,0,44.42983795757115,1.394374827407439,0.0001,100,1,-0,0.0008724553497016482,12.44962276424551,17.35585580773718,83656.00026978723,92578.34077976842,6.504675675228532,297.9637974809281,60.88229358359186,1.861136394645081,10,NaN,23,NaN,1.84572499157871,0.1876173497090698,NaN,NaN,1.752762254433646,0,NaN,0,0,0,0,2
116.8,75,100,90,0,43.08149257615311,0.0001,0.0001,100,1,-0,0.0008442949898896509,12.47535700438348,17.39207607345554,83697.01901131013,92628.96428140186,6.505687534151996,297.9562394969158,57.86460745809576,1.862519006499983,10,NaN,23,NaN,1.835147317296851,0.1876949093237591,NaN,NaN,1.754096600655366,0,NaN,0,0,0,0,2
117,75,100,90,0,41.32493253054992,0.0001,0.0001,100,1,-0,0.0008403878725544828,12.4724085044048,17.4283870821039,83737.68586183863,92679.22548313893,6.506439917021665,297.9485236217224,54.78225141277634,1.863873997260928,10,NaN,23,NaN,1.831569767597265,0.1877194397286536,NaN,NaN,1.755404337568916,0,NaN,0,0,0,0,2
117.2,75,100,90,0,39.26973585462644,0.0001,10.72064221043573,100,1,-0,0.0008599355604105411,12.42651684706177,17.46549908088154,83777.93571676081,92729.15458692193,6.503764216746015,297.9674100192038,62.33093463028919,1.86524077651035,10,NaN,23,NaN,1.850137531052063,0.187576042193043,NaN,NaN,1.756723499559209,0,NaN,0,0,0,0,2
117.4,75,100,90,0,38.29523307830742,4.643412009612401,1.072064221043573,100,1,-0,0.0008714734728668206,12.40743155886275,17.50312482374442,83817.9838056898,92778.95244323768,6.499703918379292,297.9642294080447,61.05901249370962,1.866630699247319,10,NaN,23,NaN,1.84890203163109,0.1875827546057953,NaN,NaN,1.758065047872437,0,NaN,0,0,0,0,2
117.6,75,100,90,0,38.93842126435141,2.182328898751219,0.1072064221043573,100,1,-0,0.0008385828125485418,12.43244296680199,17.54004433622625,83858.15910110348,92828.77610662546,6.496638253484833,297.956590716222,58.00272062285729,1.86799396705577,10,NaN,23,NaN,1.845265321534322,0.1876077252054671,NaN,NaN,1.759380917077625,0,NaN,0,0,0,0,2
117.8,75,100,90,0,40.80018229649851,0.0001,0.01072064221043573,100,1,-0,0.0008251973987762921,12.46966698708631,17.57665813228784,83898.70644701457,92878.92203622659,6.495733965132515,297.9478644932923,54.50949440964665,1.869320854277528,10,NaN,23,NaN,1.816684850564349,0.187821839268301,NaN,NaN,1.760661716366237,0,NaN,0,0,0,0,2
118,75,100,90,0,43.01975218162593,0.0001,11.13539526477066,100,1,-0,0.0008205614783869837,12.47620830121628,17.61335600207132,83939.69257588558,92929.50330298841,6.496976589379736,297.9634258843266,60.74219208906097,1.870628068737511,10,NaN,23,NaN,1.809083185702619,0.1878769400830439,NaN,NaN,1.761923570364519,0,NaN,0,0,0,0,2
118.2,75,100,90,0,44.74214689947314,3.479145077280319,1.113539526477066,100,1,-0,0.0008291145281388617,12.4771952623043,17.65026956152986,83981.01800222632,92980.46393403738,6.498344777541621,297.9550638658511,57.39122492009287,1.871934861555891,10,NaN,23,NaN,1.798306850162221,0.1879560820898113,NaN,NaN,1.763185061163629,0,NaN,0,0,0,0,2
118.4,75,100,90,0,45.92372462324496,0.0001,0.1113539526477066,100,1,-0,0.000814890710055789,12.47412428739214,17.68647531704294,84022.57995027922,93031.61928265399,6.501173486816479,297.944109537067,52.99908018236083,1.873232494016662,10,NaN,23,NaN,1.809295433297077,0.1878703455081046,NaN,NaN,1.764437752510301,0,NaN,0,0,0,0,2
118.6,75,100,90,0,45.96942993234977,0.0001,12.37398660296119,100,1,-0,0.0008371894754002893,12.44403860624084,17.72358127825475,84064.14555134191,93082.87977718207,6.502647033248585,297.9632557748251,60.67983608097401,1.874545482314868,10,NaN,23,NaN,1.813289987400043,0.1878375644650344,NaN,NaN,1.765705311839754,0,NaN,0,0,0,0,2
118.8,75,100,90,0,45.43483527029807,4.591817132435349,1.237398660296119,100,1,-0,0.0008509595837637352,12.4230010643332,17.76132644477214,84105.59780462523,93134.10592732564,6.502940256891448,297.9572011975592,58.24966458744,1.875882587767726,10,NaN,23,NaN,1.81333776458129,0.1878346428757341,NaN,NaN,1.766996199331564,0,NaN,0,0,0,0,2
119,75,100,90,0,44.78248608875291,0.9814827484549618,0.1237398660296119,100,1,-0,0.0008428787946777083,12.42629398375052,17.79910923665907,84146.91874561395,93185.1753127846,6.502178649462189,297.9490736329521,54.98570897360479,1.877214235347931,10,NaN,23,NaN,1.810126773213446,0.1878564233891961,NaN,NaN,1.768281863194762,0,NaN,0,0,0,0,2
119.2,75,100,90,0,44.43446269190256,0.2944448245364885,12.0913812236611,100,1,-0,0.0008211529271790417,12.43315508929941,17.83631358807028,84188.16438759916,93236.10243269928,6.501806382587103,297.9664884442155,61.98303380586542,1.878517687338774,10,NaN,23,NaN,1.814445551939383,0.1878212047007884,NaN,NaN,1.769540349166297,0,NaN,0,0,0,0,2
119.4,75,100,90,0,44.23069354863816,4.453772680645831,1.20913812236611,100,1,-0,0.0008098242272335359,12.44555476267662,17.87290188911843,84229.36400611425,93286.95583278799,6.501444521506349,297.956666987049,58.03464976157706,1.879802852931819,10,NaN,23,NaN,1.803589449387085,0.1879009947459941,NaN,NaN,1.770781222258476,0,NaN,0,0,0,0,2
119.6,75,100,90,0,44.17288059644298,0.0001,0.120913812236611,100,1,-0,0.0007980183261502242,12.46456001566366,17.90914790094607,84270.55284800197,93337.75267908126,6.502007014869509,297.9445282261008,53.15209365022999,1.88106492308369,10,NaN,23,NaN,1.790752165335719,0.187995814892199,NaN,NaN,1.771999837126562,0,NaN,0,0,0,0,2
119.8,75,100,90,0,43.88707171494978,0.0001,12.28071877269511,100,1,-0,0.000812023091982355,12.46278281838271,17.94598569643136,84311.67982356019,93388.54721615164,6.5036790884934,297.961096696694,59.81991150057846,1.882324935120511,10,NaN,23,NaN,1.773379956383375,0.1881249482382971,NaN,NaN,1.773216505518049,0,NaN,0,0,0,0,2
120,75,100,90,0,42.93175189486547,3.727071540544497,1.228071877269511,100,1,-0,0.0008089603858508989,12.46265038316809,17.98284523305561,84352.61080764174,93439.13677790006,6.502655233610584,297.9506660728795,55.6199837941232,1.883577219110723,10,856.4619577321608,23,1602.34088657786,1.770421416943458,0.1881449454898317,17.83631358807028,24.2551277032429,1.774425752071604,0,55.1212972354711,0,0,0,0,2
120.2,75,100,90,0,42.39836733024394,0.0001,0.1228071877269511,100,1,-0,0.0007899554830680884,12.47706217450433,18.01922136377361,84393.43634810079,93489.54669837595,6.501457418301052,297.9371236764657,50.16425588931224,1.884797905206937,10,NaN,23,NaN,1.768852973357575,0.188154478344175,NaN,NaN,1.775604525396748,0,NaN,0,0,0,0,2
120.4,75,100,90,0,42.33605250841345,0.0001,14.03042767741763,100,1,-0,0.0007721627500695995,12.49202302466112,18.0552074234585,84434.2451439657,93539.8759350714,6.502022511410774,297.953268759295,56.6718729321255,1.885981859910659,10,NaN,23,NaN,1.764633499841874,0.1881841484569087,NaN,NaN,1.776747865051168,0,NaN,0,0,0,0,2
120.6,75,100,90,0,42.04136142971331,3.313859416703164,1.403042767741763,100,1,-0,0.0007924871125330942,12.46658338434412,18.09180767556022,84474.9904249492,93590.22761759337,6.501138470843604,297.9415861599754,51.96049543706251,1.887172443367283,10,NaN,23,NaN,1.765141901574221,0.1881780165837704,NaN,NaN,1.777897642342268,0,NaN,0,0,0,0,2
120.8,75,100,90,0,42.11068104328307,0.9941578250109491,22.53767792487519,100,1,-0,0.0008034666550305662,12.46110468887593,18.12860157233168,84515.74047433083,93640.63489255405,6.50048597060665,297.9793152690524,67.18383565222852,1.888383527779247,10,NaN,23,NaN,1.755060323537815,0.1882519977368493,NaN,NaN,1.779067255265447,0,NaN,0,0,0,0,2
121,75,100,90,0,42.43560407158515,11.90780095057645,2.253767792487519,100,1,-0,0.0008089632258722628,12.44368267186054,18.1654603334815,84556.54627972901,93691.13370855113,6.500032656605695,297.9683749384869,62.76721010814004,1.889608500923336,10,NaN,23,NaN,1.760746529918315,0.1882066127255028,NaN,NaN,1.780250319624015,0,NaN,0,0,0,0,2
121.2,75,100,90,0,42.94194029847196,7.074741176841973,0.225376779248752,100,1,-0,0.0008139631965577931,12.42924833553716,18.20242954318336,84597.4548418473,93741.76486803434,6.499845216648819,297.9541658379788,57.02798664937025,1.890841196316809,10,NaN,23,NaN,1.767444834154527,0.1881535482792411,NaN,NaN,1.78144088092237,0,NaN,0,0,0,0,2
121.4,75,100,90,0,43.52301783720004,1.068714174052991,0.0225376779248752,100,1,-0,0.0008170178922134167,12.42871545271453,18.23960521420672,84638.48136498932,93792.53549414575,6.500889134985211,297.9419645266064,52.09714852054089,1.892074448163242,10,NaN,23,NaN,1.762257972627047,0.1881904427988437,NaN,NaN,1.782632018688337,0,NaN,0,0,0,0,2
121.6,75,100,90,0,43.68333998311012,0.3206142522158972,12.78392713747079,100,1,-0,0.0008220495021215382,12.40170610284206,18.27726919954451,84679.53517880842,93843.36887565711,6.502717626273312,297.9591917361285,59.06269583922469,1.893308110961641,10,NaN,23,NaN,1.779061452639065,0.1880608773945998,NaN,NaN,1.783823592437409,0,NaN,0,0,0,0,2
121.8,75,100,90,0,43.11363256103682,4.179181120374885,1.278392713747079,100,1,-0,0.0007996314797239686,12.41780471158201,18.31412965946708,84720.47036588189,93893.99969368395,6.504004746129433,297.9466475725122,53.98799376960645,1.894516828089606,10,NaN,23,NaN,1.780020551492866,0.1880512990738523,NaN,NaN,1.784991109486905,0,NaN,0,0,0,0,2
122,75,100,90,0,42.03336352825746,1.253754336112465,22.91971808336347,100,1,-0,0.0008029718821367561,12.40726832859715,18.3512529611367,84761.18062619153,93944.42346218874,6.505094706989681,297.9840807243532,69.13928276356978,1.895709822648697,10,NaN,23,NaN,1.781641409238446,0.188036740656278,NaN,NaN,1.786143476665566,0,NaN,0,0,0,0,2
122.2,75,100,90,0,40.51602444430314,12.26155691761114,2.291971808336347,100,1,-0,0.00080008694279174,12.38989096637394,18.38809954312083,84801.5788255189,93994.51675797923,6.504557725481093,297.9703937692911,63.59653584446684,1.896891557159673,10,NaN,23,NaN,1.798988533359911,0.1879031168557553,NaN,NaN,1.787285003283602,0,NaN,0,0,0,0,2
122.4,75,100,90,0,39.21818342596686,6.661835945606285,0.2291971808336347,100,1,-0,0.0007917500728585344,12.38526202364072,18.42472063084486,84841.7200862335,94044.33900525914,6.502261029733726,297.9538289506589,56.88489922353305,1.898062134195307,10,NaN,23,NaN,1.802624064791116,0.1878733400142286,NaN,NaN,1.788415787405097,0,NaN,0,0,0,0,2
122.6,75,100,90,0,38.83958635370016,0.0001,0.02291971808336347,100,1,-0,0.0007798702672654637,12.40274305844962,18.4608863676369,84881.78861230199,94094.04220503883,6.499631464790494,297.9384007765059,50.6306199909313,1.899213860720926,10,NaN,23,NaN,1.79134752019398,0.1879565333384567,NaN,NaN,1.789528396166082,0,NaN,0,0,0,0,2
122.8,75,100,90,0,39.50827598412478,0.0001,12.80719228669536,100,1,-0,0.0007762923904436216,12.395272762617,18.49692447435935,84921.9877507068,94143.86588300238,6.498297337399594,297.9509741807732,55.73023132038976,1.900350824169105,10,NaN,23,NaN,1.798381903716295,0.1879010852956488,NaN,NaN,1.790626776680291,0,NaN,0,0,0,0,2
123,75,100,90,0,40.70530235431115,2.143664897356782,1.280719228669537,100,1,-0,0.0007972607453210157,12.36628923440477,18.53347401213815,84962.42277790184,94194.00632999654,6.496686343209739,297.9381104734707,50.51021028588882,1.901499572328426,10,NaN,23,NaN,1.810139470752657,0.1878098328426212,NaN,NaN,1.791736575705286,0,NaN,0,0,0,0,2
123.2,75,100,90,0,42.55177992370729,0.6430994692070345,21.52403346081169,100,1,-0,0.0007770852682421463,12.41707864509545,18.56935340049015,85003.21972449962,94244.43350560048,6.498533017942446,297.9686258898153,62.89954237501401,1.902631818190571,10,NaN,23,NaN,1.777458576512365,0.1880551388253762,NaN,NaN,1.792830465118574,0,NaN,0,0,0,0,2
123.4,75,100,90,0,43.64736047219813,8.946538667994892,2.152403346081169,100,1,-0,0.0007603227570652979,12.45303491884406,18.60501238828681,85044.22965605497,94295.01810658531,6.501106301684501,297.9498117944481,55.2570113260411,1.903725947010503,10,NaN,23,NaN,1.751449415554599,0.1882498812887143,NaN,NaN,1.793887560039733,0,NaN,0,0,0,0,2
123.6,75,100,90,0,43.72230878686864,2.683961600398467,32.25726247467423,100,1,-0,0.0007397451231167033,12.48339322882774,18.63986686596494,85085.24455197729,94345.53507565493,6.503651268801299,297.9988217369956,75.17576192837355,1.904781999218095,10,NaN,23,NaN,1.733938380862473,0.1883803234894875,NaN,NaN,1.794907896319787,0,NaN,0,0,0,0,2
123.8,75,100,90,0,42.78168828218049,17.85143978636673,3.225726247467423,100,1,-0,0.000745362952232373,12.4764908732865,18.67487394361697,85126.06175322774,94395.88135422929,6.506061316501435,297.978051378243,66.72985731932835,1.905828058868189,10,NaN,23,NaN,1.727382107156152,0.1884279001304,NaN,NaN,1.795918606232538,0,NaN,0,0,0,0,2
124,75,100,90,0,40.87740061992392,10.27390658494942,0.3225726247467423,100,1,-0,0.000743095037220736,12.46705471096825,18.70975738184319,85166.50394165117,94445.85395484077,6.506650801410143,297.9534577918997,56.72411059401244,1.906869735966482,10,NaN,23,NaN,1.731429746492259,0.1883952877142153,NaN,NaN,1.796925109624207,0,NaN,0,0,0,0,2
124.2,75,100,90,0,38.74285869800651,1.121823671244663,0.03225726247467423,100,1,-0,0.000731193609011843,12.45527171360419,18.74422625889228,85206.52525056159,94495.35636019206,6.506877202631311,297.9311604169536,47.64801716208279,1.907895217190266,10,NaN,23,NaN,1.746964517632715,0.1882758111620951,NaN,NaN,1.79791599124401,0,NaN,0,0,0,0,2
124.4,75,100,90,0,36.51312140118452,0.3365471013733988,15.43055617852166,100,1,-0,0.0007428895030669128,12.43254700093904,18.77889807410299,85246.09881677084,94544.45429481295,6.50471899521881,297.9446632386245,53.14704996685927,1.908920350416515,10,NaN,23,NaN,1.755095550846875,0.1882123260966098,NaN,NaN,1.798906563607625,0,NaN,0,0,0,0,2
124.6,75,100,90,0,35.15332671788125,0.1009641304120196,1.778709138657732,100,1,-0,0.0007711333953960375,12.39306285188689,18.81445958951473,85285.39703268329,94593.39101081403,6.500629187679691,297.9303493315599,47.31478599366625,1.909971919670484,10,NaN,23,NaN,1.764736463455218,0.1881373559721445,NaN,NaN,1.799922708796772,0,NaN,0,0,0,0,2
124.8,75,100,90,0,35.42815995101302,0.03028923912360588,21.70097535557835,100,1,-0,0.0008020528481213633,12.34177975460974,18.85073813096995,85324.74280050483,94642.50084150277,6.496246255968595,297.9630404525247,60.64152922583022,1.911066469943121,10,NaN,23,NaN,1.786831043377826,0.1879680189634231,NaN,NaN,1.800980417282426,0,NaN,0,0,0,0,2
125,75,100,90,0,37.45094619546226,8.804180208473371,2.170097535557835,100,1,-0,0.0008267724750525767,12.31863303835531,18.88757395831259,85364.48540280299,94692.09905410574,6.493109991703484,297.9502397405353,55.42061375076038,1.912194893564434,10,NaN,23,NaN,1.794357200128917,0.1879088743387394,NaN,NaN,1.802070891186285,0,NaN,0,0,0,0,2
125.2,75,100,90,0,40.72321107938262,2.756768134580129,0.2170097535557835,100,1,-0,0.0008163108810175504,12.33862217054824,18.92395459845157,85404.88499492426,94742.32383156386,6.494740300511051,297.9333996249796,48.5487062696162,1.91332212328876,10,NaN,23,NaN,1.786204710689796,0.1879684381323525,NaN,NaN,1.803160244007756,0,NaN,0,0,0,0,2
125.4,75,100,90,0,43.33170741642509,0.8270304403740388,17.92869980804149,100,1,-0,0.0008027006905544033,12.37713103958481,18.95974075177845,85445.80169220264,94793.00462812057,6.501240444935481,297.9545327471002,57.17685512293338,1.914422774780975,10,NaN,23,NaN,1.763368852013377,0.1881391682134172,NaN,NaN,1.804223943174012,0,NaN,0,0,0,0,2
125.6,75,100,90,0,43.33942595670458,5.746744375384361,1.792869980804149,100,1,-0,0.0008274739442367706,12.356342486923,18.99615688844272,85486.71496846396,94843.76568080526,6.506350036422978,297.9395429135006,51.0536869066684,1.915529829097667,10,NaN,23,NaN,1.758563457500602,0.1881734056679246,NaN,NaN,1.805293861601008,0,NaN,0,0,0,0,2
125.8,75,100,90,0,41.32345238959264,1.724023312615308,27.61839228526883,100,1,-0,0.0008759511306403865,12.28504886545465,19.03406042629801,85527.21432683013,94894.30609569215,6.50805263630195,297.9880395888298,70.87412372381333,1.916691266479551,10,NaN,23,NaN,1.778233530675908,0.1880223208518682,NaN,NaN,1.806416372675533,0,NaN,0,0,0,0,2
126,75,100,90,0,38.63316403396961,16.30065930944192,2.761839228526883,100,1,-0,0.0008777445651862334,12.2897945283052,19.07187047265189,85567.16447304092,94944.29987265063,6.506763270669267,297.9754501190727,65.72621427961813,1.917874268180535,10,NaN,23,NaN,1.766470330315418,0.1881090787395039,NaN,NaN,1.807559760961885,0,NaN,0,0,0,0,2
126.2,75,100,90,0,36.45753320515078,11.14505175938029,0.2761839228526883,100,1,-0,0.0008455359116136826,12.33084901629585,19.10870517179148,85606.68239416761,94993.74033182272,6.504077582663549,297.9569254091065,58.14754035469363,1.919020963292843,10,NaN,23,NaN,1.745207836048515,0.1882677446606431,NaN,NaN,1.808668092729389,0,NaN,0,0,0,0,2
126.4,75,100,90,0,35.35118322636532,3.927827309468846,0.02761839228526883,100,1,-0,0.0008687845056947452,12.31190177043642,19.14649399566484,85645.98223899268,95043.06922991245,6.499842373292148,297.9430994534166,52.48837143217659,1.920169669039327,10,NaN,23,NaN,1.731035165259898,0.1883727280220633,NaN,NaN,1.809778401744869,0,NaN,0,0,0,0,2
126.6,75,100,90,0,35.93953119462585,1.178348192840654,14.82454584159222,100,1,-0,0.0008770532587409623,12.30977514970241,19.18437925090078,85685.39467482877,95092.54350616811,6.496689748396306,297.9637737604533,60.95490266290012,1.921333790591777,10,NaN,23,NaN,1.72198638053256,0.1884389124463508,NaN,NaN,1.810903645873957,0,NaN,0,0,0,0,2
126.8,75,100,90,0,37.78041977577343,6.280908291299264,1.482454584159222,100,1,-0,0.0008512559413920085,12.33796691372379,19.22140094892947,85725.17025972652,95142.30274837527,6.496208726054172,297.9502436199572,55.41127510466106,1.922478287854691,10,NaN,23,NaN,1.712570087182405,0.1885078992177612,NaN,NaN,1.812009955047365,0,NaN,0,0,0,0,2
127,75,100,90,0,39.80841870772027,0.09946853435830327,0.1482454584159222,100,1,-0,0.0008733504061747277,12.308292654498,19.25923845044082,85765.35328090354,95192.57700929246,6.498748883338174,297.9377630770435,50.29511033970196,1.923630473323734,10,NaN,23,NaN,1.719340004213344,0.1884545070676305,NaN,NaN,1.813123729903758,0,NaN,0,0,0,0,2
127.2,75,100,90,0,40.81899438506426,0.02984056030749098,12.90848087570832,100,1,-0,0.0008514086074242385,12.343616115789,19.29646426902757,85805.73454386476,95242.97140498516,6.501980622151623,297.9511936318286,55.80349215858185,1.924764080304719,10,NaN,23,NaN,1.703753178102012,0.1885701471566239,NaN,NaN,1.814219578927815,0,NaN,0,0,0,0,2
127.4,75,100,90,0,40.54427392441568,2.423101422128525,1.290848087570832,100,1,-0,0.0008639052614598123,12.3115968425985,19.33419506489492,85846.05693334171,95293.37710458481,6.503185283921464,297.9391089154879,50.84455790110368,1.925898208500451,10,NaN,23,NaN,1.714229188059436,0.1884887848527463,NaN,NaN,1.815315964861021,0,NaN,0,0,0,0,2
127.6,75,100,90,0,39.79655062942791,0.7269304266385574,21.58437192303347,100,1,-0,0.0008384829139905987,12.3397362920385,19.37118471052479,85886.22206447352,95343.53192562684,6.504168498667543,297.9704552484349,63.71394697431533,1.927010256401563,10,NaN,23,NaN,1.704638232118507,0.188559139523337,NaN,NaN,1.816391037406786,0,NaN,0,0,0,0,2
127.8,75,100,90,0,38.64978113570715,9.348634996726286,2.158437192303347,100,1,-0,0.0008386700734993373,12.31737873032979,19.40847225990371,85926.15082346495,95393.4781255033,6.503725258659736,297.9553026596116,57.48983375401006,1.928106832657617,10,NaN,23,NaN,1.716392336726595,0.1884681885825576,NaN,NaN,1.817451183866443,0,NaN,0,0,0,0,2
128,75,100,90,0,37.68427778622561,2.777966171894786,0.2158437192303347,100,1,-0,0.0008285515228497477,12.32885376732518,19.44528450090693,85965.88966106545,95443.20431122699,6.503355396599511,297.9380965151958,50.41865564985842,1.929194464344296,10,NaN,23,NaN,1.706838386188221,0.1885383120577732,NaN,NaN,1.818502713443919,0,NaN,0,0,0,0,2
128.2,75,100,90,0,36.86191392595394,0.8333898515684357,16.53235925167946,100,1,-0,0.0008354039512302251,12.32799670269722,19.48232961842482,86005.45971566891,95492.7888803074,6.502560021273686,297.9585221790319,58.81713624916153,1.930280465971953,10,NaN,23,NaN,1.694965678444299,0.1886259448750973,NaN,NaN,1.819552697413439,0,NaN,0,0,0,0,2
128.4,75,100,90,0,36.35933068895559,5.687909278014596,1.653235925167946,100,1,-0,0.0008446745683713271,12.29089150776797,19.51959691469272,86044.9242596399,95542.3166380007,6.501538792690359,297.944980202745,53.24627213319555,1.931379208579673,10,NaN,23,NaN,1.715553584623811,0.1884682400439764,NaN,NaN,1.820615030661774,0,NaN,0,0,0,0,2
128.6,75,100,90,0,36.26461804152278,1.706372783404379,25.86087757414604,100,1,-0,0.0008336304369627855,12.30345178444579,19.55678471231478,86084.3605383636,95591.80564233521,6.500415881868209,297.9857191587407,70.01365586780074,1.93247231350175,10,NaN,23,NaN,1.707080278199136,0.1885301823674919,NaN,NaN,1.821671943843121,0,NaN,0,0,0,0,2
128.8,75,100,90,0,36.6186805102692,13.79963502701772,2.586087757414604,100,1,-0,0.0008082743115956643,12.32529609454073,19.5929646832864,86123.85948137172,95641.26387853826,6.499954335688189,297.9667685352182,62.21005152268133,1.93353366674674,10,NaN,23,NaN,1.704804097304664,0.1885453438748992,NaN,NaN,1.822698186014818,0,NaN,0,0,0,0,2
129,75,100,90,0,37.15486679183317,6.42059619455468,0.2586087757414604,100,1,-0,0.0007835072456082229,12.35978087313433,19.62839643226118,86163.47088286681,95690.756187821,6.500592150339814,297.9438189042848,52.75504634999025,1.934556395410891,10,NaN,23,NaN,1.687092097783789,0.1886772065124759,NaN,NaN,1.823687108765044,0,NaN,0,0,0,0,2
129.2,75,100,90,0,37.43443767607432,1.926178858366404,19.80404873698236,100,1,-0,0.0007951921512802343,12.34183757494767,19.66371006613219,86203.13464397615,95740.32304908156,6.500942120589382,297.966392186492,62.05960358321747,1.935569378149414,10,NaN,23,NaN,1.696488084177105,0.1886042693737588,NaN,NaN,1.82466663425089,0,NaN,0,0,0,0,2
129.4,75,100,90,0,37.57848254478804,7.779292362547073,1.980404873698236,100,1,-0,0.0008000176953026736,12.33329487455069,19.69903621357174,86242.82284783242,95789.94449169078,6.501831274958039,297.9476441735434,54.3279682191151,1.936588817146031,10,NaN,23,NaN,1.697107809965149,0.1885976261931501,NaN,NaN,1.825652429394846,0,NaN,0,0,0,0,2
129.6,75,100,90,0,37.36417604004198,2.333787708764122,29.51818209028162,100,1,-0,0.0007767219256059924,12.33825069359409,19.73362058444955,86282.45970062153,95839.4403664049,6.502131876710162,297.9894614951381,71.58184042848107,1.937587412122635,10,NaN,23,NaN,1.708985596025877,0.1885059496885083,NaN,NaN,1.826618094331629,0,NaN,0,0,0,0,2
129.8,75,100,90,0,37.03328467621004,14.9380302639443,2.951818209028162,100,1,-0,0.000771020520032596,12.36442714259385,19.76781090030264,86322.02289293123,95888.84235911453,6.501987524597214,297.9661559521514,61.96119653474881,1.938566157703218,10,NaN,23,NaN,1.684494277259806,0.188689115859632,NaN,NaN,1.827564589319053,0,NaN,0,0,0,0,2
130,75,100,90,0,36.75971023786159,6.188794089255213,0.2951818209028162,100,1,-0,0.0007494871404741707,12.37053937716913,19.80191042684934,86361.53819689326,95938.16112457398,6.500042327961171,297.9401785807516,51.23232182106234,1.939523072339596,10,NaN,23,NaN,1.682280845168315,0.1887039940471035,NaN,NaN,1.828489996531098,0,NaN,0,0,0,0,2
130.2,75,100,90,0,37.26869737159807,1.856638226776564,20.11990361221818,100,1,-4000,0.0007773058675144597,12.33510742386874,19.83647946833833,85702.12448482889,95187.65005211398,6.525971767673223,297.9609815860587,59.79332975638041,1.930457905045355,10,NaN,23,NaN,1.68194385062544,0.1887239844332373,NaN,NaN,1.819724254534166,0,NaN,0,0,0,0,2
130.4,75,100,90,0,27.30871711081802,6.985202121419885,2.011990361221818,100,1,-4000,0.0008199067222277416,12.24792307988684,19.87262781954558,85040.80212354125,94435.30421652744,6.539098209672229,297.9454278510339,53.44102778943871,1.916356773913162,10,NaN,23,NaN,1.689542165285235,0.188693709404663,NaN,NaN,1.806093087284891,0,NaN,0,0,0,0,2
130.6,75,100,90,0,12.22935271924825,2.095560636425966,27.76650374886276,100,1,-4000,0.0008075197816908955,12.197320455273,19.90906743556515,84376.54344397593,93679.90731824105,6.530472131605097,297.9912673795071,72.01679571836854,1.901901300812795,10,NaN,23,NaN,1.692184937258044,0.1887015458389718,NaN,NaN,1.792124691293908,0,NaN,0,0,0,0,2
130.8,75,100,90,0,0.6307982276664248,15.98039538612129,2.776650374886276,100,1,-4000,0.0008210328899257336,12.14549281348925,19.94598028223961,83710.04471283407,92922.2258575603,6.50476242615233,297.9798943580789,67.44383242291892,1.887419412519539,10,NaN,23,NaN,1.685922216156253,0.188776739817513,NaN,NaN,1.77813615140767,0,NaN,0,0,0,0,2
131,75,100,90,0,0,11.38543326137866,0.2776650374886276,100,1,-4000,0.0008492409232272394,12.12057857381452,19.98359995424693,83043.5126327793,92164.51934913859,6.47932817789296,297.9659172440415,61.86817094586363,1.872953447005168,10,NaN,23,NaN,1.663295166032491,0.1889755775843041,NaN,NaN,1.764168366133196,0,NaN,0,0,0,0,2
131.2,75,100,90,0,8.78988211965801,5.894665007145527,0.02776650374886276,100,1,-4000,0.0009020446222427395,12.07841456838872,20.02202443104511,82378.83166229072,91408.76312438493,6.466851957079673,297.9555677257617,57.77230331169623,1.858538163160126,10,NaN,23,NaN,1.656893067246678,0.1890517165138894,NaN,NaN,1.750254857284454,0,NaN,0,0,0,0,2
131.4,75,100,90,0,22.52863169762623,1.150806207458452,0.002776650374886276,100,1,-4000,0.0008859533128334703,12.1329115658651,20.05923720578689,81716.99093686597,90655.72296510356,6.473842082879407,297.941571147151,52.27750794253485,1.844129030921054,10,NaN,23,NaN,1.622516431617404,0.1893391780730975,NaN,NaN,1.736352610300783,0,NaN,0,0,0,0,2
131.6,75,100,90,0,33.44894702663788,0.3452418622375354,14.44817079052302,100,1,-4000,0.0009083459071103137,12.13723283847445,20.09620908932082,81057.41993821514,89904.92868660681,6.495563689313256,297.9594718443724,59.2482380374222,1.829721805580033,10,NaN,23,NaN,1.605800369145292,0.1894932108707453,NaN,NaN,1.722457522370199,0,NaN,0,0,0,0,2
131.8,75,100,90,0,35.6945928347916,4.434874761351941,1.444817079052302,100,1,-4000,0.0009206982972536652,12.13332434769466,20.13344124988498,80398.38343377496,89154.6048178057,6.520695029835668,297.9451791682676,53.72700881056272,1.815310368387482,10,NaN,23,NaN,1.589215533946687,0.1896462579125502,NaN,NaN,1.708563690567318,0,NaN,0,0,0,0,2
132,75,100,90,0,27.92365924419918,1.330462428405582,24.16201824460918,100,1,-4000,0.0008921921364045599,12.12892954236105,20.17027349905989,79737.87384823755,88402.63272170932,6.533559614367148,297.9843992387151,68.75368099693117,1.800863607820585,10,787.9694004667413,23,1624.032658973288,1.575002074982884,0.1897814699827026,20.02202443104511,24.60976658841749,1.694641139714481,0,63.45529525182702,0,0,0,0,2
132.2,75,100,90,0,15.05803794974856,12.91280061362338,2.416201824460918,100,1,-0,0.0008947930029403188,12.0775603137578,20.20767296927324,79773.6365964399,88448.11665101066,6.499789173380436,297.9730690242492,64.42937538370835,1.796781725633901,10,NaN,23,NaN,1.585451224186886,0.1897104699977471,NaN,NaN,1.690708338703474,0,NaN,0,0,0,0,2
132.4,75,100,90,0,15.81430231451129,8.124697546353531,0.2416201824460918,100,1,-0,0.000899904028852421,12.07958552602627,20.24490271838348,79809.55257988835,88493.77967132108,6.470239170820949,297.9575537446701,58.50490611049995,1.797529959334565,10,NaN,23,NaN,1.576651408335328,0.1897754616998598,NaN,NaN,1.691429213020472,0,NaN,0,0,0,0,2
132.6,75,100,90,0,28.22749258336941,1.846991109378365,0.02416201824460919,100,1,-0,0.0008843049508605924,12.13893605685615,20.28097802442263,79847.9544874986,88541.89443951592,6.459210672713331,297.9389187039052,51.38558314741414,1.798543635157008,10,NaN,23,NaN,1.553426031960286,0.1899487952152466,NaN,NaN,1.692405846332549,0,NaN,0,0,0,0,2
132.8,75,100,90,0,45.00483696363966,0.5540973328135095,15.77494266298154,100,1,-0,0.0008815714469496318,12.18442280811682,20.31626735142326,79889.70898722096,88593.37188978125,6.468333025477369,297.9536362482189,57.01127628139449,1.799565060231132,10,NaN,23,NaN,1.54410612444783,0.1900171385210944,NaN,NaN,1.693389972303625,0,NaN,0,0,0,0,2
133,75,100,90,0,58.12641426168165,3.480864323192489,1.577494266298155,100,1,-0,0.0008641763593746219,12.24054547899742,20.3503539593834,79934.08587408747,88647.41007589508,6.488612303612624,297.9288163267758,47.51855242551371,1.800563829599661,10,NaN,23,NaN,1.535391806566437,0.1900809437764917,NaN,NaN,1.694352295688617,0,NaN,0,0,0,0,2
133.2,75,100,90,0,63.16416831319343,1.044259296957747,28.84296147935131,100,1,-0,0.000821138947396253,12.29480446476778,20.3830705554559,79979.46413655629,88702.32171520668,6.511168370109375,297.9642994378386,61.09758386539965,1.801513629356705,10,NaN,23,NaN,1.524701815779826,0.1901597312770304,NaN,NaN,1.695267460079539,0,NaN,0,0,0,0,2
133.4,75,100,90,0,59.20773006136699,10.80269427853035,2.884296147935132,100,1,-0,0.0008153509449867221,12.2970568358225,20.41581752313564,80024.04551265572,88756.42064437979,6.530358731108781,297.936701998006,50.53003774417365,1.802432747338729,10,NaN,23,NaN,1.514921266674452,0.1902317031554216,NaN,NaN,1.696153083508406,0,NaN,0,0,0,0,2
133.6,75,100,90,0,47.59347264656607,3.240808283559106,40.61230439281782,100,1,-0,0.0007968670443436482,12.26551135865578,20.44847839601836,80066.29298622682,88808.12606937918,6.538787314890007,298.0004821389172,74.9665505523121,1.803325295541606,10,NaN,23,NaN,1.532594083313402,0.1900967006814955,NaN,NaN,1.697013126099936,0,NaN,0,0,0,0,2
133.8,75,100,90,0,32.63231009095909,23.07826262191277,4.061230439281782,100,1,-0,0.00079395744463091,12.21087021927075,20.48199865040211,80105.53662573312,88856.83975672945,6.530770082689059,297.9771860331076,66.03612232439217,1.804203758402096,10,NaN,23,NaN,1.547882264658172,0.1899796744152213,NaN,NaN,1.697859616223292,0,NaN,0,0,0,0,2
134,75,100,90,0,20.89754500505466,14.58083527014018,0.4061230439281782,100,1,-0,0.0007653774534300088,12.20869367663006,20.51550198823773,80142.44026219938,88903.1429280251,6.508098535172276,297.9473921399942,54.60899647107813,1.805053658415701,10,NaN,23,NaN,1.539595721905025,0.190040542881067,NaN,NaN,1.698678601871325,0,NaN,0,0,0,0,2
134.2,75,100,90,0,18.22683846895637,4.374250581042055,28.21654875290214,100,1,-0,0.0007415120450361141,12.23338796288214,20.54813324585756,80178.80502581631,88948.83783818044,6.484998719222012,297.9842055765694,68.7352685642641,1.805871141066687,10,NaN,23,NaN,1.523830857644439,0.1901578609493774,NaN,NaN,1.699466366747483,0,NaN,0,0,0,0,2
134.4,75,100,90,0,24.75056922441482,15.32554564763326,2.821654875290214,100,1,-0,0.0007437145819879361,12.25644489567818,20.58074882647162,80216.46932139779,88995.86518214627,6.470508450690883,297.9569516790527,58.27207160145493,1.806680080498801,10,NaN,23,NaN,1.50564896912605,0.1902933785526068,NaN,NaN,1.700245915806701,0,NaN,0,0,0,0,2
134.6,75,100,90,0,37.04079761780307,5.054559351395746,0.2821654875290214,100,1,-0,0.0007540503398345345,12.28401137618364,20.61284623022502,80256.60003668956,89045.40053567618,6.470456847160952,297.9237484919935,45.51824426437527,1.807496663333318,10,NaN,23,NaN,1.496689231500722,0.1903593308716595,NaN,NaN,1.70103284755063,0,NaN,0,0,0,0,2
134.8,75,100,90,0,49.33185915370099,1.516367805418724,23.45234269127426,100,1,-0,0.0007355291760672169,12.35969601745128,20.64349468870241,80299.18822693708,89097.32600936755,6.484776585172203,297.9412590402231,52.24793251586063,1.808296045097576,10,NaN,23,NaN,1.467439404093454,0.190578172333945,NaN,NaN,1.701803219342856,0,NaN,0,0,0,0,2
135,75,100,90,0,55.89409121284701,0.4549103416256171,0.0001,100,1,-0,0.0007552642492460224,12.35647646568085,20.67448135705387,80343.08892651432,89150.63530584134,6.502190218960971,297.9035482451891,37.7466086757971,1.809096363718443,10,NaN,23,NaN,1.466677819242491,0.1905823557050113,NaN,NaN,1.702574510373337,0,NaN,0,0,0,0,2
135.2,75,100,90,0,55.52671007126753,0.1364731024876851,35.43613687144254,100,1,-0,0.0007614118793421719,12.35671103608646,20.70584346098424,80386.91047809768,89203.89811367857,6.518776135762166,297.9497798251832,55.53471298728126,1.809900875978885,10,NaN,23,NaN,1.45785592052708,0.1906472391740493,NaN,NaN,1.70334985945971,0,NaN,0,0,0,0,2
135.4,75,100,90,0,48.53757758741732,0.04094193074630554,0.0001,100,1,-0,0.0007650735481421194,12.32789212081464,20.73805460766389,80429.32816319444,89255.79141687354,6.527382240676057,297.9145052856378,41.95476200826719,1.810701589339241,10,NaN,23,NaN,1.462027107589234,0.1906142695037304,NaN,NaN,1.704121563800608,0,NaN,0,0,0,0,2
135.6,75,100,90,0,38.12952822664074,0.01228257922389166,39.28014166531037,100,1,-0,0.0007845692890835032,12.25295866832306,20.77113503651292,80469.6553607791,89305.67377347327,6.522230533803337,297.9757387297267,65.54116541452686,1.811518936070317,10,NaN,23,NaN,1.491693325649584,0.1903891836918447,NaN,NaN,1.704909315825104,0,NaN,0,0,0,0,2
135.8,75,100,90,0,29.80175183957289,18.19632804789674,3.928014166531038,100,1,-0,0.0008076618641330318,12.20157335975181,20.80502408238036,80508.30583441927,89353.9639873908,6.509508090672759,297.9531901740535,56.85118029313833,1.812365416298851,10,NaN,23,NaN,1.501615348924596,0.1903127643638897,NaN,NaN,1.705725164495911,0,NaN,0,0,0,0,2
136,75,100,90,0,26.54375972194473,9.048027874723033,0.3928014166531038,100,1,-0,0.0007878919719223711,12.20976310233478,20.83867929627755,80546.31139881327,89401.55967311859,6.49374203421375,297.9240323274912,45.60832271237715,1.813202092929442,10,NaN,23,NaN,1.499220210747495,0.1903291949284272,NaN,NaN,1.706531582352356,0,NaN,0,0,0,0,2
136.2,75,100,90,0,29.57794688361236,2.71440836241691,27.35177742686059,100,1,-0,0.0008013337283213683,12.18965818425553,20.87226589607942,80584.91900219485,89449.81180348457,6.48206317229636,297.9598655576666,59.43211560573477,1.814042611886807,10,NaN,23,NaN,1.512648715423595,0.1902263446562021,NaN,NaN,1.707341721616422,0,NaN,0,0,0,0,2
136.4,75,100,90,0,37.26053325148876,12.44676890306675,2.73517774268606,100,1,-0,0.0008371383275361825,12.19184427083448,20.90601337909863,80625.0570760409,89499.7125845468,6.478329871043917,297.9369712002663,50.595243058435,1.814917046430308,10,NaN,23,NaN,1.500356930165351,0.190317303344202,NaN,NaN,1.708184569813997,0,NaN,0,0,0,0,2
136.6,75,100,90,0,46.42345770389414,3.734030670920023,40.87914361376203,100,1,-0,0.0008220888233233912,12.22311274297554,20.93884136411198,80667.01574578458,89551.41034327474,6.483789928703857,298.0013182694802,75.4455149529127,1.815796148318521,10,NaN,23,NaN,1.498192141243212,0.190331914654432,NaN,NaN,1.709031936490861,0,NaN,0,0,0,0,2
136.8,75,100,90,0,53.39763066921903,23.74189724022589,4.087914361376203,100,1,-0,0.0008492765440766883,12.21739302183816,20.97204998659573,80710.35768490359,89604.60846156059,6.492658103207501,297.9764554408349,65.83826164461077,1.81669691729878,10,NaN,23,NaN,1.491203889460171,0.1903828316356135,NaN,NaN,1.709900208605836,0,NaN,0,0,0,0,2
137,75,100,90,0,56.84277395835856,14.73105344397314,0.4087914361376204,100,1,-0,0.0008373969932288691,12.23929147684279,21.00484056910942,80754.3960921761,89658.47862550028,6.503377868831654,297.9431520812319,52.96221071518531,1.817597669033725,10,NaN,23,NaN,1.483972441466608,0.1904355730049599,NaN,NaN,1.710768484866606,0,NaN,0,0,0,0,2
137.2,75,100,90,0,56.00484375286135,4.419316033191943,29.87593791712644,100,1,-0,0.0008425174056721792,12.23008750424978,21.03762822415619,80798.26197892825,89712.20291027481,6.513187618550524,297.981153364333,67.66304776005445,1.818499457361147,10,NaN,23,NaN,1.481364964684746,0.190453468849254,NaN,NaN,1.711637781152152,0,NaN,0,0,0,0,2
137.4,75,100,90,0,51.25192360357116,15.64773694626926,2.987593791712644,100,1,-0,0.0008422396712247046,12.20053664829843,21.07071790969895,80841.17087071553,89764.98843048608,6.518902869462407,297.9557393929287,57.82602512794478,1.819404529921682,10,NaN,23,NaN,1.493620237829722,0.1903593732321068,NaN,NaN,1.712510264269573,0,NaN,0,0,0,0,2
137.6,75,100,90,0,44.22342099471788,5.88815835103166,0.2987593791712644,100,1,-0,0.0008224280691230178,12.19824266224206,21.10361194836952,80882.68132892044,89816.31421595873,6.518364642410519,297.9251874433792,45.99365840193808,1.820288851439531,10,NaN,23,NaN,1.494264043515545,0.1903528072057719,NaN,NaN,1.713362763793432,0,NaN,0,0,0,0,2
137.8,75,100,90,0,37.4176182181583,1.766447505309498,23.66276168896665,100,1,-0,0.0008397268151502242,12.15419259150423,21.13742587114643,80922.82738174908,89866.34235442642,6.509082653177918,297.9531762204638,56.83911628751478,1.821171790259706,10,NaN,23,NaN,1.504877855267991,0.1902711063800625,NaN,NaN,1.714213950349336,0,NaN,0,0,0,0,2
138,75,100,90,0,34.33327954510791,8.846244347839258,2.366276168896665,100,1,-0,0.000807490011130016,12.17072486601099,21.17045575905102,80962.35232191645,89915.64231465416,6.497525429978393,297.9283995749492,47.2332857657107,1.822027417776295,10,NaN,23,NaN,1.507877243809899,0.1902468411168525,NaN,NaN,1.715038826813697,0,NaN,0,0,0,0,2
138.2,75,100,90,0,35.85131288030087,2.653873304351777,37.59651728354082,100,1,-0,0.0007996665126341496,12.17489313190323,21.20309919929453,81002.17085687212,89965.22114941798,6.488178583005782,297.9854814614985,69.37526348205353,1.822860922775268,10,NaN,23,NaN,1.510982390564431,0.1902218206343368,NaN,NaN,1.71584239386171,0,NaN,0,0,0,0,2
138.4,75,100,90,0,41.09355422181981,19.84793306582407,3.759651728354082,100,1,-0,0.0008074829164928254,12.1600143979214,21.23562615748507,81043.02781568363,90015.87411699969,6.486066515930469,297.9607300872861,59.76914094010684,1.82369335958908,10,NaN,23,NaN,1.532683135431549,0.1900565990814538,NaN,NaN,1.716644948845314,0,NaN,0,0,0,0,2
138.6,75,100,90,0,47.16396551932683,10.33614961961095,0.3759651728354083,100,1,-0,0.0007985170542331468,12.19743687317216,21.26747244633695,81085.10674053499,90067.72429162692,6.491271114555762,297.9266039405061,46.5174663126445,1.82451718074138,10,NaN,23,NaN,1.51804491102604,0.1901653729013322,NaN,NaN,1.717439214910419,0,NaN,0,0,0,0,2
138.8,75,100,90,0,51.15168999888989,3.100844885883285,29.06536199929039,100,1,-0,0.0008012015656351271,12.20780693899095,21.29917706411294,81127.97952585141,90120.39083729593,6.498967076336758,297.959801683332,59.41574489207711,1.825338112298205,10,NaN,23,NaN,1.50984501437614,0.1902255940133217,NaN,NaN,1.718230712332617,0,NaN,0,0,0,0,2
139,75,100,90,0,52.07627142514607,12.05766003064879,2.906536199929039,100,1,-0,0.0007690213982363951,12.24064737715245,21.32938072173376,81171.03310929671,90173.1232998708,6.505216378103277,297.9277686560005,46.96302617680546,1.826130543814024,10,NaN,23,NaN,1.508579444881757,0.1902335975713694,NaN,NaN,1.718994747938555,0,NaN,0,0,0,0,2
139.2,75,100,90,0,50.51384955174044,3.617298009194635,44.41327273648836,100,1,-0,0.0007479374838184827,12.26106168565853,21.35901848588098,81213.76403518066,90225.47216404325,6.509116223547406,297.9913186679996,71.68154398074137,1.826887170181225,10,NaN,23,NaN,1.500233369446013,0.1902950321750236,NaN,NaN,1.719724276440329,0,NaN,0,0,0,0,2
139.4,75,100,90,0,47.39456640537414,23.07362445388734,4.441327273648836,100,1,-0,0.0007457553946258249,12.26394947699018,21.38869857425963,81255.86114438037,90277.18782780893,6.510113271606261,297.9591724781162,59.17095659276823,1.827627820421793,10,NaN,23,NaN,1.487301735021491,0.1903910361433706,NaN,NaN,1.720438415184443,0,NaN,0,0,0,0,2
139.6,75,100,90,0,43.87846695065806,11.18101390410275,0.4441327273648836,100,1,-0,0.000746902168168083,12.26083361512856,21.41862779905836,81297.26515644246,90328.23607222788,6.507701494842218,297.92080540106,44.23134805326133,1.828366313377616,10,NaN,23,NaN,1.473980806087759,0.1904899510477651,NaN,NaN,1.721150487850116,0,NaN,0,0,0,0,2
139.8,75,100,90,0,41.32897019534532,3.354304171230825,30.49350933811625,100,1,-0,0.0007114524260103949,12.28178343048688,21.44798594759417,81338.15703382761,90378.68203817967,6.506307221985522,297.9515154589296,56.19577503223225,1.829075047076086,10,NaN,23,NaN,1.469181691081351,0.1905247212709532,NaN,NaN,1.721833879057907,0,NaN,0,0,0,0,2
140,75,100,90,0,39.32293693046154,11.2672297539368,3.049350933811625,100,1,-0,0.0006930821959139267,12.29948433736315,21.47659028419986,81378.6448313686,90428.65802832476,6.503869196281848,297.9169275864542,42.71344570193909,1.829751659154111,10,NaN,23,NaN,1.460949382571601,0.190585403194979,NaN,NaN,1.722486309234222,0,NaN,0,0,0,0,2
140.2,75,100,90,0,38.29879346888914,3.380168926181041,45.93558867313367,100,1,-0,0.0006725473533458417,12.3105967784287,21.50482707189874,81418.91823598194,90478.36988822412,6.501850069781879,297.9809106981539,67.66696417636535,1.830399682638037,10,NaN,23,NaN,1.46014711080415,0.1905901862470108,NaN,NaN,1.723111183555732,0,NaN,0,0,0,0,2
140.4,75,100,90,0,38.07758660880565,22.5985359981613,4.593558867313367,100,1,-0,0.0006351158305338062,12.36892409429561,21.53217770731391,81459.13818680967,90527.91556982798,6.498559729890561,297.9449952574392,53.65260169692674,1.831001977833552,10,NaN,23,NaN,1.428849062257773,0.1908246179237905,NaN,NaN,1.723691972771127,0,NaN,0,0,0,0,2
140.6,75,100,90,0,39.17802576262502,6.779560799448388,60.36989464964425,100,1,-0,0.0006337022442970754,12.36928760563952,21.55954181918247,81499.56280445449,90577.68827483291,6.496410108993316,298.0387906573029,90.27100446873095,1.831584368018404,10,NaN,23,NaN,1.42498212588084,0.1908525849125849,NaN,NaN,1.724253576553725,0,NaN,0,0,0,0,2
140.8,75,100,90,0,41.13050383418948,37.34566171176245,6.036989464964425,100,1,-0,0.0006178859507976806,12.3889875930788,21.58620510750356,81540.3622338463,90627.78845770805,6.496314316684563,298.0063425078607,77.59640869361218,1.832147660539717,10,NaN,23,NaN,1.423991972823875,0.1908589404042961,NaN,NaN,1.724796772562317,0,NaN,0,0,0,0,2
141,75,100,90,0,43.11821257226583,26.90223430408854,0.6036989464964426,100,1,-0,0.0006118260048261975,12.40873548481316,21.61250917111332,81581.57093868105,90678.29161515083,6.497348663470199,297.9612036208616,59.9554421738587,1.8326946447399,10,NaN,23,NaN,1.412796268001131,0.1909421110733644,NaN,NaN,1.725324249857005,0,NaN,0,0,0,0,2
141.2,75,100,90,0,44.69504799134119,11.81052345497368,0.06036989464964426,100,1,-0,0.0006259487910935198,12.39857093744751,21.63903131061941,81623.10981725382,90729.16709228382,6.50077583948084,297.9136726302714,41.3697259934499,1.833242265073519,10,NaN,23,NaN,1.416372416509563,0.1909141418280841,NaN,NaN,1.725852348275633,0,NaN,0,0,0,0,2
141.4,75,100,90,0,44.89678097140418,3.543157036492103,32.05057282796621,100,1,-0,0.0006142785157438745,12.4172093332857,21.66530844934782,81664.68968675409,90780.06531199493,6.503369174162644,297.9385831112882,51.11543524939344,1.833782397290726,10,NaN,23,NaN,1.403699480591696,0.1910084236591672,NaN,NaN,1.726373233043443,0,NaN,0,0,0,0,2
141.6,75,100,90,0,44.07157213182447,1.062947110947631,0.0001,100,1,-0,0.0006044776867160822,12.42619940536886,21.69139429039239,81706.10581793962,90830.77351089159,6.505531710922572,297.8883766521388,31.46276326033425,1.834304519625882,10,NaN,23,NaN,1.399255852728456,0.1910408293425616,NaN,NaN,1.726876756809194,0,NaN,0,0,0,0,2
141.8,75,100,90,0,42.38009331320493,0.3188841332842893,44.67717468219321,100,1,-0,0.0005928865341793539,12.43515423620915,21.71757774582823,81747.1794180068,90881.12056996969,6.506535432213276,297.9409504155532,52.0528958237614,1.834806043387162,10,NaN,23,NaN,1.39151357753371,0.1910980778205361,NaN,NaN,1.727360422319991,0,NaN,0,0,0,0,2
142,75,100,90,0,40.28954833969269,0.09566523998528678,0.0001,100,1,-0,0.0005973673518097928,12.42277638228222,21.74394351959044,81787.83072086835,90931.06817780741,6.50499082536523,297.890965552452,32.4664613705695,1.83530231545502,10,NaN,23,NaN,1.391808025199703,0.1910948975514734,NaN,NaN,1.727839029481715,0,NaN,0,0,0,0,2
142.2,75,100,90,0,38.82149641219263,0.02869957199558603,50.04145453351924,100,1,-0,0.0005747018888431701,12.44976914488616,21.76985951696705,81828.18192132392,90980.65382392969,6.504063863650371,297.9548951717867,57.53003034303784,1.835775374487449,10,NaN,23,NaN,1.379062599833722,0.1911898074293711,NaN,NaN,1.728295255753896,0,NaN,0,0,0,0,2
142.4,75,100,90,0,37.71404864455516,18.37051293266236,5.004145453351924,100,1,-0,0.0005939430282738847,12.4250512159718,21.79633241535641,81868.30259912627,91030.0890083954,6.501318080447823,297.9182405302761,43.15219568155294,1.836249885610019,10,NaN,23,NaN,1.381684135073896,0.1911691743446634,NaN,NaN,1.728752888205807,0,NaN,0,0,0,0,2
142.6,75,100,90,0,37.71285635684276,5.511153879798708,61.7012041642935,100,1,-0,0.0006052597857439658,12.3997155518323,21.82311072251569,81908.40796912403,91079.57141443685,6.499890995525607,298.0116295102952,79.80283893718699,1.836738627793882,10,NaN,23,NaN,1.396082634906046,0.1910599565361414,NaN,NaN,1.729224251540876,0,NaN,0,0,0,0,2
142.8,75,100,90,0,38.27235247889686,34.93928168306575,6.17012041642935,100,1,-0,0.0006254487709710865,12.37648322138924,21.85034905008171,81948.6089669389,91129.22992341973,6.500774709864708,297.981676966966,68.04185255740879,1.837246286013316,10,NaN,23,NaN,1.403496935214357,0.1910032071536358,NaN,NaN,1.729713864768204,0,NaN,0,0,0,0,2
143,75,100,90,0,38.47500327823024,24.34134352043139,0.6170120416429351,100,1,-0,0.0006341568543266679,12.35819447824219,21.87809328998874,81988.86171966509,91178.99308929878,6.502659216205122,297.9373600206007,50.63170410167798,1.837764824428283,10,NaN,23,NaN,1.413138378819044,0.1909296756568084,NaN,NaN,1.730213978264443,0,NaN,0,0,0,0,2
143.2,75,100,90,0,37.9279635012701,7.302403056129416,42.67628747759709,100,1,-0,0.0006009225328882979,12.38466701825047,21.90468092909743,82029.00039137751,91228.53049784095,6.503422551813298,297.986425957398,69.91736105291945,1.838256898747211,10,NaN,23,NaN,1.414838529903805,0.1909159287705266,NaN,NaN,1.730688574367699,0,NaN,0,0,0,0,2
143.4,75,100,90,0,37.0824694554455,22.21352912145083,4.267628747759709,100,1,-0,0.0006097779968268999,12.37797504258166,21.93151810708712,82068.96404038442,91277.93435561797,6.503038731430174,297.9490725197063,55.22784305213232,1.838738807600848,10,NaN,23,NaN,1.410129882823167,0.1909504122028462,NaN,NaN,1.731153372089931,0,NaN,0,0,0,0,2
143.6,75,100,90,0,36.39067848817859,6.664058736435248,55.8715406870002,100,1,-0,0.0005977429674166366,12.39468921879156,21.95792676854806,82108.77737292113,91327.15157815645,6.502490337549532,298.0275778415174,86.1162650024994,1.839206803447934,10,NaN,23,NaN,1.402838373254695,0.1910043455336536,NaN,NaN,1.731604756509133,0,NaN,0,0,0,0,2
143.8,75,100,90,0,35.91511397506822,32.11876503294603,5.58715406870002,100,1,-0,0.0006342107857414494,12.34565761638471,21.98567991616553,82148.48248510418,91376.40874911664,6.50081467973917,297.9965336730259,73.89553976115464,1.83969243246208,10,NaN,23,NaN,1.416372388391817,0.1909015977914371,NaN,NaN,1.732073154141709,0,NaN,0,0,0,0,2
144,75,100,90,0,36.11298337660018,21.85390604669207,0.558715406870002,100,1,-0,0.0006203150031402294,12.36006778269701,22.01326411238121,82188.23883725927,91425.70172968217,6.500389776598168,297.9518809836893,56.30878094263878,1.84017675817413,10,798.5557582214844,23,1680.191147924686,1.411824273526646,0.1909348695293913,21.90468092909743,24.72200666969919,1.732540300734635,0,71.08140057699649,0,0,0,0,2
144.2,75,100,90,0,36.47310431464224,6.551572227722588,0.0558715406870002,100,1,-0,0.0006293302204553557,12.35529623620799,22.04106994529369,82228.08210549649,91475.12183701526,6.501105329025693,297.9042831166247,37.55255947025896,1.840656540647384,10,NaN,23,NaN,1.410287086515959,0.1909454992019946,NaN,NaN,1.73300307116387,0,NaN,0,0,0,0,2
144.4,75,100,90,0,36.54726600235162,1.965471668316776,28.81113668801588,100,1,-0,0.0006606516258746114,12.32140660694663,22.06939189658155,82267.94208768134,91524.65581705813,6.499637864527301,297.9242847410142,45.43830451404629,1.841155730213071,10,NaN,23,NaN,1.422867215059265,0.1908498893449054,NaN,NaN,1.733484566812686,0,NaN,0,0,0,0,2
144.6,75,100,90,0,37.21922324275395,0.5896415004950328,0.0001,100,1,-0,0.0006309041694054421,12.3567009506999,22.09659554396047,82307.93862768331,91574.24244813039,6.498109183763697,297.8755167418789,26.20145998184125,1.841640516042578,10,NaN,23,NaN,1.414474603616307,0.1909120855938272,NaN,NaN,1.733952175380894,0,NaN,0,0,0,0,2
144.8,75,100,90,0,38.49586792378489,0.1768924501485098,45.11709896270686,100,1,-0,0.0006357549753009378,12.35759051938956,22.12403027984642,82348.18566089268,91624.11870252868,6.497861670696033,297.9301746374933,47.7725850998815,1.842112608334427,10,NaN,23,NaN,1.410530501969378,0.1909408358183655,NaN,NaN,1.734407545964748,0,NaN,0,0,0,0,2
145,75,100,90,0,39.86711970978999,0.05306773504455296,0.0001,100,1,-0,0.0006278248551839791,12.37112590246372,22.15087933632097,82388.70247445429,91674.23946577849,6.498152987599653,297.8798985421506,27.92055109437626,1.842573187496551,10,NaN,23,NaN,1.409139000704899,0.1909504064840701,NaN,NaN,1.734851816722158,0,NaN,0,0,0,0,2
145.2,75,100,90,0,41.12417710866844,0.01592032051336589,52.82066181135346,100,1,-0,0.0006241078213626901,12.38581443739651,22.17755126699113,82429.46294640675,91724.6064336673,6.499049189739202,297.9499193049651,55.5831608284767,1.843023221390655,10,NaN,23,NaN,1.398745368871999,0.1910277007783725,NaN,NaN,1.735285920853665,0,NaN,0,0,0,0,2
145.4,75,100,90,0,42.02249388406169,0.004776096154009766,0.0001,100,1,-0,0.0006172679757974804,12.40110705489908,22.20394106895613,82470.39586708303,91775.1306421443,6.502311125267582,297.8978635801426,35.00720410115031,1.843460656727975,10,NaN,23,NaN,1.390235752004645,0.1910908378972962,NaN,NaN,1.73570787735075,0,NaN,0,0,0,0,2
145.6,75,100,90,0,41.61021247534243,0.00143282884620293,53.55396821804035,100,1,-0,0.0006241271868055498,12.38638396498736,22.23062978127715,82511.23876791081,91825.60501234469,6.505511452908699,297.9686879164368,63.01620624731491,1.84389311759622,10,NaN,23,NaN,1.39799735536722,0.1910316329446557,NaN,NaN,1.736125040222361,0,NaN,0,0,0,0,2
145.8,75,100,90,0,39.92557243089068,20.99613104186458,5.355396821804035,100,1,-0,0.0006320486911505041,12.36784615616588,22.25779040687795,82551.73434171818,91875.78606240018,6.506629378980719,297.9313127616856,48.22777915172713,1.844329173372415,10,NaN,23,NaN,1.403312930182357,0.1909908092632127,NaN,NaN,1.736545675686883,0,NaN,0,0,0,0,2
146,75,100,90,0,37.80039508953843,6.298839312559375,63.65220920365685,100,1,-0,0.0006372434378674692,12.34877155072181,22.28512849313929,82591.78947756144,91925.54603409434,6.504168210616898,298.0266289160393,85.96123525768729,1.844763887565674,10,NaN,23,NaN,1.416788994097229,0.1908886008949953,NaN,NaN,1.736965021861071,0,NaN,0,0,0,0,2
146.2,75,100,90,0,36.66476083844299,36.887454788419,6.365220920365686,100,1,-0,0.0006289306722493905,12.36044744496193,22.31221078011748,82631.60146833403,91975.05755084865,6.499801059273628,297.9929452450038,72.61987736777819,1.845190268900076,10,NaN,23,NaN,1.407187603040005,0.1909599925265716,NaN,NaN,1.737376334463929,0,NaN,0,0,0,0,2
146.4,75,100,90,0,37.27078564663369,25.55030147499996,0.6365220920365686,100,1,-0,0.0006127981888339693,12.37547358535211,22.33890486819317,82671.54790637069,92024.66656653042,6.496862922070108,297.9434784913868,53.01728622524696,1.845598065861135,10,NaN,23,NaN,1.404209904186913,0.1909815943809837,NaN,NaN,1.737769723841928,0,NaN,0,0,0,0,2
146.6,75,100,90,0,39.04127902431941,7.665090442499988,43.27371152388456,100,1,-0,0.000589734030528561,12.41113700159152,22.36466702224185,82711.84565162154,92074.56800689532,6.496652204227672,297.9881785504981,70.73983927164119,1.845979055423877,10,NaN,23,NaN,1.391139227976363,0.1910791420259792,NaN,NaN,1.738137256785232,0,NaN,0,0,0,0,2
146.8,75,100,90,0,40.89168644872246,21.33805491504218,4.327371152388457,100,1,-0,0.0005744496925279598,12.41745503520097,22.3896303588519,82752.51010893911,92124.78479914018,6.498533279837981,297.9426453891301,52.67769768857448,1.846332420286118,10,NaN,23,NaN,1.405674537560323,0.1909691502865093,NaN,NaN,1.738478144062378,0,NaN,0,0,0,0,2
147,75,100,90,0,41.99153028843231,6.401416474512653,57.6439402772756,100,1,-0,0.0005618307631794922,12.42485855659457,22.41417026701179,82793.38509280184,92175.18455865922,6.502410571212503,298.0157920193048,81.70827808985835,1.846663439041298,10,NaN,23,NaN,1.41328860481615,0.1909112374806762,NaN,NaN,1.738797477193504,0,NaN,0,0,0,0,2
147.2,75,100,90,0,41.54060372967554,29.82770468743332,5.764394027727561,100,1,-0,0.0005295032167511102,12.46658549989011,22.43745607049863,82834.16129814688,92225.37328953628,6.505893249158202,297.9671264756149,62.38388919846943,1.846959435691897,10,NaN,23,NaN,1.399536930696768,0.1910140878371578,NaN,NaN,1.739083026948519,0,NaN,0,0,0,0,2
147.4,75,100,90,0,39.70428821513132,13.08169311204459,0.5764394027727561,100,1,-0,0.0005497016419307647,12.4429708030584,22.46160315134735,82874.58797146531,92275.30872859561,6.505748232811588,297.9103721910805,39.83611537994169,1.847252858942048,10,NaN,23,NaN,1.398090477778213,0.1910243939503222,NaN,NaN,1.739366096344728,0,NaN,0,0,0,0,2
147.6,75,100,90,0,37.93661531353912,3.924507933613376,35.86715433382288,100,1,-0,0.0005257783245908432,12.46394953872318,22.4851532124714,82914.66440548017,92324.82280359196,6.504216045981792,297.9322167406127,48.51901518192971,1.847530013819698,10,NaN,23,NaN,1.392071608412361,0.1910691123329811,NaN,NaN,1.739633473447319,0,NaN,0,0,0,0,2
147.8,75,100,90,0,36.77475844131483,1.177352380084013,0.0001,100,1,-0,0.0005098457803063644,12.47147124116317,22.50808392993999,82954.51287254565,92374.06968501305,6.50308877779969,297.8711046285093,24.21562151365043,1.847782725421175,10,NaN,23,NaN,1.394906705884154,0.191047303097388,NaN,NaN,1.739877271326405,0,NaN,0,0,0,0,2
148,75,100,90,0,36.05804176322061,0.3532057140252038,50.75119769229979,100,1,-0,0.0005160933790826228,12.47740492527638,22.53116219358304,82994.21557259219,92423.21455933784,6.501800387931478,297.9260179015755,46.06461364036402,1.848031042311451,10,NaN,23,NaN,1.380223093847066,0.1911572141318689,NaN,NaN,1.740116831100175,0,NaN,0,0,0,0,2
148.2,75,100,90,0,35.8585052512143,0.1059617142075611,0.0001,100,1,-0,0.0004448638541384836,12.55988344246875,22.55229823685798,83033.87697455083,92472.10644315278,6.503633734641308,297.8603267303418,19.91436251842087,1.84822676786788,10,NaN,23,NaN,1.350024873299164,0.1913837719397678,NaN,NaN,1.740305655334067,0,NaN,0,0,0,0,2
148.4,75,100,90,0,34.9148751699044,0.03178851426226834,61.4762852825052,100,1,-0,0.0004315054030782313,12.56706412299867,22.5731094970442,83073.34445414225,92520.78031912963,6.505462982393001,297.9339548881281,49.23851004298182,1.84838238464752,10,NaN,23,NaN,1.347802824272534,0.1914001619844281,NaN,NaN,1.740455785735341,0,NaN,0,0,0,0,2
148.6,75,100,90,0,33.2495489895498,0.0095365542786805,0.0001,100,1,-0,0.0004203928484330417,12.58387160010197,22.59368782797026,83112.47383462045,92569.09294843735,6.505455744308002,297.867805448393,22.88011545857958,1.848516962748022,10,NaN,23,NaN,1.335493870250353,0.1914923595208454,NaN,NaN,1.740585619691274,0,NaN,0,0,0,0,2
148.8,75,100,90,0,31.59312860007308,0.00286096628360415,64.70031824282178,100,1,-0,0.0004236073261040225,12.57250210776829,22.6143001496074,83151.26540279976,92617.08780514718,6.50504033636257,297.9485365684803,55.06434035046289,1.848641600559115,10,NaN,23,NaN,1.342240269278461,0.1914414428305617,NaN,NaN,1.740705864186701,0,NaN,0,0,0,0,2
149,75,100,90,0,30.09833343123412,0.0008582898850812449,0.0001,100,1,-0,0.00041777482327604,12.57143965373172,22.63492987969811,83189.75162080867,92664.78504844569,6.503763436157795,297.8823321919465,28.65870888614094,1.848756624341753,10,NaN,23,NaN,1.343873134939716,0.1914289527436554,NaN,NaN,1.740816833888537,0,NaN,0,0,0,0,2
149.2,75,100,90,0,29.1158178953626,0.0002574869655243735,63.5785128825511,100,1,-0,0.0004168974160817896,12.56546840690835,22.65542621160132,83228.03541700046,92712.28917724729,6.503185122153982,297.9602740766857,59.76059376256948,1.848864218708144,10,NaN,23,NaN,1.349849061168635,0.1913838498241011,NaN,NaN,1.740920636335211,0,NaN,0,0,0,0,2
149.4,75,100,90,0,28.35957982304692,22.97419774397775,6.357851288255111,100,1,-0,0.0003934482906325389,12.58625362368024,22.67528254556575,83266.15929576445,92759.5795207006,6.503273324144749,297.9083656834721,39.03729792277881,1.848949970995478,10,NaN,23,NaN,1.346106674682281,0.1914117971959056,NaN,NaN,1.741003366689893,0,NaN,0,0,0,0,2
149.6,75,100,90,0,27.56811025780527,6.892259323193326,76.35905019840033,100,1,-0,0.000338667649292935,12.66372627571649,22.69363420633531,83304.11027464247,92806.54714478193,6.503418183254158,298.0145783021772,81.46017746509656,1.848986020526076,10,NaN,23,NaN,1.305626634085035,0.1917157041971657,NaN,NaN,1.741038145882033,0,NaN,0,0,0,0,2
149.8,75,100,90,0,26.72064406463385,40.48863885574507,7.635905019840033,100,1,-0,0.0003371043458522284,12.6638930314785,22.71196757060425,83341.87753420396,92853.35409115424,6.503124011550307,297.9616009876866,60.29042066458415,1.848998367118814,10,NaN,23,NaN,1.299192565542476,0.1917639739690273,NaN,NaN,1.741050057404597,0,NaN,0,0,0,0,2
150,75,100,90,0,25.99246787684976,21.96155704784844,0.7635905019840034,100,1,-0,0.000323014063757578,12.6682058928619,22.73011241090285,83379.51992381371,92900.01895793376,6.50281094093051,297.8961503271176,34.12417505924236,1.848995247777513,10,NaN,23,NaN,1.302566886862797,0.1917386532641809,NaN,NaN,1.741047047982513,0,NaN,0,0,0,0,2
150.2,75,100,90,0,25.38817702682649,6.588467114354533,49.12236117238565,0,0.9,-4000,0.0003644346273238193,11.4218188622573,22.75428126334364,82699.81166531458,92126.65145291669,6.52980932642229,297.9622612977911,60.45270999700581,1.838983225831882,10,NaN,23,NaN,1.39628258635371,0.1910540841046722,NaN,NaN,1.731389114040084,0,NaN,0,0,0,0,2
150.4,75,100,90,0,13.89488992751398,25.99326921790629,4.912236117238566,0,0.9,-4000,0.0003668863263077937,11.35779924910502,22.77933121519176,82017.87451655204,91351.010047762,6.539212351763906,297.9300396169878,47.72508047531613,1.824101423312132,10,NaN,23,NaN,1.42085011225825,0.1908982265577848,NaN,NaN,1.717038370860961,0,NaN,0,0,0,0,2
150.6,75,100,90,0,0,7.797980765371888,66.17959272973047,0,0.9,-4000,0.000391932451021264,11.27878014720997,22.80580820040445,81333.22018219443,90572.65889144632,6.523800683106144,298.0441181123271,92.41250025689781,1.808919306356968,10,NaN,23,NaN,1.423187895220731,0.1909101529813314,NaN,NaN,1.702403873477929,0,NaN,0,0,0,0,2
150.8,75,100,90,0,0,44.77320990047856,6.617959272973048,0,0.9,-4000,0.0003843008714803581,11.27827818311993,22.83186450330953,80648.62673303967,89794.27986927736,6.509368471470153,298.0209700231404,83.42034059266143,1.793720522631738,10,NaN,23,NaN,1.406885120703074,0.1910624030432543,NaN,NaN,1.687759218616615,0,NaN,0,0,0,0,2
151,75,100,90,0,0,37.58595962829047,0.6617959272973049,0,0.9,-4000,0.0003944338482534319,11.25441615866095,22.85820895437183,79964.12424920883,89015.95424669168,6.495383855135763,297.9832498076691,68.89108041927483,1.77852220064051,10,NaN,23,NaN,1.401142952842406,0.1911351865760817,NaN,NaN,1.673120916285487,0,NaN,0,0,0,0,2
151.2,75,100,90,0,2.366144410036251,25.53247182736696,0.06617959272973049,0,0.9,-4000,0.0004236621270090051,11.2313525843821,22.88512801018284,79280.18874636102,88238.21076833787,6.48522442313725,297.9460758928394,54.69387719278856,1.763341817783971,10,NaN,23,NaN,1.387397187114166,0.1912681728252951,NaN,NaN,1.658505785709808,0,NaN,0,0,0,0,2
151.4,75,100,90,0,8.784947319821239,7.659741548210088,38.03941384059895,0,0.9,-4000,0.0004217554379985921,11.24341026664175,22.91188447052352,78597.61330135875,87461.76730751785,6.48535679561214,297.9971692253624,74.03953365675167,1.748167365968585,10,NaN,23,NaN,1.369496801312595,0.1914324099859082,NaN,NaN,1.643902248584936,0,NaN,0,0,0,0,2
151.6,75,100,90,0,15.12928471085233,23.54359161136713,3.803941384059895,0,0.9,-4000,0.0004637304615233481,11.2250731541368,22.93940321645156,77916.38141074874,86686.72474366502,6.494473606165004,297.9678171960751,63.02119820099922,1.73301467525593,10,NaN,23,NaN,1.353094764646398,0.1915853299249721,NaN,NaN,1.62932551986526,0,NaN,0,0,0,0,2
151.8,75,100,90,0,17.83036269815711,12.92778746442309,0.3803941384059896,0,0.9,-4000,0.0004804899870164304,11.20515396218678,22.96712954838894,77235.78196644096,85912.28124599518,6.508151534867778,297.9294472288634,48.74319121013533,1.71787923980042,10,NaN,23,NaN,1.350484896728508,0.1916344727577437,NaN,NaN,1.614771238916449,0,NaN,0,0,0,0,2
152,75,100,90,0,15.07405893866985,3.878336239326926,31.21132453344159,0,0.9,-4000,0.0005309200856515848,11.1310159065351,22.99635082127478,76554.71033301977,85137.43425889367,6.516099881351536,297.9692985336939,63.44256179297995,1.702774262413999,10,NaN,23,NaN,1.362411040354756,0.191574182331136,NaN,NaN,1.600252070575806,0,NaN,0,0,0,0,2
152.2,75,100,90,0,9.171805193437493,15.26908224231746,3.12113245334416,0,0.9,-0,0.0005183939259449809,11.10730707443293,23.02602947900718,76569.59453395171,85161.42428098241,6.486809830174436,297.9430722756959,53.81030401417416,1.698035230518019,10,NaN,23,NaN,1.366841094342264,0.1915500759718914,NaN,NaN,1.595698028772106,0,NaN,0,0,0,0,2
152.4,75,100,90,0,15.08937920027204,4.580724672695239,44.48533071017025,0,0.9,-0,0.0005272579997958503,11.09772838748909,23.05549805734741,76585.65211800266,85186.62362913082,6.468432054790375,298.0157696522907,80.5163574654905,1.697900017173545,10,NaN,23,NaN,1.387209122214082,0.1913970050088991,NaN,NaN,1.595568101934334,0,NaN,0,0,0,0,2
152.6,75,100,90,0,28.2031082236151,27.7232268714689,4.448533071017025,0,0.9,-0,0.0005249484861617306,11.14210161344802,23.08413901479122,76604.32251270951,85214.45392062762,6.469790694543341,297.9878093976661,70.24229736543315,1.697995181690095,10,NaN,23,NaN,1.379520520079117,0.191454707923168,NaN,NaN,1.595659545705554,0,NaN,0,0,0,0,2
152.8,75,100,90,0,40.74356518666006,18.1230706624445,0.4448533071017025,0,0.9,-0,0.0005372416795919571,11.17535540315022,23.11216046905714,76625.5125689985,85244.82285200513,6.487259254205891,297.9448854106673,54.46527362410093,1.698097989849341,10,NaN,23,NaN,1.369475721318285,0.1915301230851366,NaN,NaN,1.595758334527391,0,NaN,0,0,0,0,2
153,75,100,90,0,46.30691427582003,5.436921198733351,35.03312097251531,0,0.9,-0,0.0005923834954825877,11.13373608618736,23.1417793206726,76647.8130969132,85276.4226148452,6.50835762522655,297.9886407127754,70.5528034487389,1.698225773655874,10,NaN,23,NaN,1.38155588586867,0.1914389352193412,NaN,NaN,1.595881122936258,0,NaN,0,0,0,0,2
153.2,75,100,90,0,43.47056091917251,18.78763322855513,3.503312097251531,0,0.9,-0,0.0005892948702468964,11.10224729541244,23.17171428086453,76669.54222459106,85307.40253208022,6.525068693553387,297.9562966151036,58.65712777087001,1.69836023113916,10,NaN,23,NaN,1.405083982015467,0.1912614952438892,NaN,NaN,1.596010324579924,0,NaN,0,0,0,0,2
153.4,75,100,90,0,33.97578598097169,6.874781495032572,0.3503312097251531,0,0.9,-0,0.0005645496403327694,11.06447245460136,23.20150918134564,76689.38407968436,85336.38912227502,6.530593037512371,297.9165479255489,44.03378731360707,1.69847635979807,10,NaN,23,NaN,1.43270588602025,0.1910531617902519,NaN,NaN,1.596121914229616,0,NaN,0,0,0,0,2
153.6,75,100,90,0,22.29392654648385,2.062434448509772,27.40377883370805,0,0.9,-0,0.000567459679137519,11.00952591148399,23.23178038067228,76706.8897244369,85362.99372260597,6.518808210790638,297.9460154195645,54.87765065475551,1.698581664273872,10,NaN,23,NaN,1.454480195418046,0.1908888293105544,NaN,NaN,1.596223103067723,0,NaN,0,0,0,0,2
153.8,75,100,90,0,15.34697436254459,0.6187303345529315,0.0001,0,0.9,-0,0.0005317403634450702,11.01876806813084,23.26159811052521,76723.0061034598,85388.07479812557,6.498034641562339,297.907791074717,40.80786775909309,1.698662465273488,10,NaN,23,NaN,1.444348986241061,0.1909650466354587,NaN,NaN,1.596300746295912,0,NaN,0,0,0,0,2
154,75,100,90,0,16.68354359916831,0.1856191003658794,37.89469234933897,0,0.9,-0,0.0005683284488200025,11.00137005313897,23.29251469620229,76739.38490167104,85413.47994985379,6.480236519887443,297.9642088410653,61.57933816083904,1.698747384022836,10,NaN,23,NaN,1.433090921804762,0.1910497333616062,NaN,NaN,1.596382346527987,0,NaN,0,0,0,0,2
154.2,75,100,90,0,25.10083806175422,16.47859637879754,3.789469234933898,0,0.9,-0,0.0005880662437283239,11.00485299838744,23.32381674525179,76757.43987421543,85440.59031262138,6.474447527207221,297.9384026629401,52.07582599572589,1.698846298927008,10,NaN,23,NaN,1.433280199139995,0.1910481146933374,NaN,NaN,1.596477396194542,0,NaN,0,0,0,0,2
154.4,75,100,90,0,35.80386108549744,4.943578913639263,50.64435881545798,0,0.9,-0,0.0006240522151190554,11.02036216975574,23.35560255503513,76777.62226300662,85469.88224265844,6.480643326867518,298.0245908951675,83.82477508259808,1.69896245600311,10,NaN,23,NaN,1.420459920117426,0.1911444930000877,NaN,NaN,1.596589014589443,0,NaN,0,0,0,0,2
154.6,75,100,90,0,44.02768333902789,32.56216522830862,5.064435881545798,0,0.9,-0,0.0006201652049684121,11.04380523269045,23.38680245049211,76799.43604291434,85500.74551372581,6.494583394849381,298.0000205069712,74.77113228360329,1.699078924926216,10,NaN,23,NaN,1.420895297754392,0.1911409862379175,NaN,NaN,1.596700932991544,0,NaN,0,0,0,0,2
154.8,75,100,90,0,46.68842853520785,24.36112812765835,0.5064435881545798,0,0.9,-0,0.0006334172286716638,11.05973566286262,23.41828185487027,76821.79156858446,85532.14285277411,6.510130023532748,297.9628622440032,61.07482870271728,1.69919414533222,10,NaN,23,NaN,1.398477183821252,0.191309632754073,NaN,NaN,1.596811651997091,0,NaN,0,0,0,0,2
155,75,100,90,0,43.15003439756901,11.72657432659926,0.05064435881545798,0,0.9,-0,0.0005937043656275948,11.06799964555928,23.44875623269485,76843.45204662695,85562.70690124847,6.521327614349139,297.9220872054588,46.04069661625252,1.699289497185377,10,NaN,23,NaN,1.400928357847733,0.1912909865718942,NaN,NaN,1.596903278924996,0,NaN,0,0,0,0,2
155.2,75,100,90,0,35.15200977182243,3.517972297979777,30.25207905620314,0,0.9,-0,0.00061934639230215,11.0178267154067,23.48036414967096,76863.51208529384,85591.69225120833,6.522250960935263,297.9571886694104,58.98679852160268,1.699383003771784,10,NaN,23,NaN,1.408158145809936,0.1912363496950564,NaN,NaN,1.596993132896596,0,NaN,0,0,0,0,2
155.4,75,100,90,0,26.80442911152701,13.01206035507047,3.025207905620314,0,0.9,-0,0.000654796742075465,10.92798162502544,23.51370942915506,76881.89913853462,85619.07464562097,6.512695268584324,297.9313526566573,49.45532908024628,1.699494351314893,10,NaN,23,NaN,1.447404501195501,0.1909403982858746,NaN,NaN,1.597100131200524,0,NaN,0,0,0,0,2
155.6,75,100,90,0,22.2806190577839,3.903618106521141,43.26769883740948,0,0.9,-0,0.0006329980693781966,10.94159878883542,23.54651261174469,76899.3713008115,85645.44140025081,6.498311657819582,298.0022245666431,75.60841531346358,1.699600171211472,10,NaN,23,NaN,1.432630162978558,0.1910515482669253,NaN,NaN,1.5972018180608,0,NaN,0,0,0,0,2
155.8,75,100,90,0,23.49255595773642,25.97392177191414,4.326769883740948,0,0.9,-0,0.0006201400314669733,10.94481331680053,23.57879537106733,76917.07541105174,85671.9766249949,6.487057159705889,297.9786051314501,66.89014607416996,1.699692071017699,10,NaN,23,NaN,1.43706976064331,0.1910179113270865,NaN,NaN,1.597290128742968,0,NaN,0,0,0,0,2
156,75,100,90,0,29.18057927474636,17.37709855453877,0.4326769883740948,0,0.9,-0,0.0006246202275172151,10.96044392148525,23.6109691245181,76935.92648087266,85699.63413430912,6.485124521831943,297.9435985719728,53.96529655540557,1.699777753786081,10,877.8599374536939,23,1777.294771530864,1.431377539844373,0.191060642803951,23.48036414967096,24.61988314347035,1.597372465386025,0,80.01955235390334,0,0,0,0,2
156.2,75,100,90,0,35.62109520023194,5.213129566361629,33.25449320489601,0,0.9,-0,0.0006228019774848209,10.98268559082964,23.64288527697331,76956.0625681348,85728.54232968845,6.49233281972341,297.9854921933993,69.43729472679757,1.699857685165578,10,NaN,23,NaN,1.424032422506648,0.1911158351452717,NaN,NaN,1.597449275414911,0,NaN,0,0,0,0,2
156.4,75,100,90,0,39.1781396525872,17.81392460355787,3.325449320489601,0,0.9,-0,0.0006494003267922816,10.97232969312347,23.67557377143265,76976.90599599299,85758.19619185585,6.501762079630283,297.9555697086215,58.38318295988388,1.699942259613148,10,NaN,23,NaN,1.422920263186037,0.1911240504931447,NaN,NaN,1.597530547375575,0,NaN,0,0,0,0,2
156.6,75,100,90,0,38.98544638123212,6.632422446977387,0.3325449320489601,0,0.9,-0,0.0006305198582178092,10.98529976632718,23.70771969896178,76997.72203115922,85787.74050572305,6.510691603460505,297.9160535423709,43.78057500164937,1.700019256597133,10,NaN,23,NaN,1.417090265274378,0.1911678250922555,NaN,NaN,1.597604537918101,0,NaN,0,0,0,0,2
156.8,75,100,90,0,35.22968979056893,1.989726734093216,27.79594265350835,0,0.9,-0,0.0006343487790691405,10.95715558955082,23.74027220325817,77017.78701425786,85816.51572646694,6.514632976738145,297.9449603739046,54.4658105618233,1.70009215136467,10,NaN,23,NaN,1.425649669977601,0.1911031935346964,NaN,NaN,1.597674586559455,0,NaN,0,0,0,0,2
157,75,100,90,0,29.91214586721689,0.5969180202279647,0.0001,0,0.9,-0,0.0006251264105870697,10.94542148179207,23.77291529916581,77036.7885390515,85844.17189317719,6.51270454950931,297.9066051627554,40.28406118873107,1.700158209618765,10,NaN,23,NaN,1.422877671802533,0.1911239515319327,NaN,NaN,1.597738065731299,0,NaN,0,0,0,0,2
157.2,75,100,90,0,25.36926369929179,0.1790754060683894,38.00915669731722,0,0.9,-0,0.0006842569291251719,10.88818244682433,23.8072260770112,77054.87602238111,85871.02096526288,6.504109282375236,297.9649910878242,61.87796441214943,1.700243161652557,10,NaN,23,NaN,1.427826638469028,0.1910864962027277,NaN,NaN,1.597819701185082,0,NaN,0,0,0,0,2
157.4,75,100,90,0,24.26757225826497,17.10757724173757,3.800915669731722,0,0.9,-0,0.0006984928512652854,10.87219266822897,23.8421502169632,77072.73474305101,85897.65316140853,6.494090149459908,297.9427526239855,53.65095204394616,1.700343639216275,10,NaN,23,NaN,1.424539853764573,0.1911110669683244,NaN,NaN,1.597916256279881,0,NaN,0,0,0,0,2
157.6,75,100,90,0,27.15687037543486,5.132273172521271,49.82507286343403,0,0.9,-0,0.0007223790724995818,10.85411454479591,23.87728886662943,77091.15700437631,85924.879897149,6.488033708169661,298.0315688978279,86.51690934235944,1.700455784139423,10,NaN,23,NaN,1.435342438373807,0.1910294452008166,NaN,NaN,1.598024023564555,0,NaN,0,0,0,0,2
157.8,75,100,90,0,32.4511910096733,33.79389952638913,4.982507286343403,0,0.9,-0,0.0007680977695588137,10.83516828897407,23.91345243714279,77110.6226391128,85953.24879621035,6.488174457605659,298.0165983722212,80.97560503813948,1.7005896502578,10,NaN,23,NaN,1.437269250492528,0.1910146636677791,NaN,NaN,1.598152664565324,0,NaN,0,0,0,0,2
158,75,100,90,0,37.68156569713083,29.14677980680008,0.4982507286343403,0,0.9,-0,0.0008650085868325243,10.76218745285274,23.95226372594481,77131.13998682488,85982.89451230463,6.4928571750864,297.9918726612646,71.82078929526757,1.700767965272759,10,NaN,23,NaN,1.464369805878971,0.1908100182464912,NaN,NaN,1.598324020224276,0,NaN,0,0,0,0,2
158.2,75,100,90,0,41.04378674742905,21.35112742711595,0.04982507286343404,0,0.9,-0,0.0008552287203840974,10.78626394793021,23.99044659623781,77152.33789883881,86013.15754324387,6.501712755669518,297.9634357162276,61.28865245388351,1.700956567463396,10,NaN,23,NaN,1.456380214104838,0.1908698929338166,NaN,NaN,1.598505262448286,0,NaN,0,0,0,0,2
158.4,75,100,90,0,40.86462287124777,11.42104901896058,0.004982507286343404,0,0.9,-0,0.0008874092374786807,10.74825336201065,24.02965586435127,77173.50867987149,86043.46258707519,6.509064057914622,297.9355747718723,50.96665715683617,1.701154136698531,10,NaN,23,NaN,1.468578630417602,0.1907775308734857,NaN,NaN,1.598695122761149,0,NaN,0,0,0,0,2
158.6,75,100,90,0,37.76322529190102,3.426314705688174,25.55514169186491,0,0.9,-0,0.0008918039236036461,10.73682075826018,24.06911756982948,77194.05587161357,86073.13850486069,6.513601265833601,297.9704450363654,63.88946236610243,1.701356549389486,10,NaN,23,NaN,1.464231069019515,0.1908099218746551,NaN,NaN,1.598889638575415,0,NaN,0,0,0,0,2
158.8,75,100,90,0,32.85136108367075,13.24956698369035,2.555514169186491,0,0.9,-0,0.0009118288983090247,10.71613487547593,24.10924286853368,77213.61584154998,86101.84781377949,6.510501478403812,297.9520969815667,57.08773543823089,1.701565194030387,10,NaN,23,NaN,1.452093568698686,0.1909010280821338,NaN,NaN,1.599090144300754,0,NaN,0,0,0,0,2
159,75,100,90,0,29.19545609025631,5.549649958140026,0.2555514169186491,0,0.9,-0,0.000876373875405473,10.72419049165367,24.14860289671705,77232.45121165506,86129.71451248837,6.502013044022827,297.926411145878,47.5631276979877,1.701760478998912,10,NaN,23,NaN,1.448732689958863,0.1909259845316748,NaN,NaN,1.599277812499687,0,NaN,0,0,0,0,2
159.2,75,100,90,0,28.92816122611982,1.664894987442008,23.38615778945068,0,0.9,-0,0.0009197354916866152,10.68372737200602,24.18904799177937,77251.23005933299,86157.61090784559,6.49355744000711,297.9591755741843,59.71595899085543,1.701961795442869,10,NaN,23,NaN,1.460525195840702,0.1908366897386014,NaN,NaN,1.599471277943627,0,NaN,0,0,0,0,2
159.4,75,100,90,0,32.02575661442827,10.40168449118002,2.338615778945068,0,0.9,-0,0.0008895910197780894,10.69167141029127,24.22889030144884,77270.62431354215,86186.04451807973,6.490552420603479,297.9390290143766,52.2411717970271,1.702155276647279,10,NaN,23,NaN,1.474660677316934,0.19072972053825,NaN,NaN,1.599657214682416,0,NaN,0,0,0,0,2
159.6,75,100,90,0,36.30758690383018,3.120505347354005,36.83095663473384,0,0.9,-0,0.0008704142337257688,10.71795297450802,24.26815367724933,77290.86537999338,86215.26179263278,6.493440282533909,298.0001162796624,74.91242851500826,1.702331180150271,10,NaN,23,NaN,1.467876614096215,0.1907805403336344,NaN,NaN,1.59982625995987,0,NaN,0,0,0,0,2
159.8,75,100,90,0,39.43238564104323,22.06029910866528,3.683095663473384,0,0.9,-0,0.0008685042360016546,10.7218872570277,24.30664839659197,77311.72174491313,86245.04531847524,6.500133932066094,297.9803844034902,67.58715730688,1.70249741506504,10,NaN,23,NaN,1.476847472596936,0.1907125638741229,NaN,NaN,1.599986014338237,0,NaN,0,0,0,0,2
160,75,100,90,0,39.8860988023176,14.7990078269485,0.3683095663473384,0,0.9,-0,0.0008820450368238886,10.70112491382973,24.3454239498841,77332.67609753566,86274.93849060347,6.50739875863297,297.9517754577888,56.96311880894658,1.70266500865965,10,NaN,23,NaN,1.488767616908401,0.1906223250961523,NaN,NaN,1.600147075142308,0,NaN,0,0,0,0,2
160.2,75,100,80,0,37.44418639649324,4.341325762133529,0.03683095663473384,400,0.9,-0,0.0006946171593486083,12.45861293687176,24.35440439425192,77431.15602962227,86381.85710100541,6.51426798466828,297.8778729994222,29.49769313302014,1.702759401132993,10,NaN,23,NaN,1.034084482541695,0.194037417164251,NaN,NaN,1.600237788516541,0,NaN,0,0,0,0,2
160.4,75,100,80,0,32.25770891279922,1.302397728640059,43.78522696234592,400,0.9,-0,0.0007364233942792256,12.40725556627714,24.36489404397701,77528.59756458551,86487.82806353648,6.51391834741101,297.910535204524,41.6516154208775,1.702832043787997,10,NaN,23,NaN,1.016243854254108,0.1941706803449564,NaN,NaN,1.600307599961353,0,NaN,0,0,0,0,2
160.6,75,100,80,0,27.23349828191222,0.3907193185920176,0.0001,400,0.9,-0,0.0006895378862276057,12.43319658292559,24.37460515018666,77625.03325605145,86592.6606726629,6.507475839972426,297.8369896801521,14.2507014912612,1.702890242974061,10,NaN,23,NaN,1.010404059715683,0.1942142236917876,NaN,NaN,1.600363530961049,0,NaN,0,0,0,0,2
160.8,75,100,80,0,24.78317487811703,0.1172157955776053,63.2219918751854,400,0.9,-0,0.0006855727198302404,12.45541882465714,24.38434766355249,77720.96895476068,86696.96119118846,6.497686219367131,297.916781508966,44.01526966600072,1.702935963262254,10,NaN,23,NaN,0.9917450552459183,0.1943535956469115,NaN,NaN,1.600407469461251,0,NaN,0,0,0,0,2
161,75,100,80,0,26.24018106304636,0.03516473867328158,0.0001,400,0.9,-0,0.000705482604647655,12.45558220271572,24.39465593089614,77817.18623300138,86801.58221399263,6.490050780244562,297.8432548875502,16.55419744449138,1.702983734162287,10,NaN,23,NaN,0.9950565043913205,0.1943287541670628,NaN,NaN,1.600453378714795,0,NaN,0,0,0,0,2
161.2,75,100,80,0,30.73358641960649,0.01054942160198447,73.39013085684734,400,0.9,-0,0.0007372076810431166,12.46286568644629,24.40559300121842,77914.28762126651,86907.14954473582,6.488018756717945,297.9471291524787,55.39738826673278,1.703043337040916,10,NaN,23,NaN,0.9950584449644543,0.1943286218321861,NaN,NaN,1.600510658932686,0,NaN,0,0,0,0,2
161.4,75,100,80,0,36.02831536440374,0.003164826480595342,0.0001,400,0.9,-0,0.0007658829321560173,12.4626370415241,24.41727422379616,78012.4334354045,87013.83118685597,6.491312892236628,297.873476327337,27.82109664136084,1.70311641939965,10,NaN,23,NaN,1.005082753008208,0.1942535546103022,NaN,NaN,1.600580893473257,0,NaN,0,0,0,0,2
161.6,75,100,80,0,40.00585122996595,0.0009494479441786026,73.37231313371689,400,0.9,-0,0.0007595601634345192,12.49248310649237,24.42862894739668,78111.36014761364,87121.26319630277,6.498331914324568,297.9766106739561,66.48388737455629,1.703189694756724,10,NaN,23,NaN,1.002761607455144,0.1942707595456704,NaN,NaN,1.600651313628215,0,NaN,0,0,0,0,2
161.8,75,100,80,0,41.18060434134995,31.39005749524463,7.337231313371689,400,0.9,-0,0.0007622134394274394,12.50437290228676,24.4398828902314,78210.50365075476,87228.89949673187,6.507491684762345,297.9219113299689,45.95252452019295,1.703258989536117,10,NaN,23,NaN,1.006482612676629,0.1942428090470412,NaN,NaN,1.600717908436105,0,NaN,0,0,0,0,2
162,75,100,80,0,38.69634726005764,9.417017248573389,89.20118135244527,400,0.9,-0,0.0007714302779102221,12.49700602525017,24.45156480929057,78309.12477431119,87336.01948558116,6.514708266276434,298.0626191000459,98.83328937527195,1.703330107839294,10,NaN,23,NaN,1.012330409055184,0.1941989538210631,NaN,NaN,1.600786255844046,0,NaN,0,0,0,0,2
162.2,75,100,80,0,33.33868162751891,55.44311787888489,8.920118135244527,400,0.9,-0,0.0007776329853458714,12.48773449412657,24.46385311487035,78406.64793906131,87442.05179850354,6.515215504977117,298.0136531936816,80.40805817416013,1.703403846767638,10,NaN,23,NaN,1.011428823480124,0.1942055481743621,NaN,NaN,1.600857121909065,0,NaN,0,0,0,0,2
162.4,75,100,80,0,27.79390895457878,39.84278815936804,0.8920118135244528,400,0.9,-0,0.0007957899192370934,12.45571778118743,24.47685953958086,78503.07594973325,87547.01739786209,6.508987906552476,297.944739443639,54.44486353806446,1.703483465311157,10,NaN,23,NaN,1.031440779572583,0.194055759363016,NaN,NaN,1.600933638675471,0,NaN,0,0,0,0,2
162.6,75,100,80,0,24.74079602026337,11.95283644781041,59.32754785331483,400,0.9,-0,0.0007973669502182844,12.44898919685491,24.48998330572741,78598.88452626226,87651.35087415086,6.499379681838124,298.0137676065406,80.48278866176284,1.703565626158654,10,NaN,23,NaN,1.042967149993791,0.1939693875765628,NaN,NaN,1.601012598872225,0,NaN,0,0,0,0,2
162.8,75,100,80,0,25.520509947118,34.21213491065983,5.932754785331483,400,0.9,-0,0.0008107571722005328,12.44521088888193,24.50359398872437,78694.8382186418,87755.85939758045,6.491669345161094,297.9559775475508,58.65752408362062,1.703652561927405,10,NaN,23,NaN,1.051856357919318,0.1939027178508239,NaN,NaN,1.601096148166151,0,NaN,0,0,0,0,2
163,75,100,80,0,29.36731546789501,14.27313858269655,0.5932754785331483,400,0.9,-0,0.0008031819626164154,12.48652054764945,24.51633809470028,78791.57735357738,87861.09060953782,6.489048293605841,297.8847156633226,31.71168340570136,1.703735094818929,10,NaN,23,NaN,1.043891892560271,0.1939621358983159,NaN,NaN,1.601175466269696,0,NaN,0,0,0,0,2
163.2,75,100,80,0,34.25192199729321,4.281941574808964,44.2610564392072,400,0.9,-0,0.0008007165702492173,12.52850623602023,24.52851380257848,78889.2919919445,87967.25941128418,6.492414746397297,297.9174220181469,44.0938939193431,1.70381004799398,10,NaN,23,NaN,1.031061411406398,0.1940579517218574,NaN,NaN,1.601247500049256,0,NaN,0,0,0,0,2
163.4,75,100,80,0,37.78659410824163,1.284582472442689,0.0001,400,0.9,-0,0.0008412577587902635,12.51048729387335,24.54158503714791,78987.71249921256,88074.21461642794,6.498581308784545,297.8443333747699,16.38928938018444,1.703893606671456,10,NaN,23,NaN,1.051433087680573,0.1939054089940598,NaN,NaN,1.60132780431923,0,NaN,0,0,0,0,2
163.6,75,100,80,0,38.86461691872603,0.3853747417328067,62.5210892376633,400,0.9,-0,0.0008314929406816412,12.5389684688625,24.55416871719958,79086.3391045298,88181.33402458423,6.505197086723878,297.9202667190951,45.20783483850379,1.703977526100986,10,NaN,23,NaN,1.045795042716112,0.1939474212233245,NaN,NaN,1.601408455469943,0,NaN,0,0,0,0,2
163.8,75,100,80,0,37.30381547717311,0.115612422519842,0.0001,400,0.9,-0,0.0008291688626779641,12.55670710523406,24.56674628925735,79184.64414743221,88288.11433116012,6.508331644770742,297.8471779780302,17.43457426858596,1.704056509866503,10,NaN,23,NaN,1.034822674934313,0.1940293358165445,NaN,NaN,1.601484363342199,0,NaN,0,0,0,0,2
164,75,100,80,0,34.50204670788855,0.0346837267559526,71.58997521726262,400,0.9,-0,0.0008325096456431392,12.54527861619903,24.5799084222445,79282.37527963884,88394.32999594418,6.506637248005659,297.9442180281595,54.3545009884586,1.704132991951887,10,NaN,23,NaN,1.045886799539813,0.1939464280859273,NaN,NaN,1.601557867109677,0,NaN,0,0,0,0,2
164.2,75,100,80,0,32.38273571276434,0.01040511802678578,0.0001,400,0.9,-0,0.0008464103172152708,12.5363760506185,24.59351551731835,79379.6691643059,88500.12734481985,6.501381546878271,297.8710537661097,26.48433309695062,1.704210511020024,10,NaN,23,NaN,1.056118903979743,0.1938697262732658,NaN,NaN,1.601632367630498,0,NaN,0,0,0,0,2
164.4,75,100,80,0,32.36193359150552,0.003121535408035734,72.00894304337403,400,0.9,-0,0.0008559075009869978,12.52757055005186,24.60757107190041,79476.94531162821,88605.93601967485,6.494659914882254,297.9684806010447,63.64194634251063,1.704292367348283,10,NaN,23,NaN,1.070886382864887,0.1937590596281002,NaN,NaN,1.601711036687313,0,NaN,0,0,0,0,2
164.6,75,100,80,0,35.02319634794325,29.32862778246785,7.200894304337403,400,0.9,-0,0.0008883911668368406,12.52409217092481,24.62213405391948,79574.73713588971,88712.3262188646,6.489964109848361,297.9112131020558,41.77403114508395,1.704384995618561,10,NaN,23,NaN,1.080524295331023,0.1936867398156125,NaN,NaN,1.601800058460845,0,NaN,0,0,0,0,2
164.8,75,100,80,0,39.55144542672271,8.798588334740357,88.6229658017244,400,0.9,-0,0.0008656724932499968,12.57934308396119,24.63525505702694,79673.41043123235,88819.51176855691,6.490984571182435,298.0464483883092,93.47774230768572,1.704471902029554,10,NaN,23,NaN,1.068024152638396,0.1937801262096139,NaN,NaN,1.601883581355448,0,NaN,0,0,0,0,2
165,75,100,80,0,43.65924326446458,52.55475966165936,8.86229658017244,400,0.9,-0,0.0008658289004331502,12.59755069616273,24.64799487707602,79772.88115659007,88927.47175876792,6.497305791597382,297.9892175280111,71.56996711307063,1.704550260105021,10,NaN,23,NaN,1.075615710402387,0.1937231552155547,NaN,NaN,1.601958888890825,0,NaN,0,0,0,0,2
165.2,75,100,80,0,45.23945849881971,33.53766277353078,0.8862296580172441,400,0.9,-0,0.0008670565795178382,12.61478283841741,24.66076187331821,79872.68422547681,89035.74280257126,6.50426507706771,297.916515236312,43.70525090225372,1.704622907303696,10,NaN,23,NaN,1.075820880238736,0.193721476402018,NaN,NaN,1.602028708018031,0,NaN,0,0,0,0,2
165.4,75,100,80,0,44.05082912072097,10.06129883205923,57.73758794637662,400,0.9,-0,0.000877705642488711,12.61883985134321,24.67371647874423,79972.24253529945,89143.76919765955,6.509460915142651,297.9786509618697,67.5496185298643,1.704692904232491,10,NaN,23,NaN,1.078704459081212,0.1936997550567634,NaN,NaN,1.60209598017454,0,NaN,0,0,0,0,2
165.6,75,100,80,0,40.79169042827971,28.91271269893105,5.773758794637662,400,0.9,-0,0.0009011339901811462,12.59676127868427,24.68718296734769,80071.13983650888,89251.15904254616,6.512216630356777,297.9178508453462,44.18893758605545,1.704766646250338,10,NaN,23,NaN,1.09757946230735,0.1935583025530764,NaN,NaN,1.60216685177,0,NaN,0,0,0,0,2
165.8,75,100,80,0,36.4326262215064,8.673813809679313,79.11650997618801,400,0.9,-0,0.0008984760621885694,12.58828619535437,24.70063288864115,80169.14622250856,89357.63191762657,6.509560788463088,298.0299837984655,87.32528118321869,1.704838842187264,10,NaN,23,NaN,1.113065420526604,0.1934421874840482,NaN,NaN,1.602236237600309,0,NaN,0,0,0,0,2
166,75,100,80,0,33.14584028636763,44.7350902102372,7.911650997618802,400,0.9,-0,0.0009437598665871517,12.57228436776865,24.71496902992767,80266.4754442101,89463.51247382988,6.503034789231544,297.974111334919,65.80562855509328,1.704923114255543,10,NaN,23,NaN,1.113025053893012,0.1934423239849346,NaN,NaN,1.602317229686707,0,NaN,0,0,0,0,2
166.2,75,100,80,0,32.46483117716983,25.7424855807533,0.7911650997618802,400,0.9,-0,0.0009666868838307806,12.56421960337037,24.72989460822608,80363.68472751658,89569.32166473186,6.496796270789051,297.9019565082745,37.98127183856056,1.705021603132339,10,NaN,23,NaN,1.119725916760736,0.193391937589485,NaN,NaN,1.602411885473761,0,NaN,0,0,0,0,2
166.4,75,100,80,0,34.26590200450005,7.722745674225989,53.0295160325925,400,0.9,-0,0.0009423399687918167,12.60710500887341,24.74416321773059,80461.24951438488,89675.40644948916,6.494031451275531,297.9529169331882,57.65633631602668,1.705110322637696,10,NaN,23,NaN,1.108192681360454,0.1934781482826843,NaN,NaN,1.60249715231532,0,NaN,0,0,0,0,2
166.6,75,100,80,0,37.1624268432759,22.16862252959203,5.30295160325925,400,0.9,-0,0.0009332830036100751,12.62619444783067,24.7582663040209,80559.38703372245,89782.04221570547,6.4936891254974,297.8904846266851,33.52297544715492,1.705187323478542,10,NaN,23,NaN,1.110877765127453,0.1934578868394652,NaN,NaN,1.60257115670587,0,NaN,0,0,0,0,2
166.8,75,100,80,0,40.19905205042497,6.650586758877608,75.54149537195173,400,0.9,-0,0.0009587408109023169,12.63172058722711,24.77256568561984,80658.11498711529,89889.30867705913,6.496290148610236,297.9930446454459,73.21597529741652,1.705266116425272,10,NaN,23,NaN,1.118071755310531,0.1934038475172561,NaN,NaN,1.602646883619813,0,NaN,0,0,0,0,2
167,75,100,80,0,42.19336580803036,38.39520903082115,7.554149537195173,400,0.9,-0,0.0009408815832783112,12.65607316068514,24.78619758360993,80757.22459150443,89996.91054690961,6.49967765923394,297.9327931669564,49.86879347736178,1.705341337493657,10,NaN,23,NaN,1.120304244652291,0.1933869762939923,NaN,NaN,1.60271917779387,0,NaN,0,0,0,0,2
167.2,75,100,80,0,42.83951435356985,11.51856270924634,95.55202387658693,400,0.9,-0,0.0009406854899158557,12.6639337754202,24.7996067455409,80856.43697467381,90104.60113312647,6.504019486202267,298.0805792350215,107.2049574864955,1.705411786282266,10,NaN,23,NaN,1.129178265596595,0.1933203568689545,NaN,NaN,1.602786885511038,0,NaN,0,0,0,0,2
167.4,75,100,80,0,41.74831871420265,60.43638604124263,9.555202387658694,400,0.9,-0,0.0009298640499306483,12.66884241116163,24.8127507908043,80955.40339256862,90212.00306194974,6.506542857122454,298.0278718648405,86.73123891058648,1.705474799831375,10,NaN,23,NaN,1.141293398188963,0.1932294529076608,NaN,NaN,1.602847447391456,0,NaN,0,0,0,0,2
167.6,75,100,80,0,39.65679305490169,44.16566913161683,0.9555202387658694,400,0.9,-0,0.0009214518177530148,12.67548528811275,24.8259983296671,81053.96748205474,90318.97718244113,6.506627703057952,297.9547203027172,58.28168743364646,1.705529521155075,10,NaN,23,NaN,1.145012148191757,0.1932014761583819,NaN,NaN,1.602900039754255,0,NaN,0,0,0,0,2
167.8,75,100,80,0,37.53350832399695,20.36888040696946,0.09555202387658696,400,0.9,-0,0.0009200871507679551,12.68361927440693,24.83933413586265,81152.12679240596,90425.53123749614,6.5043058631745,297.8824693480381,30.1484873868312,1.705579985477543,10,NaN,23,NaN,1.143400747418694,0.1932134534161233,NaN,NaN,1.602948540804265,0,NaN,0,0,0,0,2
168,75,100,80,0,36.33905019600815,6.110664122090838,47.26240667227254,400,0.9,-0,0.0009447602561190433,12.6817653691207,24.85305811220059,81250.04515596716,90531.8847540682,6.500193650055572,297.9198650230801,44.72712384631505,1.705636195973059,10,998.8073269981548,23,1850.055418347189,1.144432765600047,0.193205608637482,24.7996067455409,23.80271444035241,1.60300256455366,0,76.3216047566945,0,0,0,0,2
168.2,75,100,80,0,36.78764834518223,1.833199236627251,0.0001,400,0.9,-0,0.0009529615909760994,12.69301121200554,24.86686753160065,81348.0513342684,90638.33384114993,6.497430170123248,297.847550872637,16.50175498713596,1.705695953275368,10,NaN,23,NaN,1.143782379905003,0.1932103654012724,NaN,NaN,1.60305999721742,0,NaN,0,0,0,0,2
168.4,75,100,80,0,38.33148542808068,0.5499597709881753,63.36618860268732,400,0.9,-0,0.0009498842425099006,12.71170167093323,24.88058409970746,81446.35694432362,90745.07718228098,6.495858932372442,297.9219285823914,45.56739606555365,1.705754297011322,10,NaN,23,NaN,1.141278947334664,0.1932290117601805,NaN,NaN,1.60311607139225,0,NaN,0,0,0,0,2
168.6,75,100,80,0,40.50422300314324,0.1649879312964526,0.0001,400,0.9,-0,0.0009556512101561247,12.73276603420655,24.89459811591722,81545.08783367068,90852.26910697893,6.497156206672548,297.849608614621,17.27186485437436,1.705812053578373,10,NaN,23,NaN,1.130839266856308,0.1933071248563399,NaN,NaN,1.603171581324402,0,NaN,0,0,0,0,2
168.8,75,100,80,0,42.15245731361716,0.04949637938893577,70.53368277682071,400,0.9,-0,0.0009711378948369549,12.73561537068926,24.90919053521671,81644.13574351332,90959.81246699735,6.50013635052013,297.9401282890263,52.73084001599663,1.705871733160123,10,NaN,23,NaN,1.135323382236,0.1932734090260007,NaN,NaN,1.603228939558482,0,NaN,0,0,0,0,2
169,75,100,80,0,42.61229351150553,0.01484891381668073,0.0001,400,0.9,-0,0.0009274303261061061,12.79898060399383,24.92236011207124,81743.26309012706,91067.29959795234,6.503973443058611,297.8677811597823,24.35630530186337,1.705913993812273,10,NaN,23,NaN,1.108231575894426,0.1934762750910776,NaN,NaN,1.603269556459336,0,NaN,0,0,0,0,2
169.2,75,100,80,0,41.53986708484703,0.004454674145004219,70.79267433187343,400,0.9,-0,0.0009244633941211472,12.81887527864743,24.93535368813399,81842.16327810931,91174.52963335946,6.507846851952996,297.9584092245024,59.94340044162995,1.705943363746687,10,NaN,23,NaN,1.097717277277996,0.1935549534952239,NaN,NaN,1.603297784060817,0,NaN,0,0,0,0,2
169.4,75,100,80,0,38.92070021859821,26.85553396375745,7.079267433187344,400,0.9,-0,0.0009332349056324255,12.82402695899747,24.94860530294109,81940.52361523402,91281.22917164887,6.509378386404217,297.9034972219616,38.3551576870537,1.705971019014733,10,NaN,23,NaN,1.092932419810857,0.1935907251829913,NaN,NaN,1.603324363707355,0,NaN,0,0,0,0,2
169.6,75,100,80,0,35.69671713237346,8.056660189127234,85.28670651370213,400,0.9,-0,0.0009261237268828345,12.82919712349014,24.96187909923586,82038.21647213698,91387.23053302064,6.507692295531814,298.0268459063724,86.90643571528544,1.705993074550817,10,NaN,23,NaN,1.096020192256386,0.193567562732402,NaN,NaN,1.603345561431376,0,NaN,0,0,0,0,2
169.8,75,100,80,0,33.15023020795336,47.40494215347517,8.528670651370213,400,0.9,-0,0.0009496303652083365,12.79490145467953,24.97593900445698,82135.37701611161,91492.7569339772,6.502921564826175,297.9744642578669,66.2641290494023,1.70601849962554,10,NaN,23,NaN,1.12654155383189,0.1933389179172491,NaN,NaN,1.603369997657021,0,NaN,0,0,0,0,2
170,75,100,80,0,32.5118567834062,29.41487977494283,0.8528670651370214,400,0.9,-0,0.0009456925267856312,12.80518843947893,24.98974336489848,82232.42564493943,91598.14453971911,6.49841627771492,297.9044814269764,38.65318397938714,1.70604403463259,10,NaN,23,NaN,1.133737782934738,0.1932849510769508,NaN,NaN,1.603394539556016,0,NaN,0,0,0,0,2
170.2,75,100,80,0,33.66485670090502,8.824463932482848,56.41803152043813,150,0.9,-4000,0.0009851245740809507,11.90257623602584,25.01938529059423,81583.16876501574,90853.81801234462,6.522790247945624,297.9680422497472,63.64610383891528,1.696675229295486,10,NaN,23,NaN,1.369531937108079,0.1915324720249185,NaN,NaN,1.594391221448697,0,NaN,0,0,0,0,2
170.4,75,100,80,0,24.97439398154282,27.69587253171961,5.641803152043813,150,0.9,-4000,0.0009948095005501646,11.88185008104222,25.04966579203387,80932.2445545654,90107.77407911271,6.53589713177737,297.9156149406368,43.19383570142492,1.682804393672935,10,NaN,23,NaN,1.375791121994165,0.191512374043573,NaN,NaN,1.581065608593962,0,NaN,0,0,0,0,2
170.6,75,100,80,0,11.17054739636505,8.308761759515882,76.19128283018267,150,0.9,-4000,0.001028789905451935,11.82098895175233,25.08124878647122,80278.62115866438,89359.01161169783,6.529831894500795,298.0321283575834,88.28206055474774,1.668665774757005,10,NaN,23,NaN,1.37890403128118,0.1915164730100487,NaN,NaN,1.56748778066583,0,NaN,0,0,0,0,2
170.8,75,100,80,0,0,45.73465569829794,7.619128283018267,150,0.9,-4000,0.001063926052533522,11.75793288468696,25.11407480402669,79622.82454308463,88608.08791715548,6.506861945331615,297.9914436775032,72.66518495142512,1.654530548551044,10,NaN,23,NaN,1.386379701661979,0.1914876945602604,NaN,NaN,1.553918296930944,0,NaN,0,0,0,0,2
171,75,100,80,0,0,32.02940385289637,0.7619128283018268,150,0.9,-4000,0.001168487480393282,11.69385465033713,25.14932238471918,78967.12347146633,87857.41587887077,6.483596817748982,297.9388704343872,52.64989066768473,1.640434459105087,10,NaN,23,NaN,1.395002496294868,0.1914501720520188,NaN,NaN,1.540391445149863,0,NaN,0,0,0,0,2
171.2,75,100,80,0,7.084078681536948,9.608821155868911,49.8561198901733,150,0.9,-4000,0.00114465663607917,11.74457902712974,25.18366175367405,78312.91497309689,87108.12285587849,6.472020489037948,298.0014433407236,76.27557349863683,1.626352896680518,10,NaN,23,NaN,1.357987624362688,0.1917564359462836,NaN,NaN,1.526883577771251,0,NaN,0,0,0,0,2
171.4,75,100,80,0,18.75940501626533,29.29841445480299,4.98561198901733,150,0.9,-4000,0.001207028104923175,11.75145946245152,25.21850151382113,77661.11562279065,86361.2968833362,6.477117199945865,297.9565318351005,59.45904354826497,1.612292805962806,10,NaN,23,NaN,1.341749012806501,0.1919061334848358,NaN,NaN,1.513401334494928,0,NaN,0,0,0,0,2
171.6,75,100,80,0,28.37876357426606,13.38877349443415,0.498561198901733,150,0.9,-4000,0.001255954328665588,11.7761970841914,25.25349685418201,77011.33588205761,85616.4951433934,6.49492189232264,297.8986673177731,37.97192274031146,1.598257815745622,10,NaN,23,NaN,1.313282524309391,0.1921478254198515,NaN,NaN,1.499948167311411,0,NaN,0,0,0,0,2
171.8,75,100,80,0,30.88791672911977,4.016632048330244,39.78678873225938,150,0.9,-4000,0.001317618170947154,11.769164550798,25.28952839693912,76362.13838534825,84872.31169822275,6.514795307096564,297.9377360194179,52.357353729693,1.584248138033596,10,NaN,23,NaN,1.290104612103467,0.1923496214151738,NaN,NaN,1.486524249789901,0,NaN,0,0,0,0,2
172,75,100,80,0,25.48158410564153,1.204989614499073,0.0001,150,0.9,-4000,0.001325098739236318,11.75642268937512,25.32566349281473,75711.94035545435,84127.05065940951,6.527720477976878,297.8794763611195,31.08635718288586,1.570252484278246,10,NaN,23,NaN,1.274460367398164,0.1924946889429024,NaN,NaN,1.473118741700204,0,NaN,0,0,0,0,2
172.2,75,100,80,0,14.93459328167944,0.361496884349722,52.55479029131077,150,0.9,-0,0.001310371558375835,11.7182341097916,25.36249163095261,75756.06677193257,84179.71268279351,6.496233751880628,297.9545445595562,58.38617707169477,1.565938469705763,10,NaN,23,NaN,1.279498289487855,0.1924652204776841,NaN,NaN,1.468987634917425,0,NaN,0,0,0,0,2
172.4,75,100,80,0,17.10572953784089,22.17733632423827,5.255479029131077,150,0.9,-0,0.001296595306419293,11.73980606904948,25.39890338006699,75800.61738990722,84232.78645026842,6.469442563276672,297.9121442422409,42.95712951829782,1.565869859064455,10,NaN,23,NaN,1.267866231554307,0.1925528685030659,NaN,NaN,1.468921937076839,0,NaN,0,0,0,0,2
172.6,75,100,80,0,29.83582180228494,6.653200897271481,71.23563267985472,150,0.9,-0,0.001262402251366124,11.792625038269,25.43364309769412,75847.6962462356,84288.3248203455,6.460313929199669,298.0277266951866,85.04291735222931,1.566001132461846,10,NaN,23,NaN,1.267162630744142,0.1925579046297403,NaN,NaN,1.469047637488971,0,NaN,0,0,0,0,2
172.8,75,100,80,0,46.17446023865708,43.55255862746051,7.123563267985472,150,0.9,-0,0.001285030841195636,11.84661410551366,25.46782139715935,75898.02535507521,84347.15961227237,6.468579041211725,297.9831573848445,68.80350368177494,1.566142147581593,10,NaN,23,NaN,1.25080183648533,0.1926806846123366,NaN,NaN,1.469182666542181,0,NaN,0,0,0,0,2
173,75,100,80,0,59.20652255752122,28.34902923183224,0.7123563267985472,150,0.9,-0,0.001277079677935993,11.90468175113982,25.50112359761597,75950.97665185526,84408.60193618735,6.486363931238229,297.9171486012236,44.73549699941184,1.566281548610832,10,NaN,23,NaN,1.231661296313321,0.1928243263733428,NaN,NaN,1.469316150518242,0,NaN,0,0,0,0,2
173.2,75,100,80,0,65.14906398138142,8.504708769549671,53.57961648786502,150,0.9,-0,0.001277197730803251,11.92270487015278,25.53415479985686,76005.11195721396,84471.23658089654,6.50677661588884,297.9810112728927,68.03791583549437,1.566418652262373,10,NaN,23,NaN,1.230369008252552,0.1928337724038083,NaN,NaN,1.469447435112254,0,NaN,0,0,0,0,2
173.4,75,100,80,0,62.9483756682763,27.925468918425,5.357961648786502,150,0.9,-0,0.001293483408785165,11.90398864316293,25.56768821656683,76058.80034153569,84533.45775784536,6.523491770037269,297.9275388892066,48.51246742042651,1.566557979044432,10,NaN,23,NaN,1.239405353888829,0.1927655650135464,NaN,NaN,1.469580848969195,0,NaN,0,0,0,0,2
173.6,75,100,80,0,54.08216253864363,8.3776406755275,74.42507410020704,150,0.9,-0,0.001226183505613929,11.9140681167485,25.60037076083326,76110.69900925348,84593.75449234903,6.532241026889481,298.0433796819708,90.8420333739744,1.566679022469234,10,NaN,23,NaN,1.234315161670198,0.1928035969713105,NaN,NaN,1.469696755800481,0,NaN,0,0,0,0,2
173.8,75,100,80,0,41.73054271365102,46.02646540207952,7.442507410020704,150,0.9,-0,0.00123590506975645,11.85870529988073,25.63366859756772,76160.10872257387,84651.58156573112,6.530369650715356,298.003196031359,76.14835715344321,1.566794780389635,10,NaN,23,NaN,1.255301262774524,0.1926455692261081,NaN,NaN,1.469807601770276,0,NaN,0,0,0,0,2
174,75,100,80,0,30.13681816328695,32.92103806917406,0.7442507410020704,150,0.9,-0,0.001184581299082509,11.8520591189214,25.66634687692585,76207.21348653824,84706.99163086971,6.517361262794718,297.9457752936078,55.13792177018955,1.566897101873178,10,NaN,23,NaN,1.256067651911206,0.1926396050680936,NaN,NaN,1.469905581733792,0,NaN,0,0,0,0,2
174.2,75,100,80,0,23.74899215402235,9.876311420752218,50.94628802002954,150,0.9,-0,0.001152097363491146,11.84545519478118,25.69881433036551,76253.03515570975,84761.05906863997,6.497964601231999,298.0100125155552,78.65738741228444,1.566984053336862,10,NaN,23,NaN,1.258142419051227,0.1926238304657185,NaN,NaN,1.469988844038938,0,NaN,0,0,0,0,2
174.4,75,100,80,0,25.10514586980246,30.43538203604817,5.094628802002955,150,0.9,-0,0.001140324405189496,11.85247998826779,25.73058350283668,76299.12008899578,84815.36099089957,6.481964918670672,297.9662958643333,62.64119962428617,1.567064051000852,10,NaN,23,NaN,1.264348325800203,0.1925769953322203,NaN,NaN,1.470065447748051,0,NaN,0,0,0,0,2
174.6,75,100,80,0,32.82958804333428,15.24682753319786,0.5094628802002955,150,0.9,-0,0.00117013493200631,11.86443771433445,25.76254140079625,76346.76497991898,84871.27498997014,6.47598161310557,297.9069443034914,40.88304761486827,1.567147768229374,10,NaN,23,NaN,1.265571113688962,0.1925676335359388,NaN,NaN,1.4701456133904,0,NaN,0,0,0,0,2
174.8,75,100,80,0,42.92536905916362,4.574048259959357,40.73427228200279,150,0.9,-0,0.001163054054417577,11.90456031136251,25.79307673053466,76396.42941033786,84929.16915706151,6.483021339571915,297.939967293247,52.99713390713565,1.567230949829944,10,NaN,23,NaN,1.265607954050028,0.1925671936825885,NaN,NaN,1.470225266304049,0,NaN,0,0,0,0,2
175,75,100,80,0,50.19459634977988,1.372214477987807,0.0001,150,0.9,-0,0.00119674830639985,11.91283085921266,25.8238720872185,76447.54980878645,84988.60278389744,6.49575603107947,297.8717898413078,27.96996021898688,1.567322455028805,10,NaN,23,NaN,1.264434641176722,0.1925758405130831,NaN,NaN,1.470312889919229,0,NaN,0,0,0,0,2
175.2,75,100,80,0,52.3929412545395,0.4116643433963421,55.72322923709991,150,0.9,-0,0.00120720331027526,11.91790186585741,25.85483091907486,76499.10499070551,85048.48880101771,6.51026400024385,297.9404840102239,53.20416931861182,1.567419494733288,10,NaN,23,NaN,1.263450824078933,0.1925830509313842,NaN,NaN,1.470405813502278,0,NaN,0,0,0,0,2
175.4,75,100,80,0,48.80050603096465,0.1234993030189026,0.0001,150,0.9,-0,0.001225398803199557,11.90420392182877,25.88642134098004,76549.93688161651,85107.6896164213,6.520733925114336,297.8729082057135,28.36365004042751,1.567519734469937,10,NaN,23,NaN,1.261802772952107,0.1925952511250832,NaN,NaN,1.470501801632799,0,NaN,0,0,0,0,2
175.6,75,100,80,0,41.03902013298101,0.03704979090567079,62.98814174242945,150,0.9,-0,0.001182103378580268,11.89889688473991,25.91773706517527,76599.20811782812,85165.25419914753,6.522372512015166,297.9606479786666,60.63810330225689,1.567609552059231,10,NaN,23,NaN,1.263274108590209,0.1925840083208806,NaN,NaN,1.470587809881262,0,NaN,0,0,0,0,2
175.8,75,100,80,0,32.63814452146541,26.04814770779579,6.298814174242946,150,0.9,-0,0.001231573067082631,11.84569312300022,25.9507986268978,76646.78606902297,85221.23930163837,6.513077653851402,297.9198123633586,45.60718076749597,1.567707293468884,10,NaN,23,NaN,1.272001256705135,0.1925181670927936,NaN,NaN,1.470681406117653,0,NaN,0,0,0,0,2
176,75,100,80,0,27.96281359376426,7.814444312338737,76.2713028667532,150,0.9,-0,0.001198072820922891,11.83531884420096,25.98355887717133,76693.40853182922,85276.21367617357,6.499205376924668,298.0456942751486,91.9718815998741,1.567802033155493,10,NaN,23,NaN,1.286121061433232,0.192411742568742,NaN,NaN,1.470772128164014,0,NaN,0,0,0,0,2
176.2,75,100,80,0,28.8164203460926,48.54293462065635,7.627130286675321,150,0.9,-0,0.001226161133972287,11.82078720166172,26.01675159873682,76740.17956676132,85331.38797237726,6.486542991597772,298.0163236224162,81.14727115614487,1.567898352583157,10,NaN,23,NaN,1.296381134089586,0.1923343383691115,NaN,NaN,1.470864363192398,0,NaN,0,0,0,0,2
176.4,75,100,80,0,34.71636504469051,39.17948040763201,0.7627130286675321,150,0.9,-0,0.001237755981928255,11.8494493647414,26.04975250171287,76788.14134013139,85387.77195346044,6.481833706647863,297.96564071135,62.45601600369615,1.567997648221189,10,NaN,23,NaN,1.282655891686537,0.1924374351583709,NaN,NaN,1.470959448471986,0,NaN,0,0,0,0,2
176.6,75,100,80,0,42.477809207135,22.52629182587819,0.07627130286675321,150,0.9,-0,0.001314877089714577,11.82479051999137,26.08388080067984,76837.67119897406,85445.87909327239,6.483357877672106,297.9084646054163,41.35630136531837,1.568115766175912,10,NaN,23,NaN,1.302272352708716,0.1922895703257639,NaN,NaN,1.471072558285238,0,NaN,0,0,0,0,2
176.8,75,100,80,0,49.63458914549323,6.757887547763457,45.31547475614596,150,0.9,-0,0.001288964779527455,11.85539105800903,26.11705511860545,76888.62967818868,85505.36175500692,6.4919760643366,297.9557118137881,58.80376292496363,1.568234157790823,10,NaN,23,NaN,1.307508370383908,0.1922499234016336,NaN,NaN,1.471185930510588,0,NaN,0,0,0,0,2
177,75,100,80,0,53.34077310587117,20.05441793362959,4.531547475614596,150,0.9,-0,0.001257328842444033,11.87382803710745,26.1494475319458,76940.32566085451,85565.52524156193,6.501430122551308,297.9037245671994,39.59264477385761,1.568339020394414,10,NaN,23,NaN,1.31462649043701,0.1921961286418498,NaN,NaN,1.471286347604063,0,NaN,0,0,0,0,2
177.2,75,100,80,0,53.28529297173019,6.016325380088877,66.71748056329162,150,0.9,-0,0.001239088935040912,11.89267351703642,26.18132466369579,76991.99754817323,85625.61721000879,6.508630304628391,297.9996443078836,75.06292604397494,1.568431181677674,10,NaN,23,NaN,1.307410703792234,0.1922502738366401,NaN,NaN,1.47137460206292,0,NaN,0,0,0,0,2
177.4,75,100,80,0,50.35980750944798,35.88821153551864,6.671748056329162,150,0.9,-0,0.001285322150237525,11.85400202392106,26.21448510204266,77043.06995033176,85685.20884023259,6.512782198737473,297.9556922182792,58.7986257904843,1.568529952497226,10,NaN,23,NaN,1.320932037638556,0.1921482775055126,NaN,NaN,1.471469186111179,0,NaN,0,0,0,0,2
177.6,75,100,80,0,45.77635038442757,19.99200411253116,0.6671748056329162,150,0.9,-0,0.001244166212992955,11.86205833839566,26.2469761746455,77093.24093878955,85743.81300881627,6.513038994746171,297.8940719454822,35.9807760112696,1.568621795973484,10,NaN,23,NaN,1.321001909176695,0.1921475720806914,NaN,NaN,1.47155713667948,0,NaN,0,0,0,0,2
177.8,75,100,80,0,41.09319625619985,5.997601233759347,48.67567445411839,150,0.9,-0,0.0011630890408528,11.889905330533,26.27813388013265,77142.47256489377,85801.33290722815,6.509540018139917,297.9460786665866,55.25156665665141,1.568687688053958,10,NaN,23,NaN,1.311549520856646,0.1922186141233124,NaN,NaN,1.471620235968202,0,NaN,0,0,0,0,2
178,75,100,80,0,37.80948739072921,1.799280370127804,0.0001,150,0.9,-0,0.001144491244334173,11.88178415671415,26.30922326979102,77191.04590638985,85858.15964983696,6.50124152175159,297.8792378823416,30.46782282968055,1.568736852681965,10,NaN,23,NaN,1.318901567432953,0.1921631628576533,NaN,NaN,1.471667316858051,0,NaN,0,0,0,0,2
178.2,75,100,80,0,37.84890103310701,0.5397841110383411,59.00561945141214,150,0.9,-0,0.001169612772414997,11.88623203122548,26.34117565904979,77239.62052357224,85915.06267034741,6.493413912050933,297.9573167530634,59.43729538238595,1.568790294471472,10,NaN,23,NaN,1.299502681053603,0.1923091004180658,NaN,NaN,1.471718493700524,0,NaN,0,0,0,0,2
178.4,75,100,80,0,41.00245558410936,23.44972097970902,5.900561945141215,150,0.9,-0,0.001151764286783751,11.91673734392824,26.37208245645611,77288.81668040672,85972.53146961128,6.490009177837361,297.9047684815235,39.92760855852077,1.568840654084045,10,NaN,23,NaN,1.289658527569064,0.1923830917740074,NaN,NaN,1.471766719059835,0,NaN,0,0,0,0,2
178.6,75,100,80,0,45.50490362634321,7.034916293912707,77.78022381739824,150,0.9,-0,0.001149560547576988,11.93586015799698,26.40240435501221,77338.89587924973,86030.87358485434,6.491476534786837,298.0252896041174,84.7032542643727,1.568886312843216,10,NaN,23,NaN,1.287755030459528,0.1923973271592815,NaN,NaN,1.471810442844692,0,NaN,0,0,0,0,2
178.8,75,100,80,0,49.41858163133085,45.43763368247502,7.778022381739824,150,0.9,-0,0.001137659532475362,11.97363375581692,26.43196968850306,77389.73993016603,86089.94773891816,6.494808639021983,297.9754076340333,66.15879971756527,1.568924799189306,10,NaN,23,NaN,1.268896641446798,0.1925391412776759,NaN,NaN,1.471847298217492,0,NaN,0,0,0,0,2
179,75,100,80,0,52.00889226288477,28.27280573841866,0.7778022381739824,150,0.9,-0,0.001203239617984414,11.96975920454671,26.46273376932676,77441.11938061901,86149.68236806776,6.502073491409339,297.9091583628735,41.51277645990537,1.568976607052964,10,NaN,23,NaN,1.252122325950933,0.1926652060562085,NaN,NaN,1.471896910628269,0,NaN,0,0,0,0,2
179.2,75,100,80,0,51.68632971687102,8.481841721525598,53.84542199062954,150,0.9,-0,0.001189362745376417,11.97715496470448,26.4932226744729,77492.43032086869,86209.31982600402,6.509342691561057,297.9717133777001,64.80035957931605,1.569031720055389,10,NaN,23,NaN,1.250969076142994,0.192673770736173,NaN,NaN,1.471949688191222,0,NaN,0,0,0,0,2
179.4,75,100,80,0,48.46865764359029,27.15362997814412,5.384542199062954,150,0.9,-0,0.001174664154165268,11.97330950631858,26.52346063427974,77543.09157073595,86268.27401968202,6.512593660376165,297.9178558765454,44.73696952516606,1.569081146315935,10,NaN,23,NaN,1.254368511440222,0.192648109354147,NaN,NaN,1.47199702005617,0,NaN,0,0,0,0,2
179.6,75,100,80,0,43.96379175589617,8.146088993443238,75.37845872209022,150,0.9,-0,0.001200932779150975,11.93029309859599,26.55421756873611,77592.83558781743,86326.35388178824,6.511836414989625,298.0326880844399,87.5435156742479,1.569133163179085,10,NaN,23,NaN,1.284083385390039,0.1924244738130045,NaN,NaN,1.472046832816042,0,NaN,0,0,0,0,2
179.8,75,100,80,0,39.76211262512252,45.08672734613827,7.537845872209022,150,0.9,-0,0.001236530167743565,11.90627456553672,26.58583192379688,77641.72159191732,86383.65870889394,6.503647280465823,297.9876822896869,70.75547372572755,1.569199026842474,10,NaN,23,NaN,1.284297173385521,0.1924227363524522,NaN,NaN,1.472109905746049,0,NaN,0,0,0,0,2
180,75,100,80,0,38.84763761479447,29.92428976365192,0.7537845872209022,150,0.9,-0,0.001354043104992433,11.85010393743644,26.6194816631925,77690.4396751787,86441.00990615696,6.492806851317118,297.9305529766772,49.43124080174571,1.569299564326547,10,1029.199401165521,23,1900.422460618478,1.299415876464224,0.1923087588088286,26.4932226744729,23.18172426758699,1.472206183531684,0,73.77555926798067,0,0,0,0,2
180.2,75,100,80,0,42.25424846507887,8.977286929095575,49.70103964289637,150,0.9,-0,0.001377794274148656,11.852844945059,26.65338936861169,77739.83387326672,86499.08289834425,6.486909589210929,297.9910222460436,72.01700046990456,1.569419363104027,10,NaN,23,NaN,1.30129822306507,0.192294356233476,NaN,NaN,1.472320906858682,0,NaN,0,0,0,0,2
180.4,75,100,80,0,47.99506642713981,27.66339133347832,4.970103964289637,150,0.9,-0,0.001387729533409778,11.86431231273078,26.6867838779762,77790.36911235916,86558.29878067013,6.484778012864042,297.944858466583,54.76295722597406,1.5695415775066,10,NaN,23,NaN,1.309912993396316,0.19222926727074,NaN,NaN,1.472437943844253,0,NaN,0,0,0,0,2
180.6,75,100,80,0,54.59198161320109,8.299017400043496,67.6581491966565,150,0.9,-0,0.001412369567469628,11.86507760387476,26.72033100743059,77842.20845279982,86618.87497560441,6.487628630288381,298.0458553733737,92.53700188293253,1.569670164970928,10,NaN,23,NaN,1.320395195949893,0.1921500940789392,NaN,NaN,1.472561084315898,0,NaN,0,0,0,0,2
180.8,75,100,80,0,60.044358428387,41.42137108564189,6.76581491966565,150,0.9,-0,0.001391199425307496,11.89624419763941,26.75298651538839,77895.12284022568,86680.48396526826,6.493055455496993,298.0017906426372,76.04479390371807,1.569795603279617,10,NaN,23,NaN,1.315685515725432,0.1921853109912162,NaN,NaN,1.472681209434784,0,NaN,0,0,0,0,2
181,75,100,80,0,63.33349821866342,27.18113868212474,0.676581491966565,150,0.9,-0,0.001348893374240739,11.93138487396746,26.78497081524987,77948.71041702866,86742.6978264193,6.501757043127723,297.9397006369319,52.78986514206007,1.569906043442555,10,NaN,23,NaN,1.30315385820498,0.1922794375655393,NaN,NaN,1.472786972014561,0,NaN,0,0,0,0,2
181.2,75,100,80,0,63.13950560081292,8.154341604637422,46.85183032316961,150,0.9,-0,0.001342646715586575,11.9338914486226,26.81640142774906,78002.25731226844,86804.84602672228,6.511297504137226,297.9859985707347,70.14237638901369,1.570006440004441,10,NaN,23,NaN,1.309626392647784,0.1922305170514464,NaN,NaN,1.472883116648366,0,NaN,0,0,0,0,2
181.4,75,100,80,0,59.13705631422965,22.33157769432258,4.685183032316961,150,0.9,-0,0.001354381379017222,11.91828508648747,26.84818311242769,78055.00001732234,86866.21173993409,6.517255861555752,297.9341660238139,50.70179775153179,1.570107992090124,10,NaN,23,NaN,1.31208798474763,0.1922117866255739,NaN,NaN,1.472980368127995,0,NaN,0,0,0,0,2
181.6,75,100,80,0,52.76569775482664,6.699473308296772,62.62262045848122,150,0.9,-0,0.001400508936615135,11.87608870051572,26.88096516650828,78106.45672294767,86926.36180444901,6.515393065373482,298.0222090277162,83.74637377503154,1.570220432567933,10,NaN,23,NaN,1.326667113837766,0.1921017904149837,NaN,NaN,1.473088047194772,0,NaN,0,0,0,0,2
181.8,75,100,80,0,47.15364832065089,34.99427964952636,6.262262045848122,150,0.9,-0,0.001424505132973463,11.84992051180564,26.9140119356064,78156.77740730856,86985.4180144656,6.509483480694894,297.9815487663592,68.47531183434374,1.570346310324747,10,NaN,23,NaN,1.333948568065506,0.1920467061683784,NaN,NaN,1.473208594905077,0,NaN,0,0,0,0,2
182,75,100,80,0,43.8936785326558,21.13900549144992,0.6262262045848123,150,0.9,-0,0.001403939095608223,11.84986958986285,26.94679980434871,78206.46018984905,87043.79434197323,6.500933647608742,297.9247846832245,47.14187508491285,1.57046945632475,10,NaN,23,NaN,1.337152872720536,0.1920223310481393,NaN,NaN,1.473326526918237,0,NaN,0,0,0,0,2
182.2,75,100,80,0,44.0493522707099,6.341701647434976,43.04622844772828,150,0.9,-0,0.001444041004599732,11.81967504346133,26.98009500336891,78256.17197657388,87102.27667081458,6.492672468745777,297.9687667362349,63.68235643725563,1.57059930652548,10,NaN,23,NaN,1.358893377255566,0.1918582894416972,NaN,NaN,1.473450879693566,0,NaN,0,0,0,0,2
182.4,75,100,80,0,47.50010197319391,19.12066618046399,4.304622844772829,150,0.9,-0,0.001407665158190358,11.8565646528705,27.01248887833807,78306.57054265609,87161.38866319494,6.488253422486907,297.918757575517,44.86276037364798,1.570725064765128,10,NaN,23,NaN,1.346143313269145,0.1919541086430093,NaN,NaN,1.473571314155363,0,NaN,0,0,0,0,2
182.6,75,100,80,0,52.70679167779869,5.736199854139197,61.36741254506123,150,0.9,-0,0.001418107694269908,11.8742435407857,27.04454509215216,78357.99918426541,87221.53859798657,6.486825658955799,298.0032536417755,76.68195720436904,1.570845915962235,10,NaN,23,NaN,1.343281424567677,0.1919754324048106,NaN,NaN,1.473687049684419,0,NaN,0,0,0,0,2
182.8,75,100,80,0,58.48707021183279,32.21582050059559,6.136741254506124,150,0.9,-0,0.001425364555585789,11.89023511221873,27.07611678591747,78410.57233729117,87282.85911959936,6.489729399452483,297.9547768616115,58.41420640135497,1.570969773873623,10,NaN,23,NaN,1.342219552866753,0.1919831899141684,NaN,NaN,1.473805665036889,0,NaN,0,0,0,0,2
183,75,100,80,0,63.10121731871085,14.97962241368334,0.6136741254506124,150,0.9,-0,0.001505042933975099,11.8771288439763,27.10848412627729,78464.08455754214,87345.26020337816,6.49401126458278,297.8935340378117,35.31963915347657,1.571115064016634,10,NaN,23,NaN,1.34332968141162,0.1919745439384395,NaN,NaN,1.47394480595035,0,NaN,0,0,0,0,2
183.2,75,100,80,0,66.01195893756082,4.493886724105001,42.52646695030769,150,0.9,-0,0.001539036975751535,11.87826322867787,27.14074022749151,78518.17819392102,87408.30614850391,6.500897687323953,297.932743785543,50.11602215735732,1.571279584007962,10,NaN,23,NaN,1.344132721973141,0.1919681736612631,NaN,NaN,1.474102363478276,0,NaN,0,0,0,0,2
183.4,75,100,80,0,66.16399850980569,1.3481660172315,0.0001,150,0.9,-0,0.001526541650483446,11.86564189543224,27.17264220005467,78572.30192260162,87471.37022949368,6.506455861917834,297.8697320564737,26.32067749006761,1.571447105399505,10,NaN,23,NaN,1.365973976391848,0.1918032790423018,NaN,NaN,1.474262796092798,0,NaN,0,0,0,0,2
183.6,75,100,80,0,64.10545948277597,0.4044498051694501,56.10771037614744,150,0.9,-0,0.001504657412178341,11.87419896705934,27.20419958992413,78626.00751636225,87533.97835506727,6.508500377427252,297.940595315768,53.09996962953636,1.571607820520456,10,NaN,23,NaN,1.363347169639272,0.1918227617208511,NaN,NaN,1.474416711117335,0,NaN,0,0,0,0,2
183.8,75,100,80,0,61.23638865970476,0.121334941550835,0.0001,150,0.9,-0,0.001560047029087625,11.83324131111898,27.23679786830047,78679.1325512881,87596.11667417701,6.508247833805008,297.8799259257411,30.15684663651747,1.571780013557446,10,NaN,23,NaN,1.378879478123584,0.191705359076059,NaN,NaN,1.474581619136964,0,NaN,0,0,0,0,2
184,75,100,80,0,58.46462593041264,0.0364004824652505,60.05278162497238,150,0.9,-0,0.001553340500982443,11.83395081994381,27.26922053197757,78731.69412080888,87657.67828101148,6.506087750922223,297.9628361213864,61.53248346135708,1.571957611203627,10,NaN,23,NaN,1.377651074965117,0.1917142728969385,NaN,NaN,1.474751703899146,0,NaN,0,0,0,0,2
184.2,75,100,80,0,56.55580249378778,24.59266062058476,6.005278162497238,150,0.9,-0,0.00155996213513206,11.82962826114892,27.30167299977213,78783.86189688787,87718.86119913742,6.502470030856509,297.9181821314976,44.62244014754747,1.572136149400568,10,NaN,23,NaN,1.376647870323089,0.1917214871450472,NaN,NaN,1.47492269023029,0,NaN,0,0,0,0,2
184.4,75,100,80,0,56.09274400777477,7.377798186175428,75.07998019902745,150,0.9,-0,0.001525591718424972,11.83634262246704,27.33388214937101,78835.91800291644,87779.90036058877,6.49751384447862,298.0366861348973,89.52942771939982,1.572306048178544,10,NaN,23,NaN,1.380374518567989,0.1916930646461176,NaN,NaN,1.475085403325952,0,NaN,0,0,0,0,2
184.6,75,100,80,0,57.61188580343595,45.52841421438504,7.507998019902745,150,0.9,-0,0.001493296481764371,11.87212570469585,27.36512634598425,78888.25835557755,87841.17249760246,6.493397504444514,297.9954142625153,73.87876813359719,1.572464767497109,10,NaN,23,NaN,1.360274443769903,0.191844246542234,NaN,NaN,1.475237410446477,0,NaN,0,0,0,0,2
184.8,75,100,80,0,60.77052582453279,31.77656827575507,0.7507998019902745,150,0.9,-0,0.001433699397848005,11.9004143720833,27.39534019284156,78941.24520856194,87902.99495276596,6.492304019323579,297.9358124944898,51.26159267874583,1.572605249269325,10,NaN,23,NaN,1.359841876812364,0.1918472322763854,NaN,NaN,1.475371951814597,0,NaN,0,0,0,0,2
185,75,100,80,0,64.3593324381887,9.532970482726521,52.17663168996413,150,0.9,-0,0.001396635497271559,11.94053983223721,27.42447063977423,78994.94519777223,87965.46811364616,6.49431027770053,297.9936243316386,73.21472109019433,1.572729908745311,10,NaN,23,NaN,1.343222416197906,0.191972202386814,NaN,NaN,1.475491340366265,0,NaN,0,0,0,0,2
185.2,75,100,80,0,67.14514167811343,27.51803610261681,5.217663168996413,150,0.9,-0,0.001362451985550945,11.97710806885138,27.45264528794169,79049.19687472293,88028.42915199111,6.498640976819702,297.9389887727729,52.45315140561463,1.572840317870879,10,NaN,23,NaN,1.326786161323115,0.1920957807863033,NaN,NaN,1.475597081438172,0,NaN,0,0,0,0,2
185.4,75,100,80,0,68.20096628392781,8.255410830785044,70.56390849495193,150,0.9,-0,0.001387868748888985,11.97197740851998,27.48114311615554,79103.64616010925,88091.64245550377,6.503111973301041,298.0379073510167,90.06885775986902,1.572951016834532,10,NaN,23,NaN,1.326860595486371,0.1920950042086217,NaN,NaN,1.475703100404269,0,NaN,0,0,0,0,2
185.6,75,100,80,0,67.47537033223391,40.50416599537001,7.056390849495194,150,0.9,-0,0.001386173982524667,11.96012126998316,27.50956444502795,79157.93646237282,88154.6975216547,6.504521438398054,297.9853371944083,70.06391424779783,1.573063572483217,10,NaN,23,NaN,1.340955227689608,0.1919886297658886,NaN,NaN,1.475810897879313,0,NaN,0,0,0,0,2
185.8,75,100,80,0,66.19647911623427,23.04709829178889,0.7056390849495194,150,0.9,-0,0.001335546724975513,11.980571578556,27.53727963648495,79211.98911856725,88217.41433161963,6.504732364341717,297.9188443810388,44.74308265386692,1.57316050488624,10,NaN,23,NaN,1.338746149008517,0.1920050803969735,NaN,NaN,1.475903732822716,0,NaN,0,0,0,0,2
186,75,100,80,0,64.82735183076252,6.914129487536667,46.08352694279417,150,0.9,-0,0.001276392641873154,12.01359491637356,27.56417099139768,79265.76783107469,88279.74480975018,6.503871729256241,297.9602580797602,60.52468675406059,1.573231704583916,10,NaN,23,NaN,1.324061050134796,0.1921155379672518,NaN,NaN,1.475971922967712,0,NaN,0,0,0,0,2
186.2,75,100,80,0,63.80215797436607,18.65721593564119,4.608352694279417,150,0.9,-0,0.001288531734372956,12.00504885817993,27.59123090871981,79319.33967198124,88341.8934900162,6.504018270538742,297.9038119391279,38.99969725179172,1.573296009718552,10,NaN,23,NaN,1.326626103347938,0.1920960967540621,NaN,NaN,1.476033510087662,0,NaN,0,0,0,0,2
186.4,75,100,80,0,62.71161507118917,5.597164780692355,65.18209498010735,150,0.9,-0,0.001323751696720066,11.98894459848053,27.61875029578395,79372.68272302403,88403.87231133896,6.503208723630364,297.9898816540084,71.843886523093,1.573369382487661,10,NaN,23,NaN,1.331647545940357,0.1920581377337108,NaN,NaN,1.476103781704296,0,NaN,0,0,0,0,2
186.6,75,100,80,0,61.95124986500725,32.10751018651054,6.518209498010735,150,0.9,-0,0.001274466192892632,12.01736485647151,27.64521386625778,79425.86266554531,88465.58706776179,6.503148538104115,297.9360244989716,51.27785017641425,1.573433597952016,10,NaN,23,NaN,1.322471176292902,0.1921271156849782,NaN,NaN,1.476165283168226,0,NaN,0,0,0,0,2
186.8,75,100,80,0,61.20944148178037,9.632253055953161,82.57718562335158,150,0.9,-0,0.00132781328284296,11.99609186270771,27.67238669804144,79478.87533406768,88527.22280112555,6.501076233329306,298.0620006010137,99.41640868630864,1.573503656512728,10,NaN,23,NaN,1.32637578830591,0.1920975764892698,NaN,NaN,1.476232380895343,0,NaN,0,0,0,0,2
187,75,100,80,0,61.30555271603554,51.09885563469007,8.257718562335159,150,0.9,-0,0.00130113756506018,12.00138021703796,27.69895627339503,79531.88804165612,88588.79734554263,6.498409006172437,298.010758976828,79.82221932744373,1.573570847929906,10,NaN,23,NaN,1.336366216801006,0.1920222057126729,NaN,NaN,1.476296732767843,0,NaN,0,0,0,0,2
187.2,75,100,80,0,62.46406737685574,34.80069706330042,0.8257718562335159,150,0.9,-0,0.001276188363552115,12.0165446065897,27.7250103960083,79585.15095382082,88650.58055984945,6.497202868963209,297.9418261241032,53.44514439849562,1.573625579752982,10,NaN,23,NaN,1.337205193989133,0.1920157798062799,NaN,NaN,1.476349151679862,0,NaN,0,0,0,0,2
187.4,75,100,80,0,64.09834079471658,10.44020911899013,54.30492201363919,150,0.9,-0,0.001299330517488975,11.99082207586031,27.75151510788184,79638.7376932132,88712.73969639163,6.4957297519268,298.0008823564421,76.05845101255694,1.573682383530967,10,NaN,23,NaN,1.361305044395193,0.1918341073320007,NaN,NaN,1.476403555068421,0,NaN,0,0,0,0,2
187.6,75,100,80,0,66.32741220880655,29.15008532521314,5.430492201363919,150,0.9,-0,0.001314726060045323,11.98515156452213,27.77828704104421,79692.76540485682,88775.36622504944,6.493608783340028,297.9420143509378,53.50155963973576,1.573743462704724,10,NaN,23,NaN,1.372280209419567,0.1917512768771556,NaN,NaN,1.476462053276226,0,NaN,0,0,0,0,2
187.8,75,100,80,0,69.40614167524328,8.745025597563941,73.17167487365454,150,0.9,-0,0.001305060035579535,12.00318244986112,27.80449664528766,79747.39534583194,88838.56413837164,6.495247814264914,298.0443409125373,92.73810717413193,1.573800129387557,10,NaN,23,NaN,1.372728652040532,0.1917477865470073,NaN,NaN,1.476516325532242,0,NaN,0,0,0,0,2
188,75,100,80,0,71.81485284836631,42.31473755084593,7.317167487365454,150,0.9,-0,0.001235282821837496,12.04561890147652,27.82921072417532,79802.49334819963,88902.08992607181,6.50052200596906,297.9868378300071,70.67335397405691,1.573835315625368,10,NaN,23,NaN,1.364347779236665,0.1918108802551415,NaN,NaN,1.476550025031374,0,NaN,0,0,0,0,2
188.2,75,100,80,0,72.11399601091233,23.37150908607455,0.7317167487365455,150,0.9,-0,0.001250860967182748,12.05811457086393,27.85388349713728,79857.67094972801,88965.71591837679,6.504195630624927,297.917674884535,44.11576601536606,1.573863422537612,10,NaN,23,NaN,1.349334134619307,0.1919239502680399,NaN,NaN,1.47657694435317,0,NaN,0,0,0,0,2
188.4,75,100,80,0,70.96057168552369,7.011452725822366,46.20964518814688,150,0.9,-0,0.001235755909391349,12.06382541463226,27.87818313037083,79912.61847107807,89029.0807797239,6.509502706353401,297.9577071512416,59.49838303649231,1.57388902002014,10,NaN,23,NaN,1.34775082701568,0.191935828372841,NaN,NaN,1.476601460292641,0,NaN,0,0,0,0,2
188.6,75,100,80,0,67.67383753467267,18.2541150006996,4.620964518814688,150,0.9,-0,0.001249721788281371,12.04209141990088,27.90262233502642,79966.90731249287,89091.79355619987,6.512545983191969,297.8995116325091,37.12078223822266,1.573913828349581,10,NaN,23,NaN,1.362908567660714,0.1918215728146694,NaN,NaN,1.476625220438123,0,NaN,0,0,0,0,2
188.8,75,100,80,0,63.18244495218569,5.47623450020988,65.81851079529157,150,0.9,-0,0.001249010401484449,12.03506364564537,27.92711198038985,80020.28748193383,89153.58862425102,6.510178667584459,297.9854387632633,70.18454296055783,1.573938499826287,10,NaN,23,NaN,1.363058138945411,0.1918203976123976,NaN,NaN,1.476648849528552,0,NaN,0,0,0,0,2
189,75,100,80,0,59.64848119947829,31.78924722001777,6.581851079529158,150,0.9,-0,0.001213413922008654,12.03260583075282,27.95117749244943,80072.9504533195,89214.6010936502,6.506540647933693,297.9283681126,48.20953769136307,1.573953516574756,10,NaN,23,NaN,1.37123586295909,0.1917587388218118,NaN,NaN,1.476663231816982,0,NaN,0,0,0,0,2
189.2,75,100,80,0,57.55657932051169,9.53677416600533,84.71860258760482,150,0.9,-0,0.001234907817005456,12.01277056195871,27.97578455539447,80125.1762381955,89275.23013954991,6.502421516565822,298.0567417867684,97.67282635030215,1.573969835947428,10,NaN,23,NaN,1.379459818199701,0.1916967194338398,NaN,NaN,1.476678861700017,0,NaN,0,0,0,0,2
189.4,75,100,80,0,57.10984178218701,51.56752585660234,8.471860258760483,150,0.9,-0,0.00125905482076828,11.9973443120561,28.00083657308631,80177.29367827442,89335.80328340782,6.496743991040469,298.0016164517769,76.41844054810404,1.573994426563195,10,NaN,23,NaN,1.38768138262061,0.1916346922894664,NaN,NaN,1.476702413380837,0,NaN,0,0,0,0,2
189.6,75,100,80,0,58.93768642934549,33.71429973207262,0.8471860258760483,150,0.9,-0,0.001332839214022617,11.97909652369566,28.02715467259937,80229.79628757271,89396.91595344365,6.491805625731013,297.9323804838897,49.70567081799719,1.574042644433015,10,NaN,23,NaN,1.383052185581172,0.1916694973429706,NaN,NaN,1.476748594126584,0,NaN,0,0,0,0,2
189.8,75,100,80,0,62.73346589347415,10.11428991962178,54.22765957241188,150,0.9,-0,0.001402433798663733,11.9470230702094,28.05424159841748,80283.05511196934,89458.91908012064,6.490025819293749,297.9919543008975,72.706131074441,1.574120116710699,10,NaN,23,NaN,1.405310236187047,0.1915015178284465,NaN,NaN,1.476822793454029,0,NaN,0,0,0,0,2
190,75,100,80,0,67.2331731720987,28.65079469232599,5.422765957241189,150,0.9,-0,0.001423324151896216,11.95001981626722,28.08114725981418,80337.20841749627,89521.85003706258,6.490805271978164,297.9357370744466,50.98664568029327,1.574212716801876,10,NaN,23,NaN,1.413333503098254,0.1914408237949065,NaN,NaN,1.47691148169404,0,NaN,0,0,0,0,2
190.2,75,100,80,0,71.42281239542882,8.595238407697796,73.26200199021942,150,0.9,-4000,0.001469717993206853,11.96911928072313,28.10783654705547,79697.11366209728,88785.6422623198,6.520518102374621,298.0391236297515,90.78484881858978,1.565386645784791,10,NaN,23,NaN,1.388284265095969,0.1916469058929191,NaN,NaN,1.46845924154581,0,NaN,0,0,0,0,2
190.4,75,100,80,0,63.64060761047025,42.27536947801508,7.326200199021942,150,0.9,-4000,0.001532204384298474,11.9260838897424,28.13537451538164,79055.52242619044,88047.94795381591,6.543120664122794,297.991656263679,72.65825655658369,1.55239273989839,10,NaN,23,NaN,1.383390490247783,0.1917091063274695,NaN,NaN,1.456019290087726,0,NaN,0,0,0,0,2
190.6,75,100,80,0,46.93328661608724,26.59086513389309,0.7326200199021943,150,0.9,-4000,0.001551777249075666,11.84994943602822,28.1642480959056,78410.68271833174,87306.95248731808,6.555092851144386,297.9314101092856,49.83788033773538,1.539173305760093,10,NaN,23,NaN,1.399600290866848,0.1916125876190264,NaN,NaN,1.443367815270233,0,NaN,0,0,0,0,2
190.8,75,100,80,0.5195032249251369,23.46664330804362,7.977259540167926,46.51584807666165,150,0.9,-4000,0.00159092687530218,11.74822873032235,28.19511782968932,77761.32847644508,86561.42276603899,6.547125869370684,297.98780598497,71.02442198321978,1.525955594037195,10,NaN,23,NaN,1.418481736661732,0.1914958317905995,NaN,NaN,1.430722413739207,0,NaN,0,0,0,0,2
191,75,100,80,0,5.200738258456781,25.31356190745152,4.651584807666166,150,0.9,-4000,0.001563671627142651,11.68045121561057,28.22675048106236,77108.28972416058,85812.09686607492,6.524169310091928,297.949400455578,56.71617956296388,1.512741350812231,10,NaN,23,NaN,1.433090334305855,0.1914112428861943,NaN,NaN,1.41808475112183,0,NaN,0,0,0,0,2
191.2,75,100,80,0,0,7.594068572235456,61.05409853054363,150,0.9,-4000,0.00164527242205108,11.6329823704961,28.25912112449313,76454.27640158634,85061.86008113813,6.497451606861325,298.0497304869974,93.77989186348302,1.499553017273854,10,NaN,23,NaN,1.431616806692425,0.1914480016703012,NaN,NaN,1.40547627245702,0,NaN,0,0,0,0,2
191.4,75,100,80,0,1.553530332374513,40.59848796652112,6.105409853054364,150,0.9,-4000,0.001707390004990493,11.63081181591588,28.29175107568451,75800.63888564063,84312.03388535032,6.473122761401531,298.0189687837868,82.51244344607554,1.486399424810808,10,NaN,23,NaN,1.403522669716987,0.1916856840113184,NaN,NaN,1.39290538827334,0,NaN,0,0,0,0,2
191.6,75,100,80,0,12.81872773453222,31.09811838561988,0.6105409853054364,150,0.9,-4000,0.00162557718187933,11.72388931365949,28.3225439192388,75149.34651731295,83564.36712259451,6.458734633758714,297.9671952557056,63.71067760599302,1.473242200796462,10,NaN,23,NaN,1.34747811864351,0.1921341512354954,NaN,NaN,1.38033540811432,0,NaN,0,0,0,0,2
191.8,75,100,80,0,29.81421498424385,14.17829336369415,0.06105409853054364,150,0.9,-4000,0.001678850089790754,11.78819162111622,28.35225046136408,74501.54839053379,82820.19343181436,6.456380963295357,297.9098221058275,43.05409728064405,1.460092571633169,10,NaN,23,NaN,1.301973331158041,0.1925028501278261,NaN,NaN,1.367777053132474,0,NaN,0,0,0,0,2
192,75,100,80,0,47.743507696764,4.253488009108246,36.4824351413413,150,0.9,-4000,0.001732946222089851,11.84975019074175,28.38058616500011,73857.41453969783,82079.6752921282,6.465369514387574,297.9394789957323,53.63951277172081,1.44696587290441,10,1019.341307284152,23,1949.907288127122,1.266706006623318,0.1927942021196864,28.25912112449313,22.7903633993841,1.355244951943348,0,74.74511664612733,0,0,0,0,2
192.2,75,100,80,0,62.07868774866909,1.276046402732474,0.0001,150,0.9,-0,0.001737614707962338,11.89493801108129,28.40836609942231,73911.14112493058,82142.08782473355,6.461116225526556,297.8737735013145,30.27974664340945,1.443042137150353,10,NaN,23,NaN,1.250905910771531,0.1929208647497693,NaN,NaN,1.351499793154536,0,NaN,0,0,0,0,2
192.4,75,100,80,0,78.19491168900585,0.3828139208197421,53.64721694137287,150,0.9,-0,0.001656075048628736,11.99301588906836,28.43428740749086,73968.08570587644,82207.62171046723,6.469792601067295,297.940612632182,54.06075666725742,1.443036404298838,10,NaN,23,NaN,1.217058660035846,0.1931756515459101,NaN,NaN,1.351494321500636,0,NaN,0,0,0,0,2
192.6,75,100,80,0,90.75580222595877,0.1148441762459226,0.0001,150,0.9,-0,0.001616190993900164,12.05210605519844,28.45867848074904,74027.53765004226,82275.62056638277,6.485335170844793,297.8714612367997,29.43730712149805,1.443193487222057,10,NaN,23,NaN,1.203647976257061,0.1932762433166422,NaN,NaN,1.351644247781924,0,NaN,0,0,0,0,2
192.8,75,100,80,0,97.11851866090191,0.03445325287377678,63.27779814783617,150,0.9,-0,0.001689906538984465,12.05361832175379,28.48288141649996,74088.25271191524,82344.98751445064,6.5030227237017,297.9623876966715,61.84116485086682,1.443372547707479,10,NaN,23,NaN,1.204197316170321,0.1932717595414842,NaN,NaN,1.351815151094893,0,NaN,0,0,0,0,2
193,75,100,80,0,96.42115023013926,27.10251375398561,6.327779814783617,150,0.9,-0,0.001703424541180465,12.05543464492879,28.50699235319851,74148.8160167891,82414.21162632533,6.520497742824871,297.9092351237417,42.88317100183853,1.443560351068365,10,NaN,23,NaN,1.20227760791709,0.1932858328014253,NaN,NaN,1.351994399867357,0,NaN,0,0,0,0,2
193.2,75,100,80,0,88.74133520660908,8.130754126195683,83.93287585254019,150,0.9,-0,0.001691706599303787,12.03196117676038,28.53163339361639,74207.82168626945,82481.86153147125,6.531346801557537,298.0515534102864,93.68567754423582,1.443742608139313,10,NaN,23,NaN,1.210677837694446,0.1932222784959207,NaN,NaN,1.352168355838609,0,NaN,0,0,0,0,2
193.4,75,100,80,0,76.74294973214532,54.22552442140599,8.39328758525402,150,0.9,-0,0.001766293265749319,11.96315983228465,28.55798833927582,74264.40530077534,82547.19606861728,6.538036322799621,298.0039440973834,76.67735035929581,1.443936556397133,10,NaN,23,NaN,1.226453018123008,0.1931031909144027,NaN,NaN,1.35235347142926,0,NaN,0,0,0,0,2
193.6,75,100,80,0,62.06119597056751,38.66617720653238,0.8393287585254021,150,0.9,-0,0.001829135400146458,11.88091126049074,28.58586640556948,74318.06694885511,82609.70065413615,6.534825232327155,297.9448383757903,55.54588452103349,1.444152812525429,10,NaN,23,NaN,1.253868330481675,0.1928963843337329,NaN,NaN,1.352559880078865,0,NaN,0,0,0,0,2
193.8,75,100,80,0,48.68304188442971,11.59985316195971,55.52789030065099,150,0.9,-0,0.001804626948126075,11.82894930997512,28.61465430367781,74369.04435431333,82669.49892903811,6.520570913270148,298.0248307126738,84.16545323956909,1.444370418719614,10,NaN,23,NaN,1.278197768478667,0.1927127164244229,NaN,NaN,1.352767578508665,0,NaN,0,0,0,0,2
194,75,100,80,0,41.01115525336571,37.57194139084945,5.552789030065099,150,0.9,-0,0.001900821280762718,11.77088084004532,28.64408228041057,74418.47594517516,82727.86800055015,6.498134581165194,297.9829110331956,69.15702262286899,1.444608476209639,10,NaN,23,NaN,1.297120175347545,0.1925696748240937,NaN,NaN,1.352994798440894,0,NaN,0,0,0,0,2
194.2,75,100,80,0,42.30530013560974,23.44086116952724,0.5552789030065099,150,0.9,-0,0.001942978378245993,11.77880542160142,28.67311045385442,74468.17969380056,82786.54702944776,6.479066217725264,297.9268360684305,49.06676459346345,1.444865756983023,10,NaN,23,NaN,1.290081383423895,0.1926222136931657,NaN,NaN,1.353240368125178,0,NaN,0,0,0,0,2
194.4,75,100,80,0,51.18956101485125,7.032258350858172,44.41621704341685,150,0.9,-0,0.001965468941135627,11.80336847957752,28.7014875057088,74519.6562457026,82847.0331903656,6.465990024566683,297.979737846704,68.03344244285972,1.445132265949064,10,NaN,23,NaN,1.288129038937856,0.1926364036173902,NaN,NaN,1.353494747707957,0,NaN,0,0,0,0,2
194.6,75,100,80,0,65.29542233873059,22.96028665708221,4.441621704341685,150,0.9,-0,0.002023437140100852,11.85180776511072,28.72851741824595,74573.94895170303,82910.41087260087,6.465245969764865,297.9282344773975,49.55464228309759,1.445417681257368,10,NaN,23,NaN,1.268194539324798,0.1927860194040044,NaN,NaN,1.353767175153171,0,NaN,0,0,0,0,2
194.8,75,100,80,0,79.677631114427,6.888085997124662,65.9898465378923,150,0.9,-0,0.002182788877109744,11.8754296148005,28.75400297006103,74631.10377696615,82976.79177035936,6.474942057631415,298.0302718151333,86.19250785111643,1.445742919049749,10,NaN,23,NaN,1.263770173195415,0.1928187056925487,NaN,NaN,1.354077615460702,0,NaN,0,0,0,0,2
195,75,100,80,0,90.18662391829301,39.78603568817839,6.59898465378923,150,0.9,-0,0.002142930750352724,11.91999374333104,28.77872307024119,74690.34622797034,83045.24872299297,6.487875033760423,297.9770747326134,67.07614731737596,1.446079355223204,10,NaN,23,NaN,1.254162714785763,0.1928903969787717,NaN,NaN,1.354398747460493,0,NaN,0,0,0,0,2
195.2,75,100,80,0,95.54521773359373,21.80295525329733,0.659898465378923,150,0.9,-0,0.002181784148496567,11.92578449408714,28.80297960261968,74750.67700316066,83114.85372759425,6.501377407630946,297.9096807521606,42.83833770352979,1.446426032272782,10,NaN,23,NaN,1.254590817227462,0.1928864949026853,NaN,NaN,1.354729657476421,0,NaN,0,0,0,0,2
195.4,75,100,80,0,95.51135241853299,6.540886575989198,46.7857283270623,150,0.9,-0,0.002176482693555528,11.91966595778259,28.82704198873989,74810.99862412052,83184.45506754055,6.512978747396971,297.9599412994028,60.92911023710255,1.446779639366212,10,NaN,23,NaN,1.264293329098742,0.1928127373710369,NaN,NaN,1.355067185479063,0,NaN,0,0,0,0,2
195.6,75,100,80,0,90.84500866169756,20.99925843396691,4.67857283270623,150,0.9,-0,0.002120252652657625,11.90068972830789,28.85153745387083,74870.3826664977,83253.08971417657,6.521188614534464,297.9039252179036,40.75016438277414,1.447123921981473,10,NaN,23,NaN,1.280249492129664,0.1926918759000905,NaN,NaN,1.355395816034484,0,NaN,0,0,0,0,2
195.8,75,100,80,0,82.89975877095237,6.299777530190072,69.58417611353227,150,0.9,-0,0.002104175958041835,11.86691524219296,28.87660828846585,74928.16248908792,83320.12114835173,6.521260162603614,298.013273709026,80.17272408629992,1.447461777045241,10,NaN,23,NaN,1.295600652002433,0.1925755505242168,NaN,NaN,1.35571831416107,0,NaN,0,0,0,0,2
196,75,100,80,0,74.94173062667996,40.8423232500394,6.958417611353227,150,0.9,-0,0.002144286330290716,11.80138227741192,28.90171174625566,74984.33451688591,83385.58698017008,6.516285505670966,297.9643911994197,62.53576478695018,1.447807692763687,10,NaN,23,NaN,1.342167180389767,0.192223809269486,NaN,NaN,1.356048509536155,0,NaN,0,0,0,0,2
196.2,75,100,80,0,68.96407418685379,23.65550784090347,0.6958417611353227,150,0.9,-0,0.002246939592708138,11.75576137057914,28.92640974315199,75039.32566486138,83449.98183993073,6.508352897317443,297.9058678655944,41.40431423233578,1.448185532257479,10,NaN,23,NaN,1.360681249414071,0.1920834087860493,NaN,NaN,1.356409181342515,0,NaN,0,0,0,0,2
196.4,75,100,80,0,66.1530153130917,7.096652352271041,47.81830746800127,150,0.9,-0,0.002196423075151789,11.75620199279085,28.95175237129724,75093.74902794461,83513.80193458169,6.496102274741229,297.9674407667261,63.6535396124559,1.448570125883273,10,NaN,23,NaN,1.355325159452872,0.1921230685148442,NaN,NaN,1.356776304097181,0,NaN,0,0,0,0,2
196.6,75,100,80,0,68.24690311191866,25.24827320618155,4.781830746800127,150,0.9,-0,0.002175819125470715,11.75888883341107,28.97672231720074,75148.58375423591,83578.03137784336,6.48610469705385,297.9194785225484,46.30953569577272,1.448950945805743,10,NaN,23,NaN,1.361865952686385,0.192072978366534,NaN,NaN,1.357139828254111,0,NaN,0,0,0,0,2
196.8,75,100,80,0,74.31861435294925,7.574481961854466,71.13446723273793,150,0.9,-0,0.002087672079450831,11.80250525565444,29.00109938838408,75204.61524199291,83643.39842141546,6.480024845207592,298.0353377509451,88.23797799724569,1.449316122224367,10,NaN,23,NaN,1.350143765142645,0.192160701328311,NaN,NaN,1.357488422828638,0,NaN,0,0,0,0,2
197,75,100,80,0,82.81662593536851,44.88607718560882,7.113446723273793,150,0.9,-0,0.002183255278573297,11.79658740294951,29.02475367499284,75262.3281232822,83710.56281171225,6.477203236910815,297.9907755701898,72.09882851151772,1.449696438970941,10,NaN,23,NaN,1.363064603913573,0.1920624814668232,NaN,NaN,1.357851473820533,0,NaN,0,0,0,0,2
197.2,75,100,80,0,92.44513052034799,29.96834627249807,0.7113446723273794,150,0.9,-0,0.002265650829851287,11.81088102033595,29.04703071552212,75321.98096896903,83779.75266661902,6.476403523868029,297.9289061336137,49.67362364586295,1.450110810162105,10,NaN,23,NaN,1.366430649661238,0.1920362757241955,NaN,NaN,1.358247037396756,0,NaN,0,0,0,0,2
197.4,75,100,80,0,102.3973148853669,8.990503881749422,51.60740533374149,150,0.9,-0,0.002153787406876269,11.88777274747278,29.0691941804252,75383.61872988867,83850.84598947989,6.48484784276225,297.9905246807613,72.02622422300504,1.450511272265387,10,NaN,23,NaN,1.331570104445887,0.1922984525411378,NaN,NaN,1.358629327313207,0,NaN,0,0,0,0,2
197.6,75,100,80,0,108.9479213327571,28.046903432503,5.160740533374149,150,0.9,-0,0.001996525822434,11.95371315970065,29.09121687388698,75446.5602557344,83923.1059501296,6.498224524540403,297.9329795890816,51.13372371247999,1.450861784556363,10,NaN,23,NaN,1.308202808480209,0.1924739326592976,NaN,NaN,1.358963937363961,0,NaN,0,0,0,0,2
197.8,75,100,80,0,110.1612578208252,8.4140710297509,74.11914990700623,150,0.9,-0,0.00202523839063147,11.94171903462795,29.11316352546123,75509.72823645124,83995.6291057225,6.511986518116119,298.0469804035625,92.55839011619361,1.451198538765655,10,NaN,23,NaN,1.319584524136587,0.1923874792297477,NaN,NaN,1.359285416438231,0,NaN,0,0,0,0,2
198,75,100,80,0,105.8843166171393,45.66267480381988,7.411914990700623,150,0.9,-0,0.001975580254451751,11.93845317988474,29.13546433943369,75572.02388814103,84067.24655399339,6.524207870981027,297.9942935007878,73.39723413987814,1.451526156267734,10,NaN,23,NaN,1.320484135951879,0.1923800575824911,NaN,NaN,1.359598175992237,0,NaN,0,0,0,0,2
198.2,75,100,80,0,96.72512056677409,28.39245237154621,0.7411914990700623,150,0.9,-0,0.002026438258008828,11.89961398301547,29.15832112814743,75632.50385053759,84137.11401448693,6.532226594513625,297.9292909073852,49.73759672285395,1.45186004162061,10,NaN,23,NaN,1.32457796499682,0.1923485415229723,NaN,NaN,1.359916921927935,0,NaN,0,0,0,0,2
198.4,75,100,80,0,84.36728967730502,8.517735711463864,48.86332322164215,150,0.9,-0,0.002030144599623374,11.85246185636326,29.18210944061108,75690.50819026175,84204.52974957258,6.533935918724461,297.9869001013784,70.72295947061647,1.452203128806217,10,NaN,23,NaN,1.33499135397591,0.1922693525129112,NaN,NaN,1.360244455387408,0,NaN,0,0,0,0,2
198.6,75,100,80,0,71.33297551941321,26.22883611657704,4.886332322164215,150,0.9,-0,0.001972685781808803,11.8220032974917,29.20693035040757,75745.89921065531,84269.27323657599,6.530218924245474,297.9365124114132,52.35408900109013,1.452533303886137,10,NaN,23,NaN,1.34024006012466,0.1922291261121528,NaN,NaN,1.360559664912043,0,NaN,0,0,0,0,2
198.8,75,100,80,0,59.78306740058954,7.86865083497311,68.44495932179888,150,0.9,-0,0.001952413231990284,11.78506327592389,29.23260921271958,75798.96421149668,84331.67819297583,6.520651638952988,298.0465578270202,92.50070178384726,1.452849441744896,10,NaN,23,NaN,1.350861784944463,0.1921483956927327,NaN,NaN,1.360861476047006,0,NaN,0,0,0,0,2
199,75,100,80,0,52.06189813282083,43.83144232213191,6.844495932179888,150,0.9,-0,0.001932874213943548,11.7416551133383,29.25880900550346,75850.4675337136,84392.52994594496,6.507616568927623,298.0052034723801,77.40314346647958,1.453162583599769,10,NaN,23,NaN,1.375242951795486,0.1919638309327663,NaN,NaN,1.361160429437869,0,NaN,0,0,0,0,2
199.2,75,100,80,0,49.54741027851893,30.48476786750975,0.6844495932179888,150,0.9,-0,0.001967345180628657,11.72347933528386,29.28493841134342,75901.48099795147,84452.92242639138,6.493510035179038,297.9512355961626,57.68694514376256,1.453481530759249,10,NaN,23,NaN,1.386434668112001,0.191878740629777,NaN,NaN,1.361464927639307,0,NaN,0,0,0,0,2
199.4,75,100,80,0,52.66795341351791,12.37113844651297,0.06844495932179888,150,0.9,-0,0.001920213074115513,11.76589499799542,29.31049903264133,75953.13429252205,84513.90648612041,6.481161810033612,297.8952922501092,37.23479158271128,1.453792954774972,10,NaN,23,NaN,1.36353025545078,0.1920509845568229,NaN,NaN,1.361762245988472,0,NaN,0,0,0,0,2
199.6,75,100,80,0,60.71859067055468,3.711341533953892,36.60372318629662,150,0.9,-0,0.001920457757756497,11.7853458672544,29.3356031156822,76006.39736844097,84576.52608327375,6.473395101824321,297.9273924653153,48.97853978157834,1.454099886088555,10,NaN,23,NaN,1.364787037340434,0.1920409039558714,NaN,NaN,1.36205527752378,0,NaN,0,0,0,0,2
199.8,75,100,80,0,71.86651042328756,1.113402460186167,0.0001,150,0.9,-0,0.001929088893436414,11.83569361283664,29.35991628863705,76061.89035489093,84641.4202427415,6.475629102934381,297.8671362392532,26.91781992244579,1.454413612474489,10,NaN,23,NaN,1.338076335957977,0.1922417758589856,NaN,NaN,1.362354798865484,0,NaN,0,0,0,0,2
200,75,100,80,0,82.10268825962457,0.3340207380558502,53.78807622967403,150,0.9,-0,0.00191466371783986,11.88077917613703,29.38338047131221,76119.42378954896,84708.33351019448,6.482059435916629,297.936182368894,52.21587559923524,1.454723796290379,10,NaN,23,NaN,1.326930156530783,0.192325217724143,NaN,NaN,1.36265094048185,0,NaN,0,0,0,0,2
200.2,65,100,80,0,89.78497120434319,0.1002062214167551,0.0001,250,0.9,-0,0.001920846131226165,12.01644233491072,29.39881521807284,76197.28792310944,84795.58504887854,6.49127964357923,297.865382588234,26.2519318651895,1.657419451563336,4,NaN,23,NaN,1.246497263503871,0.1910910356225256,NaN,NaN,1.349132340704016,0,NaN,0,0,0,0,2
200.4,65,100,80,0,93.78344855706091,0.03006186642502652,65.52515518285256,250,0.9,-0,0.001905585553602982,12.04493416729563,29.41371656963631,76275.94102856128,84883.59547600462,6.501027907466749,297.9554589616605,59.31912304209196,1.672907494329866,4,NaN,23,NaN,1.261311318276652,0.190932056360019,NaN,NaN,1.362019293499108,0,NaN,0,0,0,0,2
200.6,65,100,80,0,93.88981592933077,26.58925611230566,6.552515518285256,250,0.9,-0,0.002035280181348214,12.01670738289015,29.4285084318088,76354.60276598067,84971.75618499896,6.510116584000982,297.8952847590764,37.20618385644634,1.674422762547862,4,NaN,23,NaN,1.269494911181466,0.1908578987974903,NaN,NaN,1.363280368985285,0,NaN,0,0,0,0,2
200.8,65,100,80,0,90.36456591434582,7.976776833691697,88.10365842886691,250,0.9,-0,0.001988478936696121,12.00235165610497,29.443483190022,76432.53685610715,85059.16739139668,6.513687249874056,298.0380049936127,89.70733295397787,1.674899933975012,4,NaN,23,NaN,1.285637371651542,0.1907164609026036,NaN,NaN,1.363677503350384,0,NaN,0,0,0,0,2
201,65,100,80,0,85.42703794556941,53.73974273345691,8.810365842886691,250,0.9,-0,0.002078008811646494,11.96607574623528,29.45869819065036,76509.46081182551,85145.6637666977,6.514011336424354,297.9791359519106,68.02966961848715,1.675317601027237,4,NaN,23,NaN,1.295844399586452,0.1906267785978533,NaN,NaN,1.364025118269459,0,NaN,0,0,0,0,2
201.2,65,100,80,0,80.3528665027366,33.78470884768429,0.8810365842886692,250,0.9,-0,0.002017186972305984,11.96857812791015,29.47458836451552,76585.38767834989,85231.12337221691,6.511650085184456,297.9060675215894,41.09623865187388,1.675725384571979,4,NaN,23,NaN,1.295159220818371,0.1906319544312645,NaN,NaN,1.364364511080394,0,NaN,0,0,0,0,2
201.4,65,100,80,0,76.2216144099819,10.13541265430529,59.77447320063273,250,0.9,-0,0.001955032400162691,11.98973109991368,29.49100290921009,76660.48131912491,85315.69906960544,6.508433878021804,297.9795336786054,68.20315116974862,1.676106336931742,4,NaN,23,NaN,1.278451740755027,0.1907766734417037,NaN,NaN,1.364681575968433,0,NaN,0,0,0,0,2
201.6,65,100,80,0,73.37105635678618,32.50678211182286,5.977447320063273,250,0.9,-0,0.001924547934834763,12.00274829963421,29.50765727481494,76734.99594838444,85399.67130032879,6.504794789409639,297.9176064644066,45.33131555657238,1.676466706293403,4,NaN,23,NaN,1.266876587851683,0.190876717411936,NaN,NaN,1.364981512669596,0,NaN,0,0,0,0,2
201.8,65,100,80,0,71.97478494065784,9.752034633546858,85.9301927441454,250,0.9,-0,0.001949505676765804,11.98519624582546,29.52455456802463,76809.21052663776,85483.39377961124,6.501823590148686,298.0539083083125,95.72138586975824,1.676830793802072,4,NaN,23,NaN,1.274410520415505,0.1908104429257672,NaN,NaN,1.365284546907743,0,NaN,0,0,0,0,2
202,65,100,80,0,71.76344933120033,54.1508673028481,8.593019274414541,250,0.9,-0,0.002006597372581491,11.98338432214968,29.54136711384067,76883.36189249148,85567.11556695135,6.497069805525562,297.9935731845951,73.39408913422805,1.677215603573891,4,NaN,23,NaN,1.269356124344179,0.1908536854894332,NaN,NaN,1.365604831704258,0,NaN,0,0,0,0,2
202.2,65,100,80,0,73.46161169690451,34.33454735275799,0.8593019274414542,250,0.9,-0,0.001950240572991818,12.01053711690243,29.5577658572448,76957.87176586421,85651.14546884793,6.491566309191253,297.9176394020077,45.26705113460134,1.677596103483256,4,NaN,23,NaN,1.265333406530178,0.190887953734568,NaN,NaN,1.365921532529639,0,NaN,0,0,0,0,2
202.4,65,100,80,0,77.35792737758594,10.3003642058274,58.50302079808384,250,0.9,-0,0.001886973943073427,12.05643698531752,29.57367398832939,77033.15539558273,85735.89251988711,6.48742571002713,297.986444280431,70.7784058514378,1.677952765405172,4,NaN,23,NaN,1.250237271922141,0.191018604080482,NaN,NaN,1.366218395225312,0,NaN,0,0,0,0,2
202.6,65,100,80,0,82.90361334372267,31.51902820655771,5.850302079808384,250,0.9,-0,0.001829747151444209,12.10398507042872,29.5883772706748,77109.5406444932,85821.6613493772,6.484731984501473,297.9212643593798,46.58717380884701,1.678284054031624,4,NaN,23,NaN,1.24084340914079,0.1910996688045151,NaN,NaN,1.366494141318471,0,NaN,0,0,0,0,2
202.8,65,100,80,0,89.52640504553233,9.455708461967314,84.02135225178193,250,0.9,-0,0.001883120096998944,12.12971783609593,29.60267399736877,77187.23120174577,85908.80883591794,6.486650833743163,298.0509720435485,94.77589576292823,1.678621231713919,4,NaN,23,NaN,1.225747239185619,0.1912302850438153,NaN,NaN,1.366774791618614,0,NaN,0,0,0,0,2
203,65,100,80,0,95.37115780107212,51.74112238481215,8.402135225178194,250,0.9,-0,0.001913413360044161,12.15458525749705,29.61653250704916,77266.07198082708,85997.13651851547,6.489073931907019,297.98316302484,69.55797832631544,1.678972164860939,4,NaN,23,NaN,1.216547185583846,0.1913095816701927,NaN,NaN,1.367066893962805,0,NaN,0,0,0,0,2
203.2,65,100,80,0,100.2597775938607,29.28565493216895,0.8402135225178194,250,0.9,-0,0.001951938850057693,12.16695840354224,29.62990473220141,77345.91098290018,86086.51391306856,6.491566040269836,297.9043526952918,40.21850418200143,1.679339060205381,4,NaN,23,NaN,1.214372778030758,0.1913277682071133,NaN,NaN,1.367372285490709,0,NaN,0,0,0,0,2
203.4,65,100,80,0,104.1529412846205,8.785696479650683,55.10596006111457,250,0.9,-0,0.001941942681800777,12.18098276592433,29.64283645220079,77426.52501906197,86176.64548299479,6.501501152452975,297.9634666531146,62.24831385957351,1.679707831501939,4,NaN,23,NaN,1.221756549622969,0.1912628657971626,NaN,NaN,1.367679241492375,0,NaN,0,0,0,0,2
203.6,65,100,80,0,104.0478678822309,26.18431547354308,5.510596006111457,250,0.9,-0,0.001967680796227903,12.16674490963253,29.65610124063238,77507.11239884303,86266.80428949058,6.511865367169724,297.8957756345946,36.99577067124519,1.680084349118856,4,NaN,23,NaN,1.229473166719656,0.1911950443750174,NaN,NaN,1.367992648433594,0,NaN,0,0,0,0,2
203.8,65,100,80,0,99.81951874905631,7.855294642062923,82.11498356628798,250,0.9,-0,0.001976652653288282,12.14612815213448,29.66940315162939,77586.83612192186,86356.1264964724,6.520069176136947,298.0196178099808,83.24377333296195,1.680473813862821,4,NaN,23,NaN,1.240551813665886,0.191097948739717,NaN,NaN,1.368316835637659,0,NaN,0,0,0,0,2
204,65,100,80,0,92.31810528795856,47.18011408651422,8.211498356628798,250,0.9,-0,0.001890780654737822,12.13519196083633,29.68316595705831,77665.04189429242,86443.85445910529,6.522112826877008,297.9515142729687,57.78498477803377,1.680846967057749,4,967.5649225153472,23,1981.672817366887,1.251596511644062,0.1910011574374357,29.62990473220141,22.44498058108847,1.368627448384423,0,74.51230511103716,0,0,0,0,2
204.2,65,100,80,0,84.01252355142321,23.49124537619773,0.8211498356628799,250,0.9,-0,0.001852755327758953,12.11390035634182,29.69711903038753,77741.60677526621,86529.89216344559,6.523288228287533,297.8760723438056,29.55469120719576,1.681195951980876,4,NaN,23,NaN,1.267075233216941,0.1908658078765435,NaN,NaN,1.368917946240809,0,NaN,0,0,0,0,2
204.4,65,100,80,0,75.21991660215174,7.047373612859319,53.88347111097276,250,0.9,-0,0.001778732060585664,12.11654148877868,29.71122019823566,77816.40970738415,86614.06538134984,6.518521849916573,297.9332480363282,50.970703398528,1.681513429932263,4,NaN,23,NaN,1.268294950230002,0.1908545775784659,NaN,NaN,1.369182219775324,0,NaN,0,0,0,0,2
204.6,65,100,80,0,68.35057164109283,2.114212083857796,0.0001,250,0.9,-0,0.001731626436891839,12.10191453739097,29.72602405258856,77889.83470244902,86696.82576318384,6.510917836104026,297.8623730846946,24.3979950412681,1.681803263343091,4,NaN,23,NaN,1.275190472225354,0.1907940049407593,NaN,NaN,1.369423483510986,0,NaN,0,0,0,0,2
204.8,65,100,80,0,64.51312595400049,0.6342636251573387,65.19600376567091,250,0.9,-0,0.001694862366555759,12.10901648820372,29.7407259488302,77962.48263221147,86778.76240268322,6.504540747595195,297.948577809101,56.74867533822336,1.682073740420716,4,NaN,23,NaN,1.274208497442488,0.1908020264736618,NaN,NaN,1.369648636279509,0,NaN,0,0,0,0,2
205,65,100,80,0,63.21341092203127,0.1902790875472016,0.0001,250,0.9,-0,0.00170056270850147,12.11746551738183,29.75525239682396,78034.86107196033,86860.41044128784,6.497846925661827,297.8782941042478,30.34810621534485,1.682334259163546,4,NaN,23,NaN,1.270610473620998,0.1908328338923771,NaN,NaN,1.369865500975033,0,NaN,0,0,0,0,2
205.2,65,100,80,0,64.59618971001358,0.05708372626416048,67.16775079555885,250,0.9,-0,0.001683708025244321,12.13658993895392,29.76957230220303,78107.50555870583,86942.28542425438,6.491767373487079,297.9689739116571,64.44185150928352,1.68258225497109,4,NaN,23,NaN,1.268769748231075,0.1908483710640308,NaN,NaN,1.370071942543321,0,NaN,0,0,0,0,2
205.4,65,100,80,0,68.40776101612842,27.30477397817979,6.716775079555885,250,0.9,-0,0.001623035222371461,12.16894056060038,29.78290864826309,78180.90054702283,87024.82614148114,6.490865131524382,297.9058003113739,40.6675608863739,1.682806898703781,4,NaN,23,NaN,1.27075306104072,0.1908306756461244,NaN,NaN,1.370258946087894,0,NaN,0,0,0,0,2
205.6,65,100,80,0,72.56521319305409,8.191432193453936,87.76674364072605,250,0.9,-0,0.001693678809352301,12.17076645521113,29.79610297923022,78255.10617609898,87108.27096241168,6.492751659727681,298.0425583196925,92.18282847946395,1.68304136551559,4,NaN,23,NaN,1.268414677260397,0.1908505697056506,NaN,NaN,1.370454127993137,0,NaN,0,0,0,0,2
205.8,65,100,80,0,75.97547431519439,52.31425874204292,8.776674364072605,250,0.9,-0,0.001682628746405031,12.2034100990581,29.80891720523838,78329.97351532518,87192.37139865327,6.496521571626985,297.9771040746321,67.50334285187083,1.683284533999308,4,NaN,23,NaN,1.253319129474572,0.1909814371209935,NaN,NaN,1.370656554887155,0,NaN,0,0,0,0,2
206,65,100,80,0,77.88051724362111,30.30279612227262,0.8776674364072605,250,0.9,-0,0.001694506898083739,12.21973651814019,29.82150585553729,78405.2420608322,87276.89961600285,6.502619686248968,297.9015192144004,38.97670558491762,1.683531978128794,4,NaN,23,NaN,1.242920681966717,0.1910714030348183,NaN,NaN,1.370862542404865,0,NaN,0,0,0,0,2
206.2,65,100,80,0,77.34470464615157,9.090838836681787,56.3108500465846,250,0.9,-0,0.001742318478873259,12.22051322895626,29.83430151171717,78480.3992152509,87361.35724587731,6.508463527324818,297.9633380592707,62.33033670831547,1.683790145672281,4,NaN,23,NaN,1.236820166839635,0.1911239543495713,NaN,NaN,1.371077458183992,0,NaN,0,0,0,0,2
206.4,65,100,80,0,74.47963988428577,27.29219730866508,5.631085004658461,250,0.9,-0,0.001755534769621308,12.202154637267,29.84707118039424,78554.9769420526,87445.23794260148,6.511219901034757,297.8997989782268,38.30385144690326,1.684054973572322,4,NaN,23,NaN,1.251163925620411,0.1909986882753751,NaN,NaN,1.371297920013961,0,NaN,0,0,0,0,2
206.6,65,100,80,0,70.52133885605723,8.187659192599526,81.84883719402738,250,0.9,-0,0.001816034220356671,12.17819333583527,29.85990086027577,78628.74493413998,87528.37493585078,6.508952353346267,298.0220273165835,84.56673535885452,1.68433846178208,4,NaN,23,NaN,1.259147214762226,0.190928688056315,NaN,NaN,1.371533917745986,0,NaN,0,0,0,0,2
206.8,65,100,80,0,67.47665546984057,47.07544071699651,8.184883719402739,250,0.9,-0,0.001857096058102335,12.1562100435625,29.87280680465238,78701.88683494722,87610.9310721434,6.506252044249579,297.9547134927609,59.064830493889,1.684643118657103,4,NaN,23,NaN,1.270171793526624,0.1908321699377066,NaN,NaN,1.371787539906121,0,NaN,0,0,0,0,2
207,65,100,80,0,65.49743863124291,23.76148333240941,0.818488371940274,250,0.9,-0,0.001919344933542915,12.11491046762378,29.88582310666246,78774.65391559935,87693.20124348387,6.503257226036036,297.8783218839323,30.09682114686623,1.6849770350019,4,NaN,23,NaN,1.29458323271737,0.1906190323186694,NaN,NaN,1.372065522477784,0,NaN,0,0,0,0,2
207.2,65,100,80,0,64.71573023145964,7.128444999722824,54.18613323888259,250,0.9,-0,0.001934792034428401,12.13553854438442,29.8988390743443,78847.2618960783,87775.35084098036,6.497907508705097,297.9346176057031,51.4641967964857,1.685332481227226,4,NaN,23,NaN,1.275178035477247,0.1907872644608803,NaN,NaN,1.3723614311996,0,NaN,0,0,0,0,2
207.4,65,100,80,0,66.08069040398289,2.138533499916847,0.0001,250,0.9,-0,0.001923902706566144,12.12846790902733,29.91176372486926,78920.13907545366,87857.77242325198,6.495084718794399,297.8640137492281,24.64120513090505,1.685689485292264,4,NaN,23,NaN,1.290099687455712,0.1906566862779988,NaN,NaN,1.372658639628892,0,NaN,0,0,0,0,2
207.6,65,100,80,0,68.55894254167157,0.641560049975054,64.59087103951352,250,0.9,-0,0.001911125999555833,12.15845416126698,29.92408517561467,78993.502856177,87940.66984057437,6.494158703848142,297.9469774095544,56.18913830178982,1.68604227366979,4,NaN,23,NaN,1.279706166543334,0.1907464766175425,NaN,NaN,1.372952341231877,0,NaN,0,0,0,0,2
207.8,65,100,80,0,71.40946540372423,0.1924680149925162,0.0001,250,0.9,-0,0.001997715541205409,12.15277034112733,29.93602264954015,79067.42762290761,88024.22337010341,6.493659809358981,297.8769702523812,29.54311949875095,1.686418004936725,4,NaN,23,NaN,1.278910526137155,0.1907526727192463,NaN,NaN,1.37326514615461,0,NaN,0,0,0,0,2
208,65,100,80,0,74.46421478622834,0.05774040449775486,66.54147977230012,250,0.9,-0,0.002005901119910486,12.15657928661762,29.94785064388835,79141.95321300287,88108.41216445502,6.494266703610251,297.9643350840482,62.82714799125363,1.686815679658945,4,NaN,23,NaN,1.282181167776518,0.1907234334957647,NaN,NaN,1.37359622290315,0,NaN,0,0,0,0,2
208.2,65,100,80,0,77.27394626661825,26.11004547270678,6.654147977230013,250,0.9,-0,0.001976041834676031,12.17713892963613,29.95908806012373,79217.02946637759,88193.11770053545,6.494251320748607,297.900545864202,38.50181789129117,1.68721287944781,4,NaN,23,NaN,1.281711083514207,0.1907267546635502,NaN,NaN,1.37392690773932,0,NaN,0,0,0,0,2
208.4,65,100,80,0,80.09541048456589,7.833013641812032,86.97884650290855,250,0.9,-0,0.001919407849044022,12.20446994722661,29.96978001403448,79292.64994283977,88278.30843278654,6.49470482654506,298.0322408872115,88.77021894900241,1.687591783985502,4,NaN,23,NaN,1.281425869284412,0.1907285021272767,NaN,NaN,1.374242364287044,0,NaN,0,0,0,0,2
208.6,65,100,80,0,82.73194314237244,50.01668563651539,8.697884650290856,250,0.9,-0,0.001959677151552776,12.21735966890226,29.97985271032933,79368.77927097461,88364.04740865968,6.494133176981236,297.960593348567,61.39587817826497,1.687972415324413,4,NaN,23,NaN,1.275022634554305,0.1907834938938469,NaN,NaN,1.374559261672095,0,NaN,0,0,0,0,2
208.8,65,100,80,0,85.60199857899583,25.51960540203372,0.8697884650290857,250,0.9,-0,0.00201393646721011,12.21056562351815,29.98957620823533,79445.50491458327,88450.46054036425,6.491201869467085,297.8815221651959,31.1560149448204,1.688378313493585,4,NaN,23,NaN,1.280513432952048,0.1907349180261281,NaN,NaN,1.374897198663856,0,NaN,0,0,0,0,2
209,65,100,80,0,89.64903620220393,7.655881620610115,55.02464271309923,250,0.9,-0,0.001986199481841039,12.24506262469895,29.99866521887376,79523.03735470823,88537.65856754887,6.489858623745514,297.9378201483308,52.70747366711665,1.688790708677523,4,NaN,23,NaN,1.27077012869918,0.19081891273148,NaN,NaN,1.375240548573593,0,NaN,0,0,0,0,2
209.2,65,100,80,0,94.22061236591988,2.296764486183034,0.0001,250,0.9,-0,0.001913351332507732,12.28230422114581,30.00743365517885,79601.47991285835,88625.68985757808,6.49016423754141,297.866971006021,25.55903373014742,1.6891762887858,4,NaN,23,NaN,1.267134151996548,0.1908498030233532,NaN,NaN,1.375561576318535,0,NaN,0,0,0,0,2
209.4,65,100,80,0,98.66961654979643,0.6890293458549103,64.2318017586484,250,0.9,-0,0.001979560422596368,12.27867195681203,30.01584033572956,79680.80313373281,88714.69307887711,6.492584856104543,297.9478434276886,56.57898201595169,1.689568121313548,4,NaN,23,NaN,1.271508433719324,0.190810979105656,NaN,NaN,1.375887813088858,0,NaN,0,0,0,0,2
209.6,65,100,80,0,102.1487124432391,0.2067088037564731,0.0001,250,0.9,-0,0.001899574306497777,12.31716781132616,30.02400299896646,79760.81285673409,88804.28720212371,6.499942776386836,297.8780287684023,29.7736257068704,1.689945534338639,4,NaN,23,NaN,1.266952151773432,0.1908498933028976,NaN,NaN,1.376202047496004,0,NaN,0,0,0,0,2
209.8,65,100,80,0,102.675213889381,0.06201264112694192,65.76345832608311,250,0.9,-0,0.001924568727401153,12.30930466381966,30.03205247588811,79840.9177392858,88894.01078270393,6.510577357289367,297.9624144270618,62.20602769368532,1.690314333244344,4,NaN,23,NaN,1.275733176109721,0.1907727655623238,NaN,NaN,1.376509112817745,0,NaN,0,0,0,0,2
210,65,100,80,0,98.95293489317704,25.12475363837855,6.576345832608311,250,0.9,-0,0.001942164744486802,12.27942702216718,30.04036390417978,79920.26757701361,88983.01070505018,6.518724642040965,297.8955547856202,36.48382254671588,1.690692524931884,4,NaN,23,NaN,1.294590821563464,0.1906078847147641,NaN,NaN,1.376824001773451,0,NaN,0,0,0,0,2
210.2,65,100,80,0,91.9903856416939,7.537426091513565,87.16810361167252,250,0.9,-4000,0.001984398223249411,12.26568970466221,30.04897888331899,79303.91162168866,88270.59671877061,6.549961093276705,298.0260522591191,86.52007198273455,1.681987504675988,4,NaN,23,NaN,1.28798826312104,0.1906822475218418,NaN,NaN,1.369576851031521,0,NaN,0,0,0,0,2
210.4,65,100,80,0,72.44956408216372,49.14380622020613,8.716810361167253,250,0.9,-4000,0.002196597186640733,12.14719440736144,30.05850305247952,78683.69474588528,87554.47556813704,6.572166166606239,297.9482361623037,56.91485480188513,1.668436173056999,4,NaN,23,NaN,1.304166995127906,0.1905676356266726,NaN,NaN,1.358298350782596,0,NaN,0,0,0,0,2
210.6,65,100,80,0.5185827903356917,36.22478204108186,14.74314186606184,115.4657711788414,250,0.9,-4000,0.002338755566044537,11.96382372058283,30.06988690772878,78056.37454773638,86831.32055942429,6.56804955746946,298.1428174819332,130.3592746925824,1.65455407147392,4,NaN,23,NaN,1.358173400565016,0.1901237903131595,NaN,NaN,1.34674875760463,0,NaN,0,0,0,0,2
210.8,65,100,80,1.040141099756389,18.11239102054093,80.51617395075941,11.54657711788414,250,0.9,-4000,0.002426281320849411,11.87306104832314,30.08206609135442,77425.57939142744,86104.72109718149,6.550087571655124,298.0519304469142,96.32903906875636,1.640698334613156,4,NaN,23,NaN,1.378009959269627,0.1899775056282341,NaN,NaN,1.335225335819835,0,NaN,0,0,0,0,2
211,65,100,80,1.562206215363695,9.056195510270465,53.05644254448983,1.154657711788414,250,0.9,-4000,0.002570565778407013,11.82040739689266,30.0930950215637,76793.17693535679,85376.55735798154,6.525246101596098,297.9552393017435,60.41946568638229,1.626905902257748,4,NaN,23,NaN,1.383295881216393,0.1899580071549801,NaN,NaN,1.323758763904527,0,NaN,0,0,0,0,2
211.2,65,100,80,0,0,22.32704198251658,0.1154657711788414,250,0.9,-4000,0.002679061719655486,11.76786058155399,30.10305134807524,76158.74698347528,84646.35784494807,6.496192381660894,297.8796854531984,32.5902458510925,1.613173958375123,4,NaN,23,NaN,1.3903844681327,0.1899226338252896,NaN,NaN,1.312346642055644,0,NaN,0,0,0,0,2
211.4,65,100,80,0,2.058850832841089,6.698112594754972,44.88331961368137,250,0.9,-4000,0.002776900894275473,11.77512846375535,30.11099908082606,75524.79783366183,83916.63335316922,6.470904188260317,297.9243941361937,48.92149785343894,1.599490657683976,4,NaN,23,NaN,1.377571361685442,0.1900609259123383,NaN,NaN,1.30097907438656,0,NaN,0,0,0,0,2
211.6,65,100,80,0,14.20714889927567,2.009433778426492,0.0001,250,0.9,-4000,0.002899825284030195,11.81188736163922,30.11570555676879,74893.34379548692,83189.4236850251,6.456257524309263,297.8585741502879,25.07893434930987,1.5858657855478,4,NaN,23,NaN,1.356420015414542,0.1902718830772754,NaN,NaN,1.289664139690581,0,NaN,0,0,0,0,2
211.8,65,100,80,0,32.19125801444789,0.6028301335279475,61.21777024141651,250,0.9,-4000,0.003441368657776241,11.87532294219587,30.11041480703329,74265.54119938957,82465.96938260646,6.456687482795567,297.9425172293843,55.23190968978921,1.572374569651718,4,NaN,23,NaN,1.331291665765254,0.1905172431289522,NaN,NaN,1.278464223370335,0,NaN,0,0,0,0,2
212,65,100,80,0,49.98798530774276,0.1808490400583842,0.0001,250,0.9,-4000,0.003504089569702868,11.95715270739494,30.10001950220928,73641.34844341477,81746.1016150934,6.468542914414909,297.8707926114947,29.68433744897278,1.559004209751645,4,NaN,23,NaN,1.289859314821379,0.1909044569040363,NaN,NaN,1.267368583793542,0,NaN,0,0,0,0,2
212.2,65,100,80,0,63.05330959322374,0.05425471201751527,68.52548188211422,250,0.9,-0,0.003166812715352117,11.97004457737314,30.09125716594131,73714.0831193519,81828.83338602578,6.466121364374106,297.9729213247621,65.92552580765316,1.555024545409232,4,NaN,23,NaN,1.29782854128922,0.1908426972221093,NaN,NaN,1.264066744418002,0,NaN,0,0,0,0,2
212.4,65,100,80,0,77.17064390889698,30.98131835451388,6.852548188211422,250,0.9,-0,0.002994977074285174,12.02559754350701,30.08610885178417,73789.63074740437,81914.36165902126,6.470412159171135,297.8922298690792,37.26288400879746,1.555618467433938,4,NaN,23,NaN,1.288234136062392,0.1909251898638787,NaN,NaN,1.264559486286678,0,NaN,0,0,0,0,2
212.6,65,100,80,0,89.50395747337798,9.294395506354164,102.2749595603948,250,0.9,-0,0.002937656490679591,12.07560005395493,30.08163337551111,73867.62020619724,82002.31841333149,6.481431644872874,298.0712691701518,100.9257321292649,1.556477497225087,4,NaN,23,NaN,1.28275441373305,0.1909712877221142,NaN,NaN,1.265272186047512,0,NaN,0,0,0,0,2
212.8,65,100,80,0,97.4288861544772,67.62676038446722,10.22749595603948,250,0.9,-0,0.002996512796659732,12.09891015042361,30.07574647943063,73947.17354010462,82091.87153883083,6.495956921268726,297.9700963249387,64.91252405233094,1.557357079952934,4,NaN,23,NaN,1.281458150467509,0.1909808793217156,NaN,NaN,1.266001954482381,0,NaN,0,0,0,0,2
213,65,100,80,0,99.55373709465404,34.05192790860988,1.022749595603948,250,0.9,-0,0.002962018046421111,12.10943023538347,30.07035898645709,74027.18020608972,82181.91981911624,6.512948723569718,297.8743050363041,30.77836235196326,1.558249433145914,4,NaN,23,NaN,1.273501242254822,0.191048490894072,NaN,NaN,1.266742335626957,0,NaN,0,0,0,0,2
213.2,65,100,80,0,94.88499543968645,10.21557837258296,62.63509593489724,250,0.9,-0,0.002894394527883798,12.08425669994901,30.06666054916236,74106.24902211889,82271.0423978336,6.527066236654774,297.9526001460423,58.70775710782392,1.559131748015914,4,NaN,23,NaN,1.284566199810997,0.1909503473906724,NaN,NaN,1.267474405219868,0,NaN,0,0,0,0,2
213.4,65,100,80,0,84.58656910222085,33.23226475841847,6.263509593489724,250,0.9,-0,0.002822849483686593,12.05452056788194,30.06500036262267,74183.25198387432,82358.0910446464,6.535847943280072,297.8696567853295,29.08920053020749,1.559989408627556,4,NaN,23,NaN,1.290775015639627,0.1908945640824287,NaN,NaN,1.268186035202691,0,NaN,0,0,0,0,2
213.6,65,100,80,0,70.78376383433316,9.96967942752554,103.7576933408836,250,0.9,-0,0.00275492186358567,11.99995710268663,30.06559606474583,74257.46960009956,82442.34455057984,6.534748608482558,298.0508291732419,93.85051435440509,1.560817800702735,4,NaN,23,NaN,1.312493052027025,0.1907035940826212,NaN,NaN,1.268873395432458,0,NaN,0,0,0,0,2
213.8,65,100,80,0,57.43602772064671,68.20835791248646,10.37576933408836,250,0.9,-0,0.00249676090040406,11.98401856593834,30.07043668157863,74328.99726561068,82523.79424101172,6.52309699102016,297.9462745517452,56.44003711891181,1.561568735024827,4,NaN,23,NaN,1.316719345684278,0.1906652792553729,NaN,NaN,1.26949649793961,0,NaN,0,0,0,0,2
214,65,100,80,0,48.75193074650735,20.46250737374594,155.6129309905331,250,0.9,-0,0.002362128483426983,11.96923795265753,30.0775783186052,74398.74592704792,82603.3963367041,6.506949417520858,298.2456670869711,163.6671833912608,1.562238129879709,4,NaN,23,NaN,1.326987186242664,0.1905744170038908,NaN,NaN,1.270051951914898,0,NaN,0,0,0,0,2
214.2,65,100,80,0,46.50784260336237,122.5223873783634,15.56129309905331,250,0.9,-0,0.00224472139856359,11.99232777364199,30.08589507627645,74468.01094992214,82682.45518224163,6.490574570693036,298.1035575455738,112.7230153208142,1.56285063045026,4,NaN,23,NaN,1.315602227599773,0.1906725396219042,NaN,NaN,1.270560204476724,0,NaN,0,0,0,0,2
214.4,65,100,80,0,50.80005158854527,80.46166734351688,1.556129309905331,250,0.9,-0,0.002201220690820638,12.04446743929027,30.09419776978857,74538.17813725723,82762.37020821811,6.478360629131544,297.9713779808157,65.29401505380207,1.563423986178056,4,NaN,23,NaN,1.290857848231824,0.1908871817183166,NaN,NaN,1.271035982142838,0,NaN,0,0,0,0,2
214.6,65,100,80,0,59.96346215440048,39.80894702145976,0.1556129309905331,250,0.9,-0,0.002203498182426969,12.0745781091637,30.1017462976042,74610.21433194815,82844.16012365583,6.473585569127104,297.8687825776217,28.4452220508749,1.563986747327782,4,NaN,23,NaN,1.288356721605522,0.1909078917401089,NaN,NaN,1.271502975320364,0,NaN,0,0,0,0,2
214.8,65,100,80,0,71.02581208737648,11.94268410643793,63.78616126579404,250,0.9,-0,0.002149200099795533,12.13559512266368,30.10869455435562,74684.46063134179,82928.12246501779,6.478239514610975,297.9476608830359,56.80346955526495,1.56453315599656,4,NaN,23,NaN,1.273938053678281,0.1910324897471516,NaN,NaN,1.271956405460617,0,NaN,0,0,0,0,2
215,65,100,80,0,80.21946110978534,3.582805231931378,0.0001,250,0.9,-0,0.002169843407971992,12.17830910895965,30.11486123363882,74760.53801395175,83013.93009494223,6.488171199109301,297.8736640121977,30.1733746323802,1.56507282725672,4,NaN,23,NaN,1.258245914368065,0.1911681523786204,NaN,NaN,1.272404251088467,0,NaN,0,0,0,0,2
215.2,65,100,80,0,85.45329816645884,1.074841569579413,70.7686403974261,250,0.9,-0,0.002185770572085861,12.19836044007856,30.12062061492606,74837.64954279043,83100.80722286405,6.499507016507224,297.9784464259349,67.9212454906658,1.565620403221622,4,NaN,23,NaN,1.251197225617669,0.1912284814657778,NaN,NaN,1.272858662967377,0,NaN,0,0,0,0,2
215.4,65,100,80,0,86.16509147289854,33.0421512976358,7.07686403974261,250,0.9,-0,0.00220624082373916,12.21461966254958,30.12607038641061,74914.89172245539,83187.83751173911,6.510631055188378,297.9000948699933,39.66590279477173,1.566177941362819,4,NaN,23,NaN,1.237544865531229,0.1913462796768823,NaN,NaN,1.273321348835498,0,NaN,0,0,0,0,2
215.6,65,100,80,0,82.43245716634637,9.912645389290741,102.7242475157948,250,0.9,-0,0.002261932604578141,12.20328863416804,30.13127284671766,74991.36212603906,83274.13627354534,6.519944628525368,298.0772309420897,103.6105288219872,1.566751826425657,4,NaN,23,NaN,1.236193343230372,0.1913569308084651,NaN,NaN,1.273797607706234,0,NaN,0,0,0,0,2
215.8,65,100,80,0,74.97965415943338,67.86578455687918,10.27242475157948,250,0.9,-0,0.002393279479136014,12.15370732855681,30.13599613504014,75066.32035261577,83359.02542744753,6.524089982853652,297.98102167735,68.84470557104538,1.56737021487515,4,NaN,23,NaN,1.24811535527649,0.1912519210531377,NaN,NaN,1.274310807390486,0,NaN,0,0,0,0,2
216,65,100,80,0,65.87986769045425,36.24122800932939,1.027242475157948,250,0.9,-0,0.002423038642612193,12.11131500083912,30.14094523671949,75139.48705986969,83442.15360585244,6.521718497962503,297.8856543847927,34.34907963469871,1.568022598159907,4,755.4986592968064,23,1955.485982040668,1.264909465872959,0.1911043783131608,30.12062061492606,22.08979684150591,1.274852228447606,0,70.29499538079641,0,0,0,0,2
216.2,65,100,80,0,57.73351210974647,10.87236840279882,63.66822263307044,250,0.9,-0,0.002357300900180572,12.09139433933325,30.14724887913714,75211.02094211537,83523.62290730259,6.515627375189103,297.9643306279609,62.83479415612565,1.568665821472606,4,NaN,23,NaN,1.273653027487958,0.1910269530130985,NaN,NaN,1.275386056685059,0,NaN,0,0,0,0,2
216.4,65,100,80,0,52.01495216515028,34.44296641972069,6.366822263307045,250,0.9,-0,0.002365881065149693,12.08128581289182,30.15395515685723,75281.4051504196,83603.96406670271,6.506931807830161,297.8834118305236,33.50938724965373,1.569302914733711,4,NaN,23,NaN,1.268793837424794,0.191068052828719,NaN,NaN,1.275914806390466,0,NaN,0,0,0,0,2
216.6,65,100,80,0,49.77125890114841,10.33288992591621,101.7053003382272,250,0.9,-0,0.0023207085152923,12.09114476416578,30.16116993754408,75351.31726768964,83683.81573398015,6.493339529402791,298.056023039283,96.12313170342162,1.569927823420904,4,NaN,23,NaN,1.263769096331329,0.1911106133739296,NaN,NaN,1.276433452285435,0,NaN,0,0,0,0,2
216.8,65,100,80,0,52.97220399772529,66.11859157334491,10.17053003382273,250,0.9,-0,0.00265489033133126,12.05025331852712,30.164732414143,75421.84985539794,83764.52029214111,6.484204051256024,297.9564319182181,59.96322127845529,1.570640970970938,4,NaN,23,NaN,1.272013445707577,0.1910374051636257,NaN,NaN,1.277025342922894,0,NaN,0,0,0,0,2
217,65,100,80,0,59.79705257266934,32.56593471336642,1.017053003382273,250,0.9,-0,0.002772687531404795,12.06641298369832,30.16574127787941,75493.77677645773,83846.68028093217,6.48104931166946,297.8616527218869,25.51788278287475,1.571447461283144,4,NaN,23,NaN,1.27194724455432,0.1910364166623723,NaN,NaN,1.277694718662047,0,NaN,0,0,0,0,2
217.2,65,100,80,0,67.87844192065977,9.769780414009924,63.7713689691479,250,0.9,-0,0.002702679854620586,12.11189612291348,30.16677843901425,75567.31630678634,83930.41585429752,6.483041444325617,297.9402942173179,54.12587565693304,1.572257961127832,4,NaN,23,NaN,1.263536474110279,0.1911081155562898,NaN,NaN,1.278367436657997,0,NaN,0,0,0,0,2
217.4,65,100,80,0,75.16523482862367,2.930934124202977,0.0001,250,0.9,-0,0.002477336622007494,12.1698109112714,30.17029330416153,75642.30558642728,84015.48995700086,6.489823056668944,297.8667272901226,27.33757724388943,1.572990801908062,4,NaN,23,NaN,1.251784913480964,0.191209045106294,NaN,NaN,1.278975709759152,0,NaN,0,0,0,0,2
217.6,65,100,80,0,79.7401432970598,0.8792802372608931,71.31592811604186,250,0.9,-0,0.002247252213690934,12.22475596605755,30.1755821460978,75718.19724933465,84101.31506919728,6.497596556113988,297.9711840914097,65.4119074106504,1.573614262345488,4,NaN,23,NaN,1.245404322340035,0.1912633954910496,NaN,NaN,1.279493204191144,0,NaN,0,0,0,0,2
217.8,65,100,80,0,81.21772493278337,32.47090201488671,7.131592811604186,250,0.9,-0,0.002275157163131591,12.22885377206072,30.18071866651161,75794.37368946866,84187.4648220557,6.505453253026516,297.8882305066817,35.14499868779804,1.574201182099875,4,NaN,23,NaN,1.242625011173117,0.1912864543662274,NaN,NaN,1.279980376357561,0,NaN,0,0,0,0,2
218,65,100,80,0,79.55552895452789,9.741270604466013,105.8250764187499,250,0.9,-0,0.002159157151312873,12.27200012754452,30.18647083048733,75870.19250285666,84273.14494774457,6.510783479065458,298.068899592053,101.1308765198654,1.574747549183569,4,NaN,23,NaN,1.226515064224712,0.1914256315193818,NaN,NaN,1.280433894623865,0,NaN,0,0,0,0,2
218.2,65,100,80,0,75.76979561705689,68.50290094358026,10.582507641875,250,0.9,-0,0.00206146417631829,12.28079525712324,30.1928993095501,75945.23348256061,84357.96440031362,6.512998968297842,297.9634361121499,62.57405861451302,1.575239903911262,4,NaN,23,NaN,1.226663418513704,0.1914233827379933,NaN,NaN,1.280842584934601,0,NaN,0,0,0,0,2
218.4,65,100,80,0,71.09999821656267,33.34671693870941,1.0582507641875,250,0.9,-0,0.0020147906451592,12.28210896709053,30.20015890651875,76019.37136509716,84441.83725731987,6.515736585608262,297.8661670884546,26.9781074573826,1.575694235447397,4,NaN,23,NaN,1.22583484181982,0.1914297105932273,NaN,NaN,1.281219717951662,0,NaN,0,0,0,0,2
218.6,65,100,80,0,65.32347415402337,10.00401508161282,62.92813638057193,250,0.9,-0,0.001984438411791092,12.28197520786401,30.2076351518799,76092.3513419771,84524.51710253944,6.514910370398883,297.9412539827393,54.48305666853973,1.576128008506225,4,NaN,23,NaN,1.222349669954484,0.1914591983582788,NaN,NaN,1.281579789953889,0,NaN,0,0,0,0,2
218.8,65,100,80,0,59.89079635575042,3.001204524483847,0.0001,250,0.9,-0,0.00205132380906114,12.23104774236877,30.21581386158262,76164.23798428271,84606.1832064777,6.512615616152603,297.8677234710227,27.52250637984363,1.576575559796683,4,NaN,23,NaN,1.242677936598171,0.1912813790664403,NaN,NaN,1.281951303505344,0,NaN,0,0,0,0,2
219,65,100,80,0,55.36943279996701,0.9003613573451539,70.28738740610623,250,0.9,-0,0.001977251321082552,12.23862796502581,30.22457293289556,76235.20873423782,84686.85117243936,6.508477611548228,297.96863584687,64.55764184028961,1.577008296719293,4,NaN,23,NaN,1.246275401749329,0.1912492156087195,NaN,NaN,1.282310523796033,0,NaN,0,0,0,0,2
219.2,65,100,80,0,52.50461762219001,31.30624002587574,7.028738740610624,250,0.9,-0,0.001929168297263214,12.24567320889283,30.23358594891389,76305.59637548433,84766.89325486388,6.502297296134386,297.8881648190943,34.99705278819002,1.577413083035599,4,NaN,23,NaN,1.244490175577674,0.1912639729284269,NaN,NaN,1.282646545667441,0,NaN,0,0,0,0,2
219.4,65,100,80,0,52.11272898825906,9.391872007762723,103.0426785015322,250,0.9,-0,0.001881504005648931,12.26725328558746,30.24262957028313,76375.88191648366,84846.78387938227,6.496639722968012,298.0609703753514,98.53493122755948,1.577792909403849,4,NaN,23,NaN,1.237847110024197,0.1913210700760445,NaN,NaN,1.282961851021784,0,NaN,0,0,0,0,2
219.6,65,100,80,0,53.97561963171578,65.41950234082192,10.30426785015322,250,0.9,-0,0.001834964116557489,12.2939162109556,30.2514048976218,76446.52090064983,84926.97158744348,6.494343265091648,297.9569612700147,60.25702137311082,1.578145359960155,4,NaN,23,NaN,1.23264050085823,0.1913657082086314,NaN,NaN,1.283254433723394,0,NaN,0,0,0,0,2
219.8,65,100,80,0,56.74774174275868,30.52670840340012,1.030426785015322,250,0.9,-0,0.001864632733831126,12.27200696652243,30.26018306858935,76517.74513732558,85007.77665141343,6.494106996423039,297.8615102509561,25.09599942149373,1.578494646707609,4,NaN,23,NaN,1.257134348235059,0.1911517670396634,NaN,NaN,1.283544392720085,0,NaN,0,0,0,0,2
220,65,100,80,0,59.61836946957188,9.158012521020035,60.85768759555221,250,0.9,-0,0.001830897476722805,12.31086424966432,30.26849625897172,76589.54162670794,85089.11173083466,6.495485578986377,297.9320478425883,51.10407260336238,1.578836344810113,4,NaN,23,NaN,1.244537010603899,0.1912607993365439,NaN,NaN,1.283828054628589,0,NaN,0,0,0,0,2
220.2,65,100,80,0,61.93886006447359,2.747403756306011,0.0001,250,0.9,-0,0.001858750371949397,12.29906258789223,30.2769961114951,76661.79623990646,85170.95651347184,6.496237702753503,297.8591210798893,24.18966378209301,1.57918151599418,4,NaN,23,NaN,1.253803357403956,0.1911794416926784,NaN,NaN,1.284114602334113,0,NaN,0,0,0,0,2
220.4,65,100,80,0,63.96572346131882,0.8242211268918032,70.43561449616293,250,0.9,-0,0.001835673386185296,12.33104566631834,30.28511858752592,76734.44440130432,85253.17741695273,6.496502011395933,297.9595979551788,61.3067591501293,1.579527533907114,4,NaN,23,NaN,1.238918833567157,0.1913083683639846,NaN,NaN,1.284401855589769,0,NaN,0,0,0,0,2
220.6,65,100,80,0,65.8864587666534,30.75273431783323,7.043561449616293,250,0.9,-0,0.001792686188468399,12.34228917693319,30.29273559209653,76807.46646652052,85335.71094243132,6.501704169806968,297.8789297537658,31.4788390166466,1.579854940441966,4,NaN,23,NaN,1.249406465878871,0.1912164213810147,NaN,NaN,1.284673660684525,0,NaN,0,0,0,0,2
220.8,65,100,80,0,65.70857355193388,9.225820295349969,104.2864628109083,250,0.9,-0,0.00172991823535962,12.35922166459741,30.2999794877581,76880.42864339877,85418.10955790241,6.505694540235965,298.0532081126443,95.98137077655035,1.580155015492696,4,NaN,23,NaN,1.254014932875337,0.1911757082289309,NaN,NaN,1.284922777902796,0,NaN,0,0,0,0,2
221,65,100,80,0,63.95431594945592,65.41673138522671,10.42864628109083,250,0.9,-0,0.001740124918336229,12.34842412335108,30.30742770344962,76953.02036789089,85500.13364710654,6.506249143066118,297.9486746486346,57.2556174209339,1.580441154960354,4,NaN,23,NaN,1.263922533837486,0.1910888643457991,NaN,NaN,1.285160327880074,0,NaN,0,0,0,0,2
221.2,65,100,80,0,61.98560881109879,19.62501941556801,150.6114305808379,250,0.9,-0,0.001725466707286229,12.35890972391655,30.31484154022686,77025.17945997055,85581.695585598,6.506470095786542,298.2232365088773,159.0662538833139,1.580718230935235,4,NaN,23,NaN,1.260827521288671,0.1911152836540805,NaN,NaN,1.285390355156268,0,NaN,0,0,0,0,2
221.4,65,100,80,0,59.9186205006153,113.2081615031969,15.06114305808379,250,0.9,-0,0.001723340452762366,12.34384358285694,30.32272971843468,77096.89423884156,85662.82584091647,6.504448079629623,298.0787296399164,105.4313748872608,1.580989234101252,4,NaN,23,NaN,1.270441572023247,0.1910310141532519,NaN,NaN,1.285615342445453,0,NaN,0,0,0,0,2
221.6,65,100,80,0,58.6667279104662,69.66544684276946,1.506114305808379,250,0.9,-0,0.001605814134191757,12.39677973031423,30.33012667383307,77168.40441569444,85743.58502143667,6.503958134220931,297.9463971601048,56.26944455639433,1.581216959212352,4,NaN,23,NaN,1.256373993391177,0.19115310160189,NaN,NaN,1.285804401468269,0,NaN,0,0,0,0,2
221.8,65,100,80,0,57.5986107913321,20.89963405283084,83.95904152509806,250,0.9,-0,0.001561435707574773,12.42734948333645,30.33722323657557,77239.69820140263,85824.05372103513,6.504469463893803,298.0584391033154,97.93188139598219,1.581402115481448,4,NaN,23,NaN,1.242687080984203,0.1912719192666523,NaN,NaN,1.285958120373037,0,NaN,0,0,0,0,2
222,65,100,80,0,56.32758024717617,58.53649156300872,8.395904152509805,250,0.9,-0,0.001573815833628505,12.42627611225221,30.34423668514641,77310.72984225192,85904.25915670523,6.504511967483511,297.9546140501982,59.28930499438219,1.581576943467063,4,NaN,23,NaN,1.242108731441398,0.1912766146139384,NaN,NaN,1.286103265307607,0,NaN,0,0,0,0,2
222.2,65,100,80,0,55.0442900969507,24.0680000378249,0.8395904152509805,250,0.9,-0,0.001534494697988646,12.4381810891262,30.35093952118734,77381.53503311904,85984.15967799406,6.505612334863911,297.8644888011858,25.71488834350989,1.581735454785468,4,NaN,23,NaN,1.24672549706039,0.1912361112184685,NaN,NaN,1.286234864470063,0,NaN,0,0,0,0,2
222.4,65,100,80,0,53.31588295786566,7.22040001134747,52.25155122510483,250,0.9,-0,0.001576695674844916,12.41162960486215,30.35821430745541,77451.99572351915,86063.77268736484,6.504584861389874,297.9143044365167,44.28966739124663,1.581895163077138,4,NaN,23,NaN,1.260878259974695,0.1911125563215933,NaN,NaN,1.286367457941535,0,NaN,0,0,0,0,2
222.6,65,100,80,0,52.00882969052835,2.166120003404241,0.0001,250,0.9,-0,0.001617282620817161,12.38951689582429,30.36594252633736,77522.19287987422,86143.17069222085,6.500171192559922,297.8422563011987,17.40063217617875,1.582071281157677,4,NaN,23,NaN,1.273368084137054,0.1910034192686312,NaN,NaN,1.286513675844676,0,NaN,0,0,0,0,2
222.8,65,100,80,0,52.47154158520499,0.6498360010212724,67.78320919178319,250,0.9,-0,0.001555180598995528,12.42452834840725,30.37286445129743,77592.47222429977,86222.54431189017,6.497136238989532,297.9351815504109,52.11261728225349,1.582230904507009,4,NaN,23,NaN,1.269824899592468,0.1910339760670103,NaN,NaN,1.286646199973452,0,NaN,0,0,0,0,2
223,65,100,80,0,54.13287689684741,0.1949508003063817,0.0001,250,0.9,-0,0.001532845974710846,12.45988921364183,30.37950947106526,77663.07323595627,86302.189165637,6.495021303104036,297.8648531214305,25.81777329699096,1.582363898497582,4,NaN,23,NaN,1.253649344964574,0.1911746011684388,NaN,NaN,1.286756616031582,0,NaN,0,0,0,0,2
223.2,65,100,80,0,56.641580793512,0.05848524009191451,71.55416751135975,250,0.9,-0,0.00157811058957777,12.46729773582908,30.38615464456971,77734.1635163653,86382.37242520433,6.494851590594545,297.9668181459861,63.9758404747745,1.582499367033678,4,NaN,23,NaN,1.246043172143903,0.1912405676561677,NaN,NaN,1.286869086939935,0,NaN,0,0,0,0,2
223.4,65,100,80,0,59.21473341789137,30.69587398274134,7.155416751135975,250,0.9,-0,0.001583230335153613,12.48031536899825,30.39294213230118,77805.75793916578,86463.06978967536,6.496746965780676,297.886396024211,33.85210662152225,1.582637884913906,4,NaN,23,NaN,1.242148084240163,0.1912742100696602,NaN,NaN,1.286984089941948,0,NaN,0,0,0,0,2
223.6,65,100,80,0,61.02918719498018,9.2087621948224,103.0345618119517,250,0.9,-0,0.001534101327795065,12.49873320010064,30.39934265447262,77877.69177816213,86544.04907333145,6.499160638467728,298.0554078408367,97.21720474438381,1.582761214528189,4,NaN,23,NaN,1.24548977360241,0.1912448770376192,NaN,NaN,1.287086483402125,0,NaN,0,0,0,0,2
223.8,65,100,80,0,61.88308016207095,63.86085575191261,10.30345618119517,250,0.9,-0,0.001531728266570641,12.52261112182774,30.40544004257993,77949.77725899949,86625.16354410911,6.501338687597197,297.9531382812282,58.83939466275225,1.582873153866,4,NaN,23,NaN,1.232115880799844,0.1913610820450457,NaN,NaN,1.287179420462697,0,NaN,0,0,0,0,2
224,65,100,80,0,61.86818487464623,29.3880630936667,1.030345618119517,250,0.9,-0,0.001504451410223407,12.53905762622292,30.41134502468792,78021.89026811917,86706.25489813986,6.505103243714085,297.8609094363424,24.19752136487692,1.582970195812361,4,634.4679570648326,23,1945.812460131648,1.22963032132355,0.1913825268833316,30.38615464456971,21.86106597594712,1.287259989263431,0,67.72414768803533,0,0,0,0,2
